Datetime,Open,High,Low,Close,Volume,Dividends,Stock Splits
2024-02-15 09:00:00+08:00,10.050000190734863,10.050000190734863,10.050000190734863,10.050000190734863,0,0.0,0.0
2024-02-15 09:05:00+08:00,10.050000190734863,10.050000190734863,10.0,10.050000190734863,114620,0.0,0.0
2024-02-15 09:10:00+08:00,10.050000190734863,10.050000190734863,10.0,10.0,35120,0.0,0.0
2024-02-15 09:15:00+08:00,10.0,10.050000190734863,10.0,10.050000190734863,44248,0.0,0.0
2024-02-15 09:20:00+08:00,10.050000190734863,10.050000190734863,10.050000190734863,10.050000190734863,17120,0.0,0.0
2024-02-15 09:25:00+08:00,10.0,10.050000190734863,10.0,10.050000190734863,33129,0.0,0.0
2024-02-15 09:30:00+08:00,10.0,10.050000190734863,10.0,10.050000190734863,22000,0.0,0.0
2024-02-15 09:35:00+08:00,10.050000190734863,10.050000190734863,10.0,10.050000190734863,31450,0.0,0.0
2024-02-15 09:40:00+08:00,10.050000190734863,10.050000190734863,10.050000190734863,10.050000190734863,2416,0.0,0.0
2024-02-15 09:45:00+08:00,10.050000190734863,10.050000190734863,10.050000190734863,10.050000190734863,5125,0.0,0.0
2024-02-15 09:50:00+08:00,10.050000190734863,10.050000190734863,10.0,10.050000190734863,394100,0.0,0.0
2024-02-15 09:55:00+08:00,10.050000190734863,10.050000190734863,10.0,10.050000190734863,9830,0.0,0.0
2024-02-15 10:00:00+08:00,10.0,10.0,10.0,10.0,7000,0.0,0.0
2024-02-15 10:05:00+08:00,10.0,10.050000190734863,10.0,10.050000190734863,3400,0.0,0.0
2024-02-15 10:15:00+08:00,10.0,10.050000190734863,10.0,10.050000190734863,31049,0.0,0.0
2024-02-15 10:20:00+08:00,10.050000190734863,10.050000190734863,10.0,10.050000190734863,23000,0.0,0.0
2024-02-15 10:25:00+08:00,10.0,10.050000190734863,10.0,10.0,10500,0.0,0.0
2024-02-15 10:30:00+08:00,10.050000190734863,10.050000190734863,10.050000190734863,10.050000190734863,2003,0.0,0.0
2024-02-15 10:35:00+08:00,10.050000190734863,10.050000190734863,10.050000190734863,10.050000190734863,1000,0.0,0.0
2024-02-15 10:40:00+08:00,10.0,10.050000190734863,10.0,10.050000190734863,12699,0.0,0.0
2024-02-15 10:55:00+08:00,10.0,10.0,10.0,10.0,6000,0.0,0.0
2024-02-15 11:00:00+08:00,10.0,10.050000190734863,10.0,10.050000190734863,14018,0.0,0.0
2024-02-15 11:05:00+08:00,10.0,10.050000190734863,10.0,10.050000190734863,28020,0.0,0.0
2024-02-15 11:10:00+08:00,10.050000190734863,10.050000190734863,10.0,10.050000190734863,17600,0.0,0.0
2024-02-15 11:15:00+08:00,10.0,10.050000190734863,10.0,10.050000190734863,12170,0.0,0.0
2024-02-15 11:20:00+08:00,10.0,10.050000190734863,10.0,10.050000190734863,13045,0.0,0.0
2024-02-15 11:25:00+08:00,10.050000190734863,10.050000190734863,10.050000190734863,10.050000190734863,7000,0.0,0.0
2024-02-15 11:30:00+08:00,10.050000190734863,10.050000190734863,10.0,10.050000190734863,13050,0.0,0.0
2024-02-15 11:35:00+08:00,10.050000190734863,10.050000190734863,10.0,10.050000190734863,58000,0.0,0.0
2024-02-15 11:40:00+08:00,10.050000190734863,10.050000190734863,10.0,10.050000190734863,33399,0.0,0.0
2024-02-15 11:45:00+08:00,10.050000190734863,10.050000190734863,10.0,10.050000190734863,10080,0.0,0.0
2024-02-15 11:50:00+08:00,10.050000190734863,10.050000190734863,10.0,10.050000190734863,12104,0.0,0.0
2024-02-15 11:55:00+08:00,10.050000190734863,10.100000381469728,10.0,10.100000381469728,313830,0.0,0.0
2024-02-15 12:00:00+08:00,10.100000381469728,10.100000381469728,10.100000381469728,10.100000381469728,13459,0.0,0.0
2024-02-15 12:05:00+08:00,10.100000381469728,10.100000381469728,10.100000381469728,10.100000381469728,11190,0.0,0.0
2024-02-15 12:10:00+08:00,10.100000381469728,10.100000381469728,10.100000381469728,10.100000381469728,9000,0.0,0.0
2024-02-15 12:15:00+08:00,10.100000381469728,10.100000381469728,10.050000190734863,10.050000190734863,9020,0.0,0.0
2024-02-15 12:20:00+08:00,10.100000381469728,10.100000381469728,10.100000381469728,10.100000381469728,16395,0.0,0.0
2024-02-15 12:25:00+08:00,10.100000381469728,10.100000381469728,10.100000381469728,10.100000381469728,14025,0.0,0.0
2024-02-15 12:30:00+08:00,10.100000381469728,10.100000381469728,10.050000190734863,10.100000381469728,12100,0.0,0.0
2024-02-15 12:35:00+08:00,10.100000381469728,10.100000381469728,10.050000190734863,10.100000381469728,20230,0.0,0.0
2024-02-15 12:40:00+08:00,10.100000381469728,10.100000381469728,10.050000190734863,10.050000190734863,15645,0.0,0.0
2024-02-15 12:45:00+08:00,10.100000381469728,10.100000381469728,10.100000381469728,10.100000381469728,19069,0.0,0.0
2024-02-15 12:50:00+08:00,10.050000190734863,10.100000381469728,10.050000190734863,10.100000381469728,17600,0.0,0.0
2024-02-15 12:55:00+08:00,10.100000381469728,10.100000381469728,10.100000381469728,10.100000381469728,17000,0.0,0.0
2024-02-15 13:00:00+08:00,10.100000381469728,10.100000381469728,10.100000381469728,10.100000381469728,12062,0.0,0.0
2024-02-15 13:05:00+08:00,10.100000381469728,10.100000381469728,10.050000190734863,10.100000381469728,20747,0.0,0.0
2024-02-15 13:10:00+08:00,10.050000190734863,10.100000381469728,10.050000190734863,10.050000190734863,22000,0.0,0.0
2024-02-15 13:15:00+08:00,10.100000381469728,10.100000381469728,10.100000381469728,10.100000381469728,24290,0.0,0.0
2024-02-15 13:20:00+08:00,10.100000381469728,10.149999618530272,10.050000190734863,10.149999618530272,180080,0.0,0.0
2024-02-16 09:00:00+08:00,10.199999809265137,10.199999809265137,10.149999618530272,10.149999618530272,0,0.0,0.0
2024-02-16 09:05:00+08:00,10.199999809265137,10.199999809265137,10.149999618530272,10.149999618530272,47215,0.0,0.0
2024-02-16 09:10:00+08:00,10.149999618530272,10.199999809265137,10.149999618530272,10.199999809265137,31000,0.0,0.0
2024-02-16 09:15:00+08:00,10.199999809265137,10.199999809265137,10.199999809265137,10.199999809265137,168110,0.0,0.0
2024-02-16 09:20:00+08:00,10.199999809265137,10.199999809265137,10.149999618530272,10.149999618530272,16000,0.0,0.0
2024-02-16 09:25:00+08:00,10.149999618530272,10.149999618530272,10.149999618530272,10.149999618530272,39109,0.0,0.0
2024-02-16 09:30:00+08:00,10.149999618530272,10.199999809265137,10.149999618530272,10.149999618530272,34330,0.0,0.0
2024-02-16 09:35:00+08:00,10.149999618530272,10.149999618530272,10.149999618530272,10.149999618530272,9044,0.0,0.0
2024-02-16 09:40:00+08:00,10.149999618530272,10.149999618530272,10.100000381469728,10.149999618530272,189843,0.0,0.0
2024-02-16 09:45:00+08:00,10.050000190734863,10.100000381469728,10.050000190734863,10.100000381469728,271129,0.0,0.0
2024-02-16 09:50:00+08:00,10.100000381469728,10.100000381469728,10.100000381469728,10.100000381469728,2033,0.0,0.0
2024-02-16 09:55:00+08:00,10.100000381469728,10.100000381469728,10.100000381469728,10.100000381469728,3073,0.0,0.0
2024-02-16 10:00:00+08:00,10.100000381469728,10.149999618530272,10.100000381469728,10.149999618530272,92236,0.0,0.0
2024-02-16 10:05:00+08:00,10.149999618530272,10.149999618530272,10.149999618530272,10.149999618530272,2360,0.0,0.0
2024-02-16 10:10:00+08:00,10.149999618530272,10.149999618530272,10.149999618530272,10.149999618530272,5315,0.0,0.0
2024-02-16 10:20:00+08:00,10.100000381469728,10.100000381469728,10.100000381469728,10.100000381469728,1103,0.0,0.0
2024-02-16 10:25:00+08:00,10.100000381469728,10.100000381469728,10.100000381469728,10.100000381469728,28000,0.0,0.0
2024-02-16 10:30:00+08:00,10.149999618530272,10.149999618530272,10.149999618530272,10.149999618530272,5646,0.0,0.0
2024-02-16 10:45:00+08:00,10.149999618530272,10.149999618530272,10.100000381469728,10.100000381469728,3084,0.0,0.0
2024-02-16 10:50:00+08:00,10.149999618530272,10.149999618530272,10.149999618530272,10.149999618530272,2126,0.0,0.0
2024-02-16 10:55:00+08:00,10.100000381469728,10.149999618530272,10.100000381469728,10.149999618530272,8000,0.0,0.0
2024-02-16 11:00:00+08:00,10.100000381469728,10.149999618530272,10.100000381469728,10.149999618530272,31128,0.0,0.0
2024-02-16 11:05:00+08:00,10.149999618530272,10.149999618530272,10.149999618530272,10.149999618530272,2362,0.0,0.0
2024-02-16 11:10:00+08:00,10.100000381469728,10.100000381469728,10.100000381469728,10.100000381469728,3000,0.0,0.0
2024-02-16 11:15:00+08:00,10.100000381469728,10.100000381469728,10.100000381469728,10.100000381469728,1400,0.0,0.0
2024-02-16 11:20:00+08:00,10.149999618530272,10.149999618530272,10.149999618530272,10.149999618530272,13271,0.0,0.0
2024-02-16 11:25:00+08:00,10.149999618530272,10.149999618530272,10.149999618530272,10.149999618530272,1010,0.0,0.0
2024-02-16 11:30:00+08:00,10.149999618530272,10.149999618530272,10.100000381469728,10.100000381469728,9000,0.0,0.0
2024-02-16 11:35:00+08:00,10.149999618530272,10.149999618530272,10.149999618530272,10.149999618530272,3000,0.0,0.0
2024-02-16 11:40:00+08:00,10.149999618530272,10.149999618530272,10.149999618530272,10.149999618530272,9000,0.0,0.0
2024-02-16 11:45:00+08:00,10.149999618530272,10.149999618530272,10.100000381469728,10.149999618530272,4050,0.0,0.0
2024-02-16 11:50:00+08:00,10.149999618530272,10.149999618530272,10.100000381469728,10.100000381469728,11329,0.0,0.0
2024-02-16 11:55:00+08:00,10.100000381469728,10.149999618530272,10.100000381469728,10.149999618530272,14200,0.0,0.0
2024-02-16 12:00:00+08:00,10.149999618530272,10.149999618530272,10.100000381469728,10.100000381469728,6000,0.0,0.0
2024-02-16 12:05:00+08:00,10.100000381469728,10.100000381469728,10.100000381469728,10.100000381469728,6050,0.0,0.0
2024-02-16 12:10:00+08:00,10.149999618530272,10.149999618530272,10.149999618530272,10.149999618530272,1050,0.0,0.0
2024-02-16 12:15:00+08:00,10.149999618530272,10.149999618530272,10.100000381469728,10.100000381469728,3254,0.0,0.0
2024-02-16 12:20:00+08:00,10.100000381469728,10.149999618530272,10.100000381469728,10.149999618530272,10080,0.0,0.0
2024-02-16 12:25:00+08:00,10.149999618530272,10.149999618530272,10.100000381469728,10.100000381469728,6000,0.0,0.0
2024-02-16 12:30:00+08:00,10.149999618530272,10.149999618530272,10.149999618530272,10.149999618530272,8200,0.0,0.0
2024-02-16 12:35:00+08:00,10.100000381469728,10.100000381469728,10.100000381469728,10.100000381469728,1000,0.0,0.0
2024-02-16 12:40:00+08:00,10.100000381469728,10.149999618530272,10.100000381469728,10.100000381469728,13000,0.0,0.0
2024-02-16 12:45:00+08:00,10.149999618530272,10.149999618530272,10.100000381469728,10.100000381469728,5199,0.0,0.0
2024-02-16 12:50:00+08:00,10.149999618530272,10.149999618530272,10.149999618530272,10.149999618530272,5059,0.0,0.0
2024-02-16 12:55:00+08:00,10.100000381469728,10.149999618530272,10.100000381469728,10.149999618530272,8196,0.0,0.0
2024-02-16 13:00:00+08:00,10.149999618530272,10.149999618530272,10.149999618530272,10.149999618530272,26010,0.0,0.0
2024-02-16 13:05:00+08:00,10.149999618530272,10.149999618530272,10.149999618530272,10.149999618530272,13000,0.0,0.0
2024-02-16 13:10:00+08:00,10.149999618530272,10.149999618530272,10.100000381469728,10.149999618530272,66000,0.0,0.0
2024-02-16 13:15:00+08:00,10.149999618530272,10.149999618530272,10.100000381469728,10.149999618530272,18150,0.0,0.0
2024-02-16 13:20:00+08:00,10.100000381469728,10.149999618530272,10.100000381469728,10.149999618530272,56219,0.0,0.0
2024-02-19 09:00:00+08:00,10.149999618530272,10.300000190734863,10.149999618530272,10.199999809265137,0,0.0,0.0
2024-02-19 09:05:00+08:00,10.199999809265137,10.199999809265137,10.199999809265137,10.199999809265137,23252,0.0,0.0
2024-02-19 09:10:00+08:00,10.199999809265137,10.25,10.199999809265137,10.25,15300,0.0,0.0
2024-02-19 09:15:00+08:00,10.199999809265137,10.25,10.149999618530272,10.25,67000,0.0,0.0
2024-02-19 09:20:00+08:00,10.199999809265137,10.25,10.199999809265137,10.199999809265137,26200,0.0,0.0
2024-02-19 09:25:00+08:00,10.199999809265137,10.199999809265137,10.199999809265137,10.199999809265137,135314,0.0,0.0
2024-02-19 09:30:00+08:00,10.199999809265137,10.25,10.149999618530272,10.199999809265137,24060,0.0,0.0
2024-02-19 09:35:00+08:00,10.199999809265137,10.25,10.199999809265137,10.25,3020,0.0,0.0
2024-02-19 09:40:00+08:00,10.25,10.25,10.199999809265137,10.199999809265137,20280,0.0,0.0
2024-02-19 09:45:00+08:00,10.199999809265137,10.25,10.199999809265137,10.25,17394,0.0,0.0
2024-02-19 09:50:00+08:00,10.199999809265137,10.199999809265137,10.199999809265137,10.199999809265137,20175,0.0,0.0
2024-02-19 09:55:00+08:00,10.25,10.25,10.199999809265137,10.199999809265137,11391,0.0,0.0
2024-02-19 10:00:00+08:00,10.199999809265137,10.25,10.199999809265137,10.25,25000,0.0,0.0
2024-02-19 10:05:00+08:00,10.199999809265137,10.199999809265137,10.199999809265137,10.199999809265137,4000,0.0,0.0
2024-02-19 10:10:00+08:00,10.25,10.25,10.25,10.25,5000,0.0,0.0
2024-02-19 10:15:00+08:00,10.25,10.350000381469728,10.25,10.350000381469728,779159,0.0,0.0
2024-02-19 10:20:00+08:00,10.350000381469728,10.350000381469728,10.300000190734863,10.350000381469728,37450,0.0,0.0
2024-02-19 10:25:00+08:00,10.350000381469728,10.350000381469728,10.300000190734863,10.300000190734863,16102,0.0,0.0
2024-02-19 10:30:00+08:00,10.300000190734863,10.300000190734863,10.300000190734863,10.300000190734863,118200,0.0,0.0
2024-02-19 10:35:00+08:00,10.300000190734863,10.300000190734863,10.300000190734863,10.300000190734863,44200,0.0,0.0
2024-02-19 10:40:00+08:00,10.300000190734863,10.300000190734863,10.300000190734863,10.300000190734863,12886,0.0,0.0
2024-02-19 10:45:00+08:00,10.300000190734863,10.300000190734863,10.300000190734863,10.300000190734863,56271,0.0,0.0
2024-02-19 10:50:00+08:00,10.300000190734863,10.300000190734863,10.300000190734863,10.300000190734863,41940,0.0,0.0
2024-02-19 10:55:00+08:00,10.300000190734863,10.300000190734863,10.300000190734863,10.300000190734863,24002,0.0,0.0
2024-02-19 11:00:00+08:00,10.300000190734863,10.300000190734863,10.25,10.300000190734863,35997,0.0,0.0
2024-02-19 11:05:00+08:00,10.25,10.300000190734863,10.25,10.300000190734863,61455,0.0,0.0
2024-02-19 11:10:00+08:00,10.300000190734863,10.399999618530272,10.300000190734863,10.350000381469728,341180,0.0,0.0
2024-02-19 11:15:00+08:00,10.399999618530272,10.399999618530272,10.350000381469728,10.399999618530272,38965,0.0,0.0
2024-02-19 11:20:00+08:00,10.399999618530272,10.399999618530272,10.350000381469728,10.399999618530272,72800,0.0,0.0
2024-02-19 11:25:00+08:00,10.350000381469728,10.399999618530272,10.350000381469728,10.399999618530272,40000,0.0,0.0
2024-02-19 11:30:00+08:00,10.399999618530272,10.399999618530272,10.350000381469728,10.350000381469728,15031,0.0,0.0
2024-02-19 11:35:00+08:00,10.350000381469728,10.399999618530272,10.350000381469728,10.399999618530272,99800,0.0,0.0
2024-02-19 11:40:00+08:00,10.399999618530272,10.399999618530272,10.350000381469728,10.399999618530272,166374,0.0,0.0
2024-02-19 11:45:00+08:00,10.399999618530272,10.399999618530272,10.399999618530272,10.399999618530272,19300,0.0,0.0
2024-02-19 11:50:00+08:00,10.350000381469728,10.399999618530272,10.350000381469728,10.350000381469728,67709,0.0,0.0
2024-02-19 11:55:00+08:00,10.399999618530272,10.399999618530272,10.399999618530272,10.399999618530272,17049,0.0,0.0
2024-02-19 12:00:00+08:00,10.399999618530272,10.399999618530272,10.350000381469728,10.350000381469728,10600,0.0,0.0
2024-02-19 12:05:00+08:00,10.399999618530272,10.399999618530272,10.350000381469728,10.350000381469728,20000,0.0,0.0
2024-02-19 12:10:00+08:00,10.350000381469728,10.350000381469728,10.350000381469728,10.350000381469728,4200,0.0,0.0
2024-02-19 12:15:00+08:00,10.399999618530272,10.399999618530272,10.350000381469728,10.350000381469728,17725,0.0,0.0
2024-02-19 12:20:00+08:00,10.350000381469728,10.399999618530272,10.350000381469728,10.399999618530272,16231,0.0,0.0
2024-02-19 12:25:00+08:00,10.350000381469728,10.399999618530272,10.350000381469728,10.399999618530272,40423,0.0,0.0
2024-02-19 12:30:00+08:00,10.399999618530272,10.399999618530272,10.350000381469728,10.350000381469728,10310,0.0,0.0
2024-02-19 12:35:00+08:00,10.350000381469728,10.350000381469728,10.350000381469728,10.350000381469728,16506,0.0,0.0
2024-02-19 12:40:00+08:00,10.399999618530272,10.399999618530272,10.399999618530272,10.399999618530272,3033,0.0,0.0
2024-02-19 12:45:00+08:00,10.350000381469728,10.399999618530272,10.350000381469728,10.399999618530272,17100,0.0,0.0
2024-02-19 12:50:00+08:00,10.399999618530272,10.399999618530272,10.399999618530272,10.399999618530272,59330,0.0,0.0
2024-02-19 12:55:00+08:00,10.399999618530272,10.399999618530272,10.350000381469728,10.399999618530272,42935,0.0,0.0
2024-02-19 13:00:00+08:00,10.399999618530272,10.399999618530272,10.350000381469728,10.350000381469728,31550,0.0,0.0
2024-02-19 13:05:00+08:00,10.399999618530272,10.449999809265137,10.399999618530272,10.399999618530272,213092,0.0,0.0
2024-02-19 13:10:00+08:00,10.399999618530272,10.399999618530272,10.399999618530272,10.399999618530272,27600,0.0,0.0
2024-02-19 13:15:00+08:00,10.399999618530272,10.399999618530272,10.350000381469728,10.350000381469728,27410,0.0,0.0
2024-02-19 13:20:00+08:00,10.399999618530272,10.399999618530272,10.350000381469728,10.350000381469728,11668,0.0,0.0
2024-02-20 09:00:00+08:00,10.399999618530272,10.399999618530272,10.399999618530272,10.399999618530272,0,0.0,0.0
2024-02-20 09:05:00+08:00,10.350000381469728,10.399999618530272,10.350000381469728,10.399999618530272,14000,0.0,0.0
2024-02-20 09:10:00+08:00,10.350000381469728,10.399999618530272,10.350000381469728,10.399999618530272,76460,0.0,0.0
2024-02-20 09:15:00+08:00,10.449999809265137,10.5,10.399999618530272,10.5,229252,0.0,0.0
2024-02-20 09:20:00+08:00,10.449999809265137,10.449999809265137,10.399999618530272,10.449999809265137,185100,0.0,0.0
2024-02-20 09:25:00+08:00,10.399999618530272,10.449999809265137,10.399999618530272,10.449999809265137,4050,0.0,0.0
2024-02-20 09:30:00+08:00,10.449999809265137,10.449999809265137,10.399999618530272,10.399999618530272,35000,0.0,0.0
2024-02-20 09:35:00+08:00,10.449999809265137,10.449999809265137,10.449999809265137,10.449999809265137,3045,0.0,0.0
2024-02-20 09:40:00+08:00,10.449999809265137,10.449999809265137,10.449999809265137,10.449999809265137,22084,0.0,0.0
2024-02-20 09:45:00+08:00,10.449999809265137,10.449999809265137,10.350000381469728,10.350000381469728,259413,0.0,0.0
2024-02-20 09:50:00+08:00,10.399999618530272,10.399999618530272,10.399999618530272,10.399999618530272,1150,0.0,0.0
2024-02-20 09:55:00+08:00,10.350000381469728,10.350000381469728,10.350000381469728,10.350000381469728,2200,0.0,0.0
2024-02-20 10:00:00+08:00,10.350000381469728,10.350000381469728,10.350000381469728,10.350000381469728,13050,0.0,0.0
2024-02-20 10:05:00+08:00,10.399999618530272,10.399999618530272,10.350000381469728,10.399999618530272,17000,0.0,0.0
2024-02-20 10:10:00+08:00,10.350000381469728,10.399999618530272,10.350000381469728,10.350000381469728,29080,0.0,0.0
2024-02-20 10:15:00+08:00,10.350000381469728,10.350000381469728,10.350000381469728,10.350000381469728,21000,0.0,0.0
2024-02-20 10:20:00+08:00,10.350000381469728,10.350000381469728,10.350000381469728,10.350000381469728,3436,0.0,0.0
2024-02-20 10:25:00+08:00,10.350000381469728,10.350000381469728,10.350000381469728,10.350000381469728,4216,0.0,0.0
2024-02-20 10:30:00+08:00,10.399999618530272,10.399999618530272,10.350000381469728,10.350000381469728,5000,0.0,0.0
2024-02-20 10:35:00+08:00,10.350000381469728,10.350000381469728,10.350000381469728,10.350000381469728,1080,0.0,0.0
2024-02-20 10:45:00+08:00,10.350000381469728,10.399999618530272,10.350000381469728,10.399999618530272,174000,0.0,0.0
2024-02-20 10:50:00+08:00,10.350000381469728,10.350000381469728,10.350000381469728,10.350000381469728,3500,0.0,0.0
2024-02-20 10:55:00+08:00,10.399999618530272,10.399999618530272,10.399999618530272,10.399999618530272,232177,0.0,0.0
2024-02-20 11:00:00+08:00,10.399999618530272,10.399999618530272,10.399999618530272,10.399999618530272,2000,0.0,0.0
2024-02-20 11:05:00+08:00,10.399999618530272,10.399999618530272,10.399999618530272,10.399999618530272,4689,0.0,0.0
2024-02-20 11:10:00+08:00,10.399999618530272,10.399999618530272,10.399999618530272,10.399999618530272,24222,0.0,0.0
2024-02-20 11:15:00+08:00,10.399999618530272,10.399999618530272,10.399999618530272,10.399999618530272,3211,0.0,0.0
2024-02-20 11:20:00+08:00,10.399999618530272,10.399999618530272,10.399999618530272,10.399999618530272,4256,0.0,0.0
2024-02-20 11:25:00+08:00,10.399999618530272,10.399999618530272,10.399999618530272,10.399999618530272,2052,0.0,0.0
2024-02-20 11:30:00+08:00,10.350000381469728,10.350000381469728,10.350000381469728,10.350000381469728,10000,0.0,0.0
2024-02-20 11:35:00+08:00,10.350000381469728,10.350000381469728,10.350000381469728,10.350000381469728,3279,0.0,0.0
2024-02-20 11:40:00+08:00,10.399999618530272,10.399999618530272,10.350000381469728,10.399999618530272,9409,0.0,0.0
2024-02-20 11:50:00+08:00,10.399999618530272,10.399999618530272,10.399999618530272,10.399999618530272,1120,0.0,0.0
2024-02-20 11:55:00+08:00,10.350000381469728,10.350000381469728,10.350000381469728,10.350000381469728,104209,0.0,0.0
2024-02-20 12:00:00+08:00,10.350000381469728,10.350000381469728,10.350000381469728,10.350000381469728,31149,0.0,0.0
2024-02-20 12:05:00+08:00,10.300000190734863,10.350000381469728,10.300000190734863,10.300000190734863,143040,0.0,0.0
2024-02-20 12:10:00+08:00,10.300000190734863,10.300000190734863,10.300000190734863,10.300000190734863,23700,0.0,0.0
2024-02-20 12:20:00+08:00,10.300000190734863,10.300000190734863,10.300000190734863,10.300000190734863,41200,0.0,0.0
2024-02-20 12:25:00+08:00,10.300000190734863,10.350000381469728,10.300000190734863,10.350000381469728,65214,0.0,0.0
2024-02-20 12:30:00+08:00,10.300000190734863,10.300000190734863,10.300000190734863,10.300000190734863,13200,0.0,0.0
2024-02-20 12:35:00+08:00,10.300000190734863,10.350000381469728,10.300000190734863,10.300000190734863,50179,0.0,0.0
2024-02-20 12:40:00+08:00,10.300000190734863,10.300000190734863,10.300000190734863,10.300000190734863,4102,0.0,0.0
2024-02-20 12:45:00+08:00,10.300000190734863,10.300000190734863,10.300000190734863,10.300000190734863,47110,0.0,0.0
2024-02-20 12:50:00+08:00,10.300000190734863,10.350000381469728,10.300000190734863,10.350000381469728,9118,0.0,0.0
2024-02-20 12:55:00+08:00,10.300000190734863,10.350000381469728,10.300000190734863,10.350000381469728,19833,0.0,0.0
2024-02-20 13:05:00+08:00,10.350000381469728,10.350000381469728,10.350000381469728,10.350000381469728,1100,0.0,0.0
2024-02-20 13:10:00+08:00,10.300000190734863,10.300000190734863,10.300000190734863,10.300000190734863,15200,0.0,0.0
2024-02-20 13:15:00+08:00,10.300000190734863,10.300000190734863,10.300000190734863,10.300000190734863,19000,0.0,0.0
2024-02-20 13:20:00+08:00,10.350000381469728,10.350000381469728,10.300000190734863,10.300000190734863,16000,0.0,0.0
2024-02-21 09:00:00+08:00,10.350000381469728,10.350000381469728,10.350000381469728,10.350000381469728,0,0.0,0.0
2024-02-21 09:05:00+08:00,10.350000381469728,10.350000381469728,10.350000381469728,10.350000381469728,64000,0.0,0.0
2024-02-21 09:10:00+08:00,10.350000381469728,10.350000381469728,10.350000381469728,10.350000381469728,98358,0.0,0.0
2024-02-21 09:15:00+08:00,10.350000381469728,10.399999618530272,10.350000381469728,10.350000381469728,17020,0.0,0.0
2024-02-21 09:20:00+08:00,10.399999618530272,10.399999618530272,10.399999618530272,10.399999618530272,246037,0.0,0.0
2024-02-21 09:25:00+08:00,10.399999618530272,10.399999618530272,10.399999618530272,10.399999618530272,38163,0.0,0.0
2024-02-21 09:30:00+08:00,10.399999618530272,10.399999618530272,10.350000381469728,10.399999618530272,7500,0.0,0.0
2024-02-21 09:35:00+08:00,10.399999618530272,10.399999618530272,10.399999618530272,10.399999618530272,2196,0.0,0.0
2024-02-21 09:40:00+08:00,10.399999618530272,10.399999618530272,10.399999618530272,10.399999618530272,7495,0.0,0.0
2024-02-21 09:45:00+08:00,10.399999618530272,10.399999618530272,10.399999618530272,10.399999618530272,3190,0.0,0.0
2024-02-21 09:50:00+08:00,10.399999618530272,10.399999618530272,10.350000381469728,10.350000381469728,4120,0.0,0.0
2024-02-21 09:55:00+08:00,10.350000381469728,10.399999618530272,10.350000381469728,10.399999618530272,71048,0.0,0.0
2024-02-21 10:00:00+08:00,10.399999618530272,10.399999618530272,10.399999618530272,10.399999618530272,2659,0.0,0.0
2024-02-21 10:05:00+08:00,10.350000381469728,10.399999618530272,10.350000381469728,10.399999618530272,5495,0.0,0.0
2024-02-21 10:10:00+08:00,10.350000381469728,10.399999618530272,10.350000381469728,10.350000381469728,122250,0.0,0.0
2024-02-21 10:15:00+08:00,10.350000381469728,10.399999618530272,10.300000190734863,10.399999618530272,69241,0.0,0.0
2024-02-21 10:20:00+08:00,10.350000381469728,10.350000381469728,10.350000381469728,10.350000381469728,7987,0.0,0.0
2024-02-21 10:25:00+08:00,10.350000381469728,10.350000381469728,10.350000381469728,10.350000381469728,26117,0.0,0.0
2024-02-21 10:30:00+08:00,10.350000381469728,10.350000381469728,10.300000190734863,10.300000190734863,119048,0.0,0.0
2024-02-21 10:35:00+08:00,10.300000190734863,10.300000190734863,10.300000190734863,10.300000190734863,29270,0.0,0.0
2024-02-21 10:40:00+08:00,10.350000381469728,10.350000381469728,10.350000381469728,10.350000381469728,22419,0.0,0.0
2024-02-21 10:45:00+08:00,10.350000381469728,10.350000381469728,10.350000381469728,10.350000381469728,14011,0.0,0.0
2024-02-21 10:50:00+08:00,10.350000381469728,10.399999618530272,10.350000381469728,10.350000381469728,25118,0.0,0.0
2024-02-21 10:55:00+08:00,10.300000190734863,10.300000190734863,10.300000190734863,10.300000190734863,7308,0.0,0.0
2024-02-21 11:00:00+08:00,10.350000381469728,10.350000381469728,10.350000381469728,10.350000381469728,42123,0.0,0.0
2024-02-21 11:05:00+08:00,10.350000381469728,10.350000381469728,10.350000381469728,10.350000381469728,8443,0.0,0.0
2024-02-21 11:10:00+08:00,10.350000381469728,10.350000381469728,10.350000381469728,10.350000381469728,3000,0.0,0.0
2024-02-21 11:15:00+08:00,10.350000381469728,10.350000381469728,10.350000381469728,10.350000381469728,9182,0.0,0.0
2024-02-21 11:20:00+08:00,10.350000381469728,10.350000381469728,10.350000381469728,10.350000381469728,29783,0.0,0.0
2024-02-21 11:25:00+08:00,10.350000381469728,10.350000381469728,10.350000381469728,10.350000381469728,12996,0.0,0.0
2024-02-21 11:30:00+08:00,10.300000190734863,10.350000381469728,10.300000190734863,10.350000381469728,0,0.0,0.0
2024-02-21 11:35:00+08:00,10.350000381469728,10.350000381469728,10.350000381469728,10.350000381469728,1257244,0.0,0.0
2024-02-21 11:40:00+08:00,10.350000381469728,10.350000381469728,10.350000381469728,10.350000381469728,2010,0.0,0.0
2024-02-21 11:45:00+08:00,10.350000381469728,10.350000381469728,10.300000190734863,10.300000190734863,20402,0.0,0.0
2024-02-21 11:50:00+08:00,10.350000381469728,10.350000381469728,10.350000381469728,10.350000381469728,8070,0.0,0.0
2024-02-21 11:55:00+08:00,10.350000381469728,10.350000381469728,10.350000381469728,10.350000381469728,29000,0.0,0.0
2024-02-21 12:00:00+08:00,10.350000381469728,10.350000381469728,10.300000190734863,10.300000190734863,46366,0.0,0.0
2024-02-21 12:10:00+08:00,10.350000381469728,10.350000381469728,10.350000381469728,10.350000381469728,12790,0.0,0.0
2024-02-21 12:15:00+08:00,10.350000381469728,10.350000381469728,10.350000381469728,10.350000381469728,1238,0.0,0.0
2024-02-21 12:20:00+08:00,10.350000381469728,10.350000381469728,10.350000381469728,10.350000381469728,18353,0.0,0.0
2024-02-21 12:25:00+08:00,10.350000381469728,10.350000381469728,10.350000381469728,10.350000381469728,43175,0.0,0.0
2024-02-21 12:30:00+08:00,10.350000381469728,10.350000381469728,10.350000381469728,10.350000381469728,51900,0.0,0.0
2024-02-21 12:35:00+08:00,10.350000381469728,10.350000381469728,10.350000381469728,10.350000381469728,25240,0.0,0.0
2024-02-21 12:40:00+08:00,10.350000381469728,10.350000381469728,10.350000381469728,10.350000381469728,46180,0.0,0.0
2024-02-21 12:45:00+08:00,10.350000381469728,10.350000381469728,10.350000381469728,10.350000381469728,2000,0.0,0.0
2024-02-21 12:50:00+08:00,10.300000190734863,10.350000381469728,10.300000190734863,10.350000381469728,3830,0.0,0.0
2024-02-21 12:55:00+08:00,10.350000381469728,10.350000381469728,10.350000381469728,10.350000381469728,41000,0.0,0.0
2024-02-21 13:00:00+08:00,10.399999618530272,10.399999618530272,10.350000381469728,10.399999618530272,12317,0.0,0.0
2024-02-21 13:05:00+08:00,10.300000190734863,10.399999618530272,10.300000190734863,10.399999618530272,29105,0.0,0.0
2024-02-21 13:10:00+08:00,10.350000381469728,10.399999618530272,10.350000381469728,10.399999618530272,35391,0.0,0.0
2024-02-21 13:15:00+08:00,10.399999618530272,10.399999618530272,10.350000381469728,10.350000381469728,25040,0.0,0.0
2024-02-21 13:20:00+08:00,10.399999618530272,10.399999618530272,10.300000190734863,10.399999618530272,65535,0.0,0.0
2024-02-22 09:00:00+08:00,10.350000381469728,10.350000381469728,10.300000190734863,10.350000381469728,17000,0.0,0.0
2024-02-22 09:05:00+08:00,10.300000190734863,10.350000381469728,10.25,10.350000381469728,87045,0.0,0.0
2024-02-22 09:15:00+08:00,10.300000190734863,10.300000190734863,10.300000190734863,10.300000190734863,2140,0.0,0.0
2024-02-22 09:20:00+08:00,10.300000190734863,10.300000190734863,10.300000190734863,10.300000190734863,6272,0.0,0.0
2024-02-22 09:25:00+08:00,10.300000190734863,10.300000190734863,10.300000190734863,10.300000190734863,18047,0.0,0.0
2024-02-22 09:30:00+08:00,10.300000190734863,10.300000190734863,10.300000190734863,10.300000190734863,22452,0.0,0.0
2024-02-22 09:35:00+08:00,10.300000190734863,10.300000190734863,10.300000190734863,10.300000190734863,10372,0.0,0.0
2024-02-22 09:40:00+08:00,10.300000190734863,10.300000190734863,10.300000190734863,10.300000190734863,17000,0.0,0.0
2024-02-22 09:45:00+08:00,10.300000190734863,10.300000190734863,10.300000190734863,10.300000190734863,9090,0.0,0.0
2024-02-22 09:50:00+08:00,10.300000190734863,10.300000190734863,10.300000190734863,10.300000190734863,2525,0.0,0.0
2024-02-22 10:00:00+08:00,10.25,10.25,10.25,10.25,65000,0.0,0.0
2024-02-22 10:05:00+08:00,10.25,10.25,10.25,10.25,78049,0.0,0.0
2024-02-22 10:10:00+08:00,10.25,10.25,10.25,10.25,11971,0.0,0.0
2024-02-22 10:20:00+08:00,10.25,10.25,10.25,10.25,6150,0.0,0.0
2024-02-22 10:25:00+08:00,10.25,10.25,10.25,10.25,13150,0.0,0.0
2024-02-22 10:30:00+08:00,10.25,10.25,10.25,10.25,3254,0.0,0.0
2024-02-22 10:40:00+08:00,10.25,10.25,10.25,10.25,52559,0.0,0.0
2024-02-22 10:45:00+08:00,10.25,10.25,10.199999809265137,10.199999809265137,61056,0.0,0.0
2024-02-22 10:50:00+08:00,10.199999809265137,10.25,10.199999809265137,10.25,12040,0.0,0.0
2024-02-22 10:55:00+08:00,10.25,10.25,10.25,10.25,7520,0.0,0.0
2024-02-22 11:00:00+08:00,10.25,10.25,10.25,10.25,11150,0.0,0.0
2024-02-22 11:05:00+08:00,10.25,10.25,10.25,10.25,1261,0.0,0.0
2024-02-22 11:10:00+08:00,10.25,10.25,10.25,10.25,11050,0.0,0.0
2024-02-22 11:15:00+08:00,10.25,10.25,10.25,10.25,25000,0.0,0.0
2024-02-22 11:20:00+08:00,10.25,10.25,10.199999809265137,10.199999809265137,4143,0.0,0.0
2024-02-22 11:35:00+08:00,10.25,10.300000190734863,10.25,10.300000190734863,73986,0.0,0.0
2024-02-22 11:45:00+08:00,10.300000190734863,10.300000190734863,10.25,10.25,2483,0.0,0.0
2024-02-22 11:50:00+08:00,10.25,10.25,10.25,10.25,2154,0.0,0.0
2024-02-22 11:55:00+08:00,10.25,10.25,10.25,10.25,2000,0.0,0.0
2024-02-22 12:00:00+08:00,10.25,10.25,10.199999809265137,10.25,34400,0.0,0.0
2024-02-22 12:05:00+08:00,10.300000190734863,10.300000190734863,10.300000190734863,10.300000190734863,1130,0.0,0.0
2024-02-22 12:10:00+08:00,10.25,10.25,10.199999809265137,10.199999809265137,12211,0.0,0.0
2024-02-22 12:15:00+08:00,10.25,10.25,10.199999809265137,10.199999809265137,24001,0.0,0.0
2024-02-22 12:20:00+08:00,10.199999809265137,10.25,10.199999809265137,10.25,48151,0.0,0.0
2024-02-22 12:25:00+08:00,10.25,10.25,10.25,10.25,22200,0.0,0.0
2024-02-22 12:30:00+08:00,10.25,10.25,10.25,10.25,4130,0.0,0.0
2024-02-22 12:35:00+08:00,10.25,10.25,10.25,10.25,5000,0.0,0.0
2024-02-22 12:40:00+08:00,10.25,10.25,10.25,10.25,13000,0.0,0.0
2024-02-22 12:45:00+08:00,10.25,10.25,10.25,10.25,10100,0.0,0.0
2024-02-22 12:50:00+08:00,10.199999809265137,10.199999809265137,10.199999809265137,10.199999809265137,11100,0.0,0.0
2024-02-22 12:55:00+08:00,10.199999809265137,10.25,10.199999809265137,10.25,4000,0.0,0.0
2024-02-22 13:00:00+08:00,10.25,10.25,10.199999809265137,10.199999809265137,14826,0.0,0.0
2024-02-22 13:05:00+08:00,10.25,10.25,10.25,10.25,10201,0.0,0.0
2024-02-22 13:10:00+08:00,10.25,10.25,10.199999809265137,10.25,5077,0.0,0.0
2024-02-22 13:15:00+08:00,10.25,10.25,10.25,10.25,13120,0.0,0.0
2024-02-22 13:20:00+08:00,10.25,10.25,10.199999809265137,10.199999809265137,52138,0.0,0.0
2024-02-23 09:00:00+08:00,10.399999618530272,10.399999618530272,10.300000190734863,10.300000190734863,0,0.0,0.0
2024-02-23 09:05:00+08:00,10.300000190734863,10.300000190734863,10.149999618530272,10.199999809265137,366509,0.0,0.0
2024-02-23 09:10:00+08:00,10.199999809265137,10.25,10.199999809265137,10.199999809265137,18974,0.0,0.0
2024-02-23 09:15:00+08:00,10.199999809265137,10.25,10.199999809265137,10.25,102040,0.0,0.0
2024-02-23 09:25:00+08:00,10.25,10.25,10.199999809265137,10.199999809265137,78160,0.0,0.0
2024-02-23 09:30:00+08:00,10.199999809265137,10.199999809265137,10.199999809265137,10.199999809265137,8320,0.0,0.0
2024-02-23 09:35:00+08:00,10.199999809265137,10.199999809265137,10.199999809265137,10.199999809265137,10000,0.0,0.0
2024-02-23 09:40:00+08:00,10.25,10.25,10.25,10.25,20287,0.0,0.0
2024-02-23 09:45:00+08:00,10.25,10.25,10.25,10.25,22030,0.0,0.0
2024-02-23 09:50:00+08:00,10.199999809265137,10.199999809265137,10.199999809265137,10.199999809265137,5083,0.0,0.0
2024-02-23 10:00:00+08:00,10.199999809265137,10.25,10.199999809265137,10.25,6100,0.0,0.0
2024-02-23 10:05:00+08:00,10.25,10.25,10.199999809265137,10.199999809265137,36240,0.0,0.0
2024-02-23 10:10:00+08:00,10.199999809265137,10.199999809265137,10.199999809265137,10.199999809265137,3000,0.0,0.0
2024-02-23 10:25:00+08:00,10.199999809265137,10.199999809265137,10.199999809265137,10.199999809265137,21048,0.0,0.0
2024-02-23 10:30:00+08:00,10.199999809265137,10.199999809265137,10.199999809265137,10.199999809265137,2225,0.0,0.0
2024-02-23 10:40:00+08:00,10.199999809265137,10.199999809265137,10.199999809265137,10.199999809265137,1000,0.0,0.0
2024-02-23 10:45:00+08:00,10.199999809265137,10.199999809265137,10.199999809265137,10.199999809265137,42120,0.0,0.0
2024-02-23 10:50:00+08:00,10.199999809265137,10.199999809265137,10.199999809265137,10.199999809265137,22480,0.0,0.0
2024-02-23 10:55:00+08:00,10.199999809265137,10.25,10.199999809265137,10.25,24000,0.0,0.0
2024-02-23 11:00:00+08:00,10.199999809265137,10.199999809265137,10.149999618530272,10.149999618530272,187017,0.0,0.0
2024-02-23 11:05:00+08:00,10.199999809265137,10.199999809265137,10.199999809265137,10.199999809265137,46447,0.0,0.0
2024-02-23 11:10:00+08:00,10.199999809265137,10.199999809265137,10.199999809265137,10.199999809265137,17000,0.0,0.0
2024-02-23 11:15:00+08:00,10.199999809265137,10.199999809265137,10.199999809265137,10.199999809265137,21198,0.0,0.0
2024-02-23 11:20:00+08:00,10.199999809265137,10.199999809265137,10.149999618530272,10.199999809265137,5499,0.0,0.0
2024-02-23 11:25:00+08:00,10.149999618530272,10.149999618530272,10.149999618530272,10.149999618530272,1150,0.0,0.0
2024-02-23 11:30:00+08:00,10.199999809265137,10.199999809265137,10.199999809265137,10.199999809265137,1000,0.0,0.0
2024-02-23 11:35:00+08:00,10.199999809265137,10.199999809265137,10.149999618530272,10.149999618530272,3053,0.0,0.0
2024-02-23 11:40:00+08:00,10.149999618530272,10.149999618530272,10.149999618530272,10.149999618530272,4000,0.0,0.0
2024-02-23 11:45:00+08:00,10.199999809265137,10.199999809265137,10.149999618530272,10.149999618530272,11090,0.0,0.0
2024-02-23 11:50:00+08:00,10.199999809265137,10.199999809265137,10.199999809265137,10.199999809265137,1000,0.0,0.0
2024-02-23 11:55:00+08:00,10.199999809265137,10.199999809265137,10.199999809265137,10.199999809265137,1111,0.0,0.0
2024-02-23 12:00:00+08:00,10.149999618530272,10.199999809265137,10.149999618530272,10.199999809265137,13289,0.0,0.0
2024-02-23 12:05:00+08:00,10.199999809265137,10.199999809265137,10.149999618530272,10.149999618530272,11236,0.0,0.0
2024-02-23 12:15:00+08:00,10.149999618530272,10.199999809265137,10.149999618530272,10.199999809265137,25632,0.0,0.0
2024-02-23 12:20:00+08:00,10.199999809265137,10.199999809265137,10.199999809265137,10.199999809265137,1088,0.0,0.0
2024-02-23 12:25:00+08:00,10.199999809265137,10.199999809265137,10.199999809265137,10.199999809265137,12809,0.0,0.0
2024-02-23 12:40:00+08:00,10.149999618530272,10.199999809265137,10.149999618530272,10.149999618530272,12067,0.0,0.0
2024-02-23 12:45:00+08:00,10.199999809265137,10.199999809265137,10.149999618530272,10.199999809265137,22432,0.0,0.0
2024-02-23 12:55:00+08:00,10.199999809265137,10.199999809265137,10.149999618530272,10.149999618530272,7898,0.0,0.0
2024-02-23 13:00:00+08:00,10.149999618530272,10.149999618530272,10.149999618530272,10.149999618530272,29381,0.0,0.0
2024-02-23 13:05:00+08:00,10.149999618530272,10.149999618530272,10.149999618530272,10.149999618530272,23960,0.0,0.0
2024-02-23 13:10:00+08:00,10.149999618530272,10.149999618530272,10.149999618530272,10.149999618530272,5940,0.0,0.0
2024-02-23 13:15:00+08:00,10.149999618530272,10.149999618530272,10.149999618530272,10.149999618530272,2000,0.0,0.0
2024-02-23 13:20:00+08:00,10.199999809265137,10.199999809265137,10.149999618530272,10.149999618530272,7470,0.0,0.0
2024-02-26 09:00:00+08:00,10.149999618530272,10.149999618530272,10.149999618530272,10.149999618530272,0,0.0,0.0
2024-02-26 09:10:00+08:00,10.199999809265137,10.199999809265137,10.149999618530272,10.149999618530272,7620,0.0,0.0
2024-02-26 09:20:00+08:00,10.199999809265137,10.199999809265137,10.199999809265137,10.199999809265137,3080,0.0,0.0
2024-02-26 09:30:00+08:00,10.149999618530272,10.149999618530272,10.149999618530272,10.149999618530272,44000,0.0,0.0
2024-02-26 09:35:00+08:00,10.149999618530272,10.149999618530272,10.149999618530272,10.149999618530272,51055,0.0,0.0
2024-02-26 09:40:00+08:00,10.149999618530272,10.149999618530272,10.149999618530272,10.149999618530272,35102,0.0,0.0
2024-02-26 09:45:00+08:00,10.149999618530272,10.149999618530272,10.149999618530272,10.149999618530272,4100,0.0,0.0
2024-02-26 09:50:00+08:00,10.149999618530272,10.149999618530272,10.149999618530272,10.149999618530272,18162,0.0,0.0
2024-02-26 09:55:00+08:00,10.149999618530272,10.149999618530272,10.100000381469728,10.149999618530272,27031,0.0,0.0
2024-02-26 10:00:00+08:00,10.149999618530272,10.149999618530272,10.100000381469728,10.100000381469728,18516,0.0,0.0
2024-02-26 10:05:00+08:00,10.149999618530272,10.149999618530272,10.149999618530272,10.149999618530272,35025,0.0,0.0
2024-02-26 10:10:00+08:00,10.149999618530272,10.149999618530272,10.149999618530272,10.149999618530272,3000,0.0,0.0
2024-02-26 10:15:00+08:00,10.149999618530272,10.149999618530272,10.149999618530272,10.149999618530272,3389,0.0,0.0
2024-02-26 10:20:00+08:00,10.149999618530272,10.149999618530272,10.149999618530272,10.149999618530272,3176,0.0,0.0
2024-02-26 10:25:00+08:00,10.149999618530272,10.149999618530272,10.149999618530272,10.149999618530272,4699,0.0,0.0
2024-02-26 10:30:00+08:00,10.149999618530272,10.149999618530272,10.100000381469728,10.100000381469728,8064,0.0,0.0
2024-02-26 10:35:00+08:00,10.149999618530272,10.149999618530272,10.100000381469728,10.100000381469728,2375,0.0,0.0
2024-02-26 10:40:00+08:00,10.149999618530272,10.149999618530272,10.149999618530272,10.149999618530272,20179,0.0,0.0
2024-02-26 10:45:00+08:00,10.149999618530272,10.149999618530272,10.149999618530272,10.149999618530272,15918,0.0,0.0
2024-02-26 10:50:00+08:00,10.100000381469728,10.100000381469728,10.100000381469728,10.100000381469728,2076,0.0,0.0
2024-02-26 11:00:00+08:00,10.100000381469728,10.100000381469728,10.100000381469728,10.100000381469728,6386,0.0,0.0
2024-02-26 11:05:00+08:00,10.149999618530272,10.149999618530272,10.100000381469728,10.100000381469728,44034,0.0,0.0
2024-02-26 11:10:00+08:00,10.100000381469728,10.149999618530272,10.100000381469728,10.100000381469728,9189,0.0,0.0
2024-02-26 11:15:00+08:00,10.100000381469728,10.100000381469728,10.100000381469728,10.100000381469728,1299,0.0,0.0
2024-02-26 11:20:00+08:00,10.100000381469728,10.100000381469728,10.100000381469728,10.100000381469728,5154,0.0,0.0
2024-02-26 11:25:00+08:00,10.100000381469728,10.149999618530272,10.100000381469728,10.149999618530272,9002,0.0,0.0
2024-02-26 11:30:00+08:00,10.149999618530272,10.149999618530272,10.149999618530272,10.149999618530272,115004,0.0,0.0
2024-02-26 11:35:00+08:00,10.149999618530272,10.149999618530272,10.149999618530272,10.149999618530272,2905,0.0,0.0
2024-02-26 11:40:00+08:00,10.149999618530272,10.149999618530272,10.149999618530272,10.149999618530272,20400,0.0,0.0
2024-02-26 11:50:00+08:00,10.149999618530272,10.149999618530272,10.149999618530272,10.149999618530272,2000,0.0,0.0
2024-02-26 11:55:00+08:00,10.149999618530272,10.149999618530272,10.149999618530272,10.149999618530272,3000,0.0,0.0
2024-02-26 12:00:00+08:00,10.149999618530272,10.149999618530272,10.100000381469728,10.100000381469728,22300,0.0,0.0
2024-02-26 12:05:00+08:00,10.149999618530272,10.149999618530272,10.149999618530272,10.149999618530272,1000,0.0,0.0
2024-02-26 12:10:00+08:00,10.149999618530272,10.149999618530272,10.149999618530272,10.149999618530272,26301,0.0,0.0
2024-02-26 12:20:00+08:00,10.149999618530272,10.149999618530272,10.149999618530272,10.149999618530272,13490,0.0,0.0
2024-02-26 12:25:00+08:00,10.149999618530272,10.149999618530272,10.149999618530272,10.149999618530272,14227,0.0,0.0
2024-02-26 12:30:00+08:00,10.149999618530272,10.149999618530272,10.149999618530272,10.149999618530272,1000,0.0,0.0
2024-02-26 12:35:00+08:00,10.149999618530272,10.149999618530272,10.100000381469728,10.149999618530272,24029,0.0,0.0
2024-02-26 12:40:00+08:00,10.100000381469728,10.149999618530272,10.100000381469728,10.149999618530272,11221,0.0,0.0
2024-02-26 12:45:00+08:00,10.100000381469728,10.100000381469728,10.100000381469728,10.100000381469728,3000,0.0,0.0
2024-02-26 12:50:00+08:00,10.149999618530272,10.149999618530272,10.100000381469728,10.100000381469728,8000,0.0,0.0
2024-02-26 12:55:00+08:00,10.149999618530272,10.149999618530272,10.149999618530272,10.149999618530272,5358,0.0,0.0
2024-02-26 13:00:00+08:00,10.149999618530272,10.149999618530272,10.149999618530272,10.149999618530272,12589,0.0,0.0
2024-02-26 13:05:00+08:00,10.100000381469728,10.149999618530272,10.100000381469728,10.149999618530272,11300,0.0,0.0
2024-02-26 13:10:00+08:00,10.149999618530272,10.149999618530272,10.100000381469728,10.149999618530272,10237,0.0,0.0
2024-02-26 13:15:00+08:00,10.149999618530272,10.149999618530272,10.100000381469728,10.149999618530272,42061,0.0,0.0
2024-02-26 13:20:00+08:00,10.149999618530272,10.199999809265137,10.149999618530272,10.149999618530272,33595,0.0,0.0
2024-02-27 09:00:00+08:00,10.199999809265137,10.199999809265137,10.149999618530272,10.149999618530272,0,0.0,0.0
2024-02-27 09:05:00+08:00,10.149999618530272,10.149999618530272,10.149999618530272,10.149999618530272,6984,0.0,0.0
2024-02-27 09:10:00+08:00,10.199999809265137,10.199999809265137,10.149999618530272,10.149999618530272,32515,0.0,0.0
2024-02-27 09:15:00+08:00,10.149999618530272,10.149999618530272,10.100000381469728,10.149999618530272,137951,0.0,0.0
2024-02-27 09:20:00+08:00,10.149999618530272,10.149999618530272,10.149999618530272,10.149999618530272,67000,0.0,0.0
2024-02-27 09:25:00+08:00,10.149999618530272,10.149999618530272,10.149999618530272,10.149999618530272,32356,0.0,0.0
2024-02-27 09:30:00+08:00,10.149999618530272,10.149999618530272,10.149999618530272,10.149999618530272,3050,0.0,0.0
2024-02-27 09:35:00+08:00,10.149999618530272,10.149999618530272,10.149999618530272,10.149999618530272,1675,0.0,0.0
2024-02-27 09:40:00+08:00,10.149999618530272,10.149999618530272,10.149999618530272,10.149999618530272,25000,0.0,0.0
2024-02-27 09:45:00+08:00,10.149999618530272,10.149999618530272,10.149999618530272,10.149999618530272,22184,0.0,0.0
2024-02-27 09:50:00+08:00,10.149999618530272,10.149999618530272,10.149999618530272,10.149999618530272,20010,0.0,0.0
2024-02-27 09:55:00+08:00,10.100000381469728,10.149999618530272,10.100000381469728,10.149999618530272,21434,0.0,0.0
2024-02-27 10:00:00+08:00,10.149999618530272,10.149999618530272,10.149999618530272,10.149999618530272,1000,0.0,0.0
2024-02-27 10:05:00+08:00,10.149999618530272,10.149999618530272,10.100000381469728,10.100000381469728,59202,0.0,0.0
2024-02-27 10:10:00+08:00,10.100000381469728,10.100000381469728,10.100000381469728,10.100000381469728,31755,0.0,0.0
2024-02-27 10:15:00+08:00,10.100000381469728,10.100000381469728,10.050000190734863,10.050000190734863,341041,0.0,0.0
2024-02-27 10:20:00+08:00,10.050000190734863,10.050000190734863,10.050000190734863,10.050000190734863,8182,0.0,0.0
2024-02-27 10:25:00+08:00,10.100000381469728,10.100000381469728,10.050000190734863,10.050000190734863,18150,0.0,0.0
2024-02-27 10:30:00+08:00,10.050000190734863,10.050000190734863,10.050000190734863,10.050000190734863,5100,0.0,0.0
2024-02-27 10:35:00+08:00,10.100000381469728,10.100000381469728,10.100000381469728,10.100000381469728,18000,0.0,0.0
2024-02-27 10:40:00+08:00,10.100000381469728,10.100000381469728,10.100000381469728,10.100000381469728,5073,0.0,0.0
2024-02-27 10:45:00+08:00,10.100000381469728,10.100000381469728,10.100000381469728,10.100000381469728,36831,0.0,0.0
2024-02-27 10:55:00+08:00,10.050000190734863,10.050000190734863,10.050000190734863,10.050000190734863,20000,0.0,0.0
2024-02-27 11:00:00+08:00,10.050000190734863,10.050000190734863,10.050000190734863,10.050000190734863,1240,0.0,0.0
2024-02-27 11:05:00+08:00,10.100000381469728,10.100000381469728,10.100000381469728,10.100000381469728,5010,0.0,0.0
2024-02-27 11:10:00+08:00,10.100000381469728,10.100000381469728,10.100000381469728,10.100000381469728,1104,0.0,0.0
2024-02-27 11:15:00+08:00,10.100000381469728,10.100000381469728,10.100000381469728,10.100000381469728,2000,0.0,0.0
2024-02-27 11:20:00+08:00,10.100000381469728,10.100000381469728,10.100000381469728,10.100000381469728,10289,0.0,0.0
2024-02-27 11:25:00+08:00,10.100000381469728,10.100000381469728,10.050000190734863,10.050000190734863,26029,0.0,0.0
2024-02-27 11:30:00+08:00,10.100000381469728,10.100000381469728,10.100000381469728,10.100000381469728,7251,0.0,0.0
2024-02-27 11:35:00+08:00,10.100000381469728,10.100000381469728,10.100000381469728,10.100000381469728,5010,0.0,0.0
2024-02-27 11:40:00+08:00,10.100000381469728,10.100000381469728,10.100000381469728,10.100000381469728,85001,0.0,0.0
2024-02-27 11:45:00+08:00,10.100000381469728,10.100000381469728,10.050000190734863,10.050000190734863,36000,0.0,0.0
2024-02-27 11:50:00+08:00,10.100000381469728,10.100000381469728,10.100000381469728,10.100000381469728,12494,0.0,0.0
2024-02-27 11:55:00+08:00,10.100000381469728,10.100000381469728,10.100000381469728,10.100000381469728,4113,0.0,0.0
2024-02-27 12:00:00+08:00,10.100000381469728,10.100000381469728,10.100000381469728,10.100000381469728,10003,0.0,0.0
2024-02-27 12:05:00+08:00,10.100000381469728,10.100000381469728,10.100000381469728,10.100000381469728,1300,0.0,0.0
2024-02-27 12:10:00+08:00,10.100000381469728,10.100000381469728,10.100000381469728,10.100000381469728,21000,0.0,0.0
2024-02-27 12:15:00+08:00,10.100000381469728,10.100000381469728,10.100000381469728,10.100000381469728,8020,0.0,0.0
2024-02-27 12:20:00+08:00,10.100000381469728,10.100000381469728,10.050000190734863,10.100000381469728,169207,0.0,0.0
2024-02-27 12:25:00+08:00,10.100000381469728,10.100000381469728,10.100000381469728,10.100000381469728,8491,0.0,0.0
2024-02-27 12:30:00+08:00,10.100000381469728,10.100000381469728,10.050000190734863,10.050000190734863,26000,0.0,0.0
2024-02-27 12:35:00+08:00,10.100000381469728,10.100000381469728,10.100000381469728,10.100000381469728,4564,0.0,0.0
2024-02-27 12:40:00+08:00,10.100000381469728,10.100000381469728,10.100000381469728,10.100000381469728,3210,0.0,0.0
2024-02-27 12:45:00+08:00,10.100000381469728,10.100000381469728,10.100000381469728,10.100000381469728,2060,0.0,0.0
2024-02-27 12:50:00+08:00,10.100000381469728,10.100000381469728,10.100000381469728,10.100000381469728,9277,0.0,0.0
2024-02-27 12:55:00+08:00,10.100000381469728,10.100000381469728,10.100000381469728,10.100000381469728,33000,0.0,0.0
2024-02-27 13:00:00+08:00,10.100000381469728,10.100000381469728,10.100000381469728,10.100000381469728,5350,0.0,0.0
2024-02-27 13:05:00+08:00,10.100000381469728,10.100000381469728,10.100000381469728,10.100000381469728,9337,0.0,0.0
2024-02-27 13:10:00+08:00,10.100000381469728,10.100000381469728,10.100000381469728,10.100000381469728,10092,0.0,0.0
2024-02-27 13:15:00+08:00,10.100000381469728,10.100000381469728,10.100000381469728,10.100000381469728,9340,0.0,0.0
2024-02-27 13:20:00+08:00,10.100000381469728,10.100000381469728,10.100000381469728,10.100000381469728,11100,0.0,0.0
2024-02-29 09:00:00+08:00,10.100000381469728,10.149999618530272,10.100000381469728,10.149999618530272,0,0.0,0.0
2024-02-29 09:10:00+08:00,10.100000381469728,10.149999618530272,10.100000381469728,10.149999618530272,13200,0.0,0.0
2024-02-29 09:15:00+08:00,10.100000381469728,10.149999618530272,10.100000381469728,10.149999618530272,20916,0.0,0.0
2024-02-29 09:20:00+08:00,10.100000381469728,10.149999618530272,10.050000190734863,10.149999618530272,80292,0.0,0.0
2024-02-29 09:25:00+08:00,10.100000381469728,10.149999618530272,10.100000381469728,10.149999618530272,58387,0.0,0.0
2024-02-29 09:30:00+08:00,10.100000381469728,10.149999618530272,10.100000381469728,10.149999618530272,13186,0.0,0.0
2024-02-29 09:35:00+08:00,10.149999618530272,10.149999618530272,10.100000381469728,10.100000381469728,9295,0.0,0.0
2024-02-29 09:45:00+08:00,10.100000381469728,10.149999618530272,10.100000381469728,10.100000381469728,14300,0.0,0.0
2024-02-29 10:00:00+08:00,10.100000381469728,10.149999618530272,10.100000381469728,10.149999618530272,8500,0.0,0.0
2024-02-29 10:05:00+08:00,10.100000381469728,10.149999618530272,10.100000381469728,10.149999618530272,6100,0.0,0.0
2024-02-29 10:10:00+08:00,10.149999618530272,10.149999618530272,10.149999618530272,10.149999618530272,8178,0.0,0.0
2024-02-29 10:25:00+08:00,10.100000381469728,10.149999618530272,10.100000381469728,10.100000381469728,23000,0.0,0.0
2024-02-29 10:30:00+08:00,10.100000381469728,10.100000381469728,10.100000381469728,10.100000381469728,4345,0.0,0.0
2024-02-29 10:35:00+08:00,10.149999618530272,10.149999618530272,10.149999618530272,10.149999618530272,22000,0.0,0.0
2024-02-29 10:40:00+08:00,10.100000381469728,10.149999618530272,10.100000381469728,10.149999618530272,6960,0.0,0.0
2024-02-29 10:50:00+08:00,10.100000381469728,10.100000381469728,10.100000381469728,10.100000381469728,2000,0.0,0.0
2024-02-29 10:55:00+08:00,10.149999618530272,10.149999618530272,10.100000381469728,10.100000381469728,2196,0.0,0.0
2024-02-29 11:05:00+08:00,10.100000381469728,10.149999618530272,10.100000381469728,10.149999618530272,9000,0.0,0.0
2024-02-29 11:10:00+08:00,10.100000381469728,10.199999809265137,10.100000381469728,10.199999809265137,314000,0.0,0.0
2024-02-29 11:15:00+08:00,10.149999618530272,10.199999809265137,10.100000381469728,10.149999618530272,51280,0.0,0.0
2024-02-29 11:20:00+08:00,10.149999618530272,10.149999618530272,10.149999618530272,10.149999618530272,8010,0.0,0.0
2024-02-29 11:25:00+08:00,10.100000381469728,10.199999809265137,10.100000381469728,10.149999618530272,5200,0.0,0.0
2024-02-29 11:30:00+08:00,10.149999618530272,10.149999618530272,10.100000381469728,10.149999618530272,4100,0.0,0.0
2024-02-29 11:35:00+08:00,10.100000381469728,10.100000381469728,10.100000381469728,10.100000381469728,1000,0.0,0.0
2024-02-29 11:40:00+08:00,10.149999618530272,10.149999618530272,10.100000381469728,10.149999618530272,7000,0.0,0.0
2024-02-29 11:45:00+08:00,10.100000381469728,10.149999618530272,10.100000381469728,10.149999618530272,7100,0.0,0.0
2024-02-29 11:50:00+08:00,10.100000381469728,10.149999618530272,10.100000381469728,10.149999618530272,12830,0.0,0.0
2024-02-29 12:05:00+08:00,10.149999618530272,10.149999618530272,10.149999618530272,10.149999618530272,3000,0.0,0.0
2024-02-29 12:10:00+08:00,10.100000381469728,10.149999618530272,10.100000381469728,10.149999618530272,6000,0.0,0.0
2024-02-29 12:15:00+08:00,10.149999618530272,10.149999618530272,10.149999618530272,10.149999618530272,1000,0.0,0.0
2024-02-29 12:20:00+08:00,10.100000381469728,10.149999618530272,10.100000381469728,10.149999618530272,23025,0.0,0.0
2024-02-29 12:30:00+08:00,10.100000381469728,10.100000381469728,10.100000381469728,10.100000381469728,2000,0.0,0.0
2024-02-29 12:35:00+08:00,10.100000381469728,10.149999618530272,10.100000381469728,10.149999618530272,6028,0.0,0.0
2024-02-29 12:45:00+08:00,10.100000381469728,10.149999618530272,10.100000381469728,10.149999618530272,225218,0.0,0.0
2024-02-29 12:50:00+08:00,10.100000381469728,10.149999618530272,10.100000381469728,10.149999618530272,6342,0.0,0.0
2024-02-29 12:55:00+08:00,10.100000381469728,10.149999618530272,10.100000381469728,10.149999618530272,7000,0.0,0.0
2024-02-29 13:00:00+08:00,10.100000381469728,10.149999618530272,10.100000381469728,10.149999618530272,22831,0.0,0.0
2024-02-29 13:05:00+08:00,10.149999618530272,10.149999618530272,10.149999618530272,10.149999618530272,15000,0.0,0.0
2024-02-29 13:10:00+08:00,10.100000381469728,10.149999618530272,10.100000381469728,10.149999618530272,26000,0.0,0.0
2024-02-29 13:15:00+08:00,10.149999618530272,10.149999618530272,10.149999618530272,10.149999618530272,5010,0.0,0.0
2024-02-29 13:20:00+08:00,10.149999618530272,10.149999618530272,10.100000381469728,10.100000381469728,9560,0.0,0.0
2024-03-01 09:00:00+08:00,10.100000381469728,10.149999618530272,10.100000381469728,10.149999618530272,0,0.0,0.0
2024-03-01 09:05:00+08:00,10.149999618530272,10.149999618530272,10.149999618530272,10.149999618530272,41250,0.0,0.0
2024-03-01 09:10:00+08:00,10.149999618530272,10.149999618530272,10.149999618530272,10.149999618530272,5300,0.0,0.0
2024-03-01 09:15:00+08:00,10.149999618530272,10.149999618530272,10.149999618530272,10.149999618530272,2059,0.0,0.0
2024-03-01 09:20:00+08:00,10.100000381469728,10.100000381469728,10.100000381469728,10.100000381469728,42020,0.0,0.0
2024-03-01 09:25:00+08:00,10.100000381469728,10.100000381469728,10.100000381469728,10.100000381469728,206270,0.0,0.0
2024-03-01 09:30:00+08:00,10.100000381469728,10.100000381469728,10.100000381469728,10.100000381469728,73264,0.0,0.0
2024-03-01 09:35:00+08:00,10.100000381469728,10.149999618530272,10.100000381469728,10.149999618530272,24300,0.0,0.0
2024-03-01 09:40:00+08:00,10.149999618530272,10.149999618530272,10.149999618530272,10.149999618530272,3213,0.0,0.0
2024-03-01 09:50:00+08:00,10.100000381469728,10.100000381469728,10.100000381469728,10.100000381469728,1500,0.0,0.0
2024-03-01 09:55:00+08:00,10.149999618530272,10.149999618530272,10.149999618530272,10.149999618530272,82102,0.0,0.0
2024-03-01 10:00:00+08:00,10.100000381469728,10.149999618530272,10.100000381469728,10.100000381469728,285692,0.0,0.0
2024-03-01 10:05:00+08:00,10.100000381469728,10.149999618530272,10.100000381469728,10.149999618530272,21543,0.0,0.0
2024-03-01 10:10:00+08:00,10.149999618530272,10.149999618530272,10.149999618530272,10.149999618530272,8100,0.0,0.0
2024-03-01 10:15:00+08:00,10.100000381469728,10.100000381469728,10.100000381469728,10.100000381469728,2410,0.0,0.0
2024-03-01 10:35:00+08:00,10.149999618530272,10.149999618530272,10.149999618530272,10.149999618530272,20010,0.0,0.0
2024-03-01 10:40:00+08:00,10.149999618530272,10.149999618530272,10.149999618530272,10.149999618530272,11520,0.0,0.0
2024-03-01 10:50:00+08:00,10.149999618530272,10.149999618530272,10.149999618530272,10.149999618530272,10030,0.0,0.0
2024-03-01 10:55:00+08:00,10.149999618530272,10.149999618530272,10.149999618530272,10.149999618530272,5000,0.0,0.0
2024-03-01 11:00:00+08:00,10.100000381469728,10.100000381469728,10.100000381469728,10.100000381469728,41180,0.0,0.0
2024-03-01 11:10:00+08:00,10.100000381469728,10.100000381469728,10.100000381469728,10.100000381469728,115842,0.0,0.0
2024-03-01 11:15:00+08:00,10.100000381469728,10.100000381469728,10.100000381469728,10.100000381469728,5001,0.0,0.0
2024-03-01 11:20:00+08:00,10.149999618530272,10.149999618530272,10.149999618530272,10.149999618530272,1099,0.0,0.0
2024-03-01 11:25:00+08:00,10.100000381469728,10.100000381469728,10.100000381469728,10.100000381469728,15000,0.0,0.0
2024-03-01 11:30:00+08:00,10.100000381469728,10.100000381469728,10.100000381469728,10.100000381469728,18400,0.0,0.0
2024-03-01 11:35:00+08:00,10.149999618530272,10.149999618530272,10.149999618530272,10.149999618530272,4259,0.0,0.0
2024-03-01 11:40:00+08:00,10.149999618530272,10.149999618530272,10.100000381469728,10.100000381469728,8000,0.0,0.0
2024-03-01 11:55:00+08:00,10.050000190734863,10.149999618530272,10.050000190734863,10.100000381469728,10246,0.0,0.0
2024-03-01 12:00:00+08:00,10.050000190734863,10.149999618530272,10.050000190734863,10.100000381469728,11020,0.0,0.0
2024-03-01 12:05:00+08:00,10.149999618530272,10.149999618530272,10.100000381469728,10.100000381469728,5153,0.0,0.0
2024-03-01 12:10:00+08:00,10.100000381469728,10.100000381469728,10.100000381469728,10.100000381469728,1400,0.0,0.0
2024-03-01 12:15:00+08:00,10.149999618530272,10.149999618530272,10.149999618530272,10.149999618530272,4166,0.0,0.0
2024-03-01 12:20:00+08:00,10.149999618530272,10.149999618530272,10.149999618530272,10.149999618530272,3313,0.0,0.0
2024-03-01 12:25:00+08:00,10.100000381469728,10.100000381469728,10.100000381469728,10.100000381469728,2215,0.0,0.0
2024-03-01 12:30:00+08:00,10.100000381469728,10.100000381469728,10.100000381469728,10.100000381469728,2350,0.0,0.0
2024-03-01 12:35:00+08:00,10.100000381469728,10.100000381469728,10.100000381469728,10.100000381469728,2050,0.0,0.0
2024-03-01 12:40:00+08:00,10.050000190734863,10.100000381469728,10.050000190734863,10.100000381469728,11040,0.0,0.0
2024-03-01 12:45:00+08:00,10.050000190734863,10.100000381469728,10.050000190734863,10.100000381469728,7000,0.0,0.0
2024-03-01 12:50:00+08:00,10.100000381469728,10.100000381469728,10.100000381469728,10.100000381469728,13050,0.0,0.0
2024-03-01 12:55:00+08:00,10.050000190734863,10.100000381469728,10.050000190734863,10.100000381469728,22050,0.0,0.0
2024-03-01 13:00:00+08:00,10.100000381469728,10.100000381469728,10.050000190734863,10.100000381469728,20605,0.0,0.0
2024-03-01 13:05:00+08:00,10.100000381469728,10.100000381469728,10.100000381469728,10.100000381469728,39000,0.0,0.0
2024-03-01 13:10:00+08:00,10.100000381469728,10.100000381469728,10.100000381469728,10.100000381469728,23000,0.0,0.0
2024-03-01 13:15:00+08:00,10.149999618530272,10.149999618530272,10.149999618530272,10.149999618530272,68150,0.0,0.0
2024-03-01 13:20:00+08:00,10.149999618530272,10.149999618530272,10.100000381469728,10.100000381469728,49208,0.0,0.0
2024-03-04 09:00:00+08:00,10.100000381469728,10.100000381469728,10.100000381469728,10.100000381469728,0,0.0,0.0
2024-03-04 09:05:00+08:00,10.050000190734863,10.100000381469728,10.050000190734863,10.050000190734863,89617,0.0,0.0
2024-03-04 09:10:00+08:00,10.050000190734863,10.100000381469728,10.050000190734863,10.100000381469728,27300,0.0,0.0
2024-03-04 09:15:00+08:00,10.100000381469728,10.100000381469728,10.050000190734863,10.050000190734863,17316,0.0,0.0
2024-03-04 09:20:00+08:00,10.100000381469728,10.100000381469728,10.050000190734863,10.050000190734863,8229,0.0,0.0
2024-03-04 09:25:00+08:00,10.050000190734863,10.050000190734863,10.050000190734863,10.050000190734863,12544,0.0,0.0
2024-03-04 09:30:00+08:00,10.050000190734863,10.050000190734863,10.050000190734863,10.050000190734863,4160,0.0,0.0
2024-03-04 09:35:00+08:00,10.100000381469728,10.100000381469728,10.100000381469728,10.100000381469728,4480,0.0,0.0
2024-03-04 09:40:00+08:00,10.100000381469728,10.100000381469728,10.100000381469728,10.100000381469728,12650,0.0,0.0
2024-03-04 09:45:00+08:00,10.050000190734863,10.050000190734863,10.050000190734863,10.050000190734863,27136,0.0,0.0
2024-03-04 09:50:00+08:00,10.100000381469728,10.100000381469728,10.050000190734863,10.100000381469728,14004,0.0,0.0
2024-03-04 09:55:00+08:00,10.100000381469728,10.100000381469728,10.100000381469728,10.100000381469728,16470,0.0,0.0
2024-03-04 10:00:00+08:00,10.100000381469728,10.100000381469728,10.100000381469728,10.100000381469728,2100,0.0,0.0
2024-03-04 10:05:00+08:00,10.050000190734863,10.100000381469728,10.050000190734863,10.100000381469728,5023,0.0,0.0
2024-03-04 10:10:00+08:00,10.050000190734863,10.100000381469728,10.050000190734863,10.100000381469728,70180,0.0,0.0
2024-03-04 10:20:00+08:00,10.100000381469728,10.100000381469728,10.050000190734863,10.050000190734863,250610,0.0,0.0
2024-03-04 10:25:00+08:00,10.050000190734863,10.050000190734863,10.050000190734863,10.050000190734863,178012,0.0,0.0
2024-03-04 10:30:00+08:00,10.050000190734863,10.100000381469728,10.050000190734863,10.100000381469728,12350,0.0,0.0
2024-03-04 10:35:00+08:00,10.100000381469728,10.100000381469728,10.100000381469728,10.100000381469728,2800,0.0,0.0
2024-03-04 10:40:00+08:00,10.100000381469728,10.100000381469728,10.100000381469728,10.100000381469728,2160,0.0,0.0
2024-03-04 10:45:00+08:00,10.100000381469728,10.100000381469728,10.050000190734863,10.100000381469728,19000,0.0,0.0
2024-03-04 10:50:00+08:00,10.050000190734863,10.050000190734863,10.050000190734863,10.050000190734863,1220,0.0,0.0
2024-03-04 10:55:00+08:00,10.050000190734863,10.100000381469728,10.050000190734863,10.100000381469728,16246,0.0,0.0
2024-03-04 11:00:00+08:00,10.100000381469728,10.100000381469728,10.100000381469728,10.100000381469728,5025,0.0,0.0
2024-03-04 11:05:00+08:00,10.050000190734863,10.100000381469728,10.050000190734863,10.050000190734863,16134,0.0,0.0
2024-03-04 11:10:00+08:00,10.050000190734863,10.050000190734863,10.050000190734863,10.050000190734863,7331,0.0,0.0
2024-03-04 11:15:00+08:00,10.050000190734863,10.050000190734863,10.050000190734863,10.050000190734863,5619,0.0,0.0
2024-03-04 11:25:00+08:00,10.050000190734863,10.050000190734863,10.050000190734863,10.050000190734863,1206,0.0,0.0
2024-03-04 11:30:00+08:00,10.050000190734863,10.100000381469728,10.050000190734863,10.100000381469728,16472,0.0,0.0
2024-03-04 11:35:00+08:00,10.100000381469728,10.100000381469728,10.050000190734863,10.050000190734863,26040,0.0,0.0
2024-03-04 11:40:00+08:00,10.050000190734863,10.050000190734863,10.050000190734863,10.050000190734863,5100,0.0,0.0
2024-03-04 11:45:00+08:00,10.050000190734863,10.050000190734863,10.050000190734863,10.050000190734863,5119,0.0,0.0
2024-03-04 11:50:00+08:00,10.050000190734863,10.050000190734863,10.050000190734863,10.050000190734863,14211,0.0,0.0
2024-03-04 11:55:00+08:00,10.050000190734863,10.050000190734863,10.050000190734863,10.050000190734863,2591,0.0,0.0
2024-03-04 12:00:00+08:00,10.050000190734863,10.050000190734863,10.050000190734863,10.050000190734863,5000,0.0,0.0
2024-03-04 12:05:00+08:00,10.100000381469728,10.100000381469728,10.100000381469728,10.100000381469728,3492,0.0,0.0
2024-03-04 12:15:00+08:00,10.050000190734863,10.050000190734863,10.050000190734863,10.050000190734863,18416,0.0,0.0
2024-03-04 12:20:00+08:00,10.050000190734863,10.050000190734863,10.050000190734863,10.050000190734863,1200,0.0,0.0
2024-03-04 12:25:00+08:00,10.050000190734863,10.050000190734863,10.050000190734863,10.050000190734863,3109,0.0,0.0
2024-03-04 12:30:00+08:00,10.050000190734863,10.050000190734863,10.050000190734863,10.050000190734863,1290,0.0,0.0
2024-03-04 12:35:00+08:00,10.050000190734863,10.050000190734863,10.050000190734863,10.050000190734863,8162,0.0,0.0
2024-03-04 12:45:00+08:00,10.050000190734863,10.050000190734863,10.050000190734863,10.050000190734863,3000,0.0,0.0
2024-03-04 12:50:00+08:00,10.050000190734863,10.050000190734863,10.050000190734863,10.050000190734863,146752,0.0,0.0
2024-03-04 12:55:00+08:00,10.050000190734863,10.050000190734863,10.050000190734863,10.050000190734863,12023,0.0,0.0
2024-03-04 13:00:00+08:00,10.050000190734863,10.050000190734863,10.050000190734863,10.050000190734863,8157,0.0,0.0
2024-03-04 13:05:00+08:00,10.050000190734863,10.050000190734863,10.050000190734863,10.050000190734863,106240,0.0,0.0
2024-03-04 13:10:00+08:00,10.050000190734863,10.050000190734863,10.050000190734863,10.050000190734863,10362,0.0,0.0
2024-03-04 13:15:00+08:00,10.050000190734863,10.050000190734863,10.0,10.0,57966,0.0,0.0
2024-03-04 13:20:00+08:00,10.050000190734863,10.050000190734863,10.0,10.050000190734863,153674,0.0,0.0
2024-03-05 09:00:00+08:00,10.050000190734863,10.100000381469728,10.050000190734863,10.050000190734863,127000,0.0,0.0
2024-03-05 09:05:00+08:00,10.050000190734863,10.050000190734863,10.050000190734863,10.050000190734863,32380,0.0,0.0
2024-03-05 09:10:00+08:00,10.050000190734863,10.050000190734863,10.050000190734863,10.050000190734863,54325,0.0,0.0
2024-03-05 09:15:00+08:00,10.0,10.100000381469728,10.0,10.100000381469728,6600,0.0,0.0
2024-03-05 09:20:00+08:00,10.050000190734863,10.100000381469728,10.0,10.050000190734863,43065,0.0,0.0
2024-03-05 09:25:00+08:00,10.0,10.050000190734863,10.0,10.050000190734863,83120,0.0,0.0
2024-03-05 09:30:00+08:00,10.050000190734863,10.050000190734863,10.050000190734863,10.050000190734863,7010,0.0,0.0
2024-03-05 09:35:00+08:00,10.050000190734863,10.050000190734863,10.050000190734863,10.050000190734863,7009,0.0,0.0
2024-03-05 09:45:00+08:00,10.050000190734863,10.050000190734863,10.050000190734863,10.050000190734863,16069,0.0,0.0
2024-03-05 09:50:00+08:00,10.050000190734863,10.050000190734863,10.0,10.050000190734863,14215,0.0,0.0
2024-03-05 09:55:00+08:00,10.050000190734863,10.050000190734863,10.050000190734863,10.050000190734863,4268,0.0,0.0
2024-03-05 10:00:00+08:00,10.050000190734863,10.050000190734863,10.050000190734863,10.050000190734863,2168,0.0,0.0
2024-03-05 10:10:00+08:00,10.0,10.050000190734863,10.0,10.050000190734863,5120,0.0,0.0
2024-03-05 10:15:00+08:00,10.050000190734863,10.050000190734863,10.0,10.0,27348,0.0,0.0
2024-03-05 10:20:00+08:00,10.050000190734863,10.050000190734863,10.0,10.0,9328,0.0,0.0
2024-03-05 10:25:00+08:00,10.050000190734863,10.050000190734863,10.050000190734863,10.050000190734863,2100,0.0,0.0
2024-03-05 10:30:00+08:00,10.050000190734863,10.050000190734863,10.0,10.0,16079,0.0,0.0
2024-03-05 10:35:00+08:00,10.050000190734863,10.050000190734863,10.0,10.0,11230,0.0,0.0
2024-03-05 10:40:00+08:00,10.0,10.050000190734863,10.0,10.050000190734863,23760,0.0,0.0
2024-03-05 10:45:00+08:00,10.050000190734863,10.050000190734863,10.050000190734863,10.050000190734863,1000,0.0,0.0
2024-03-05 10:50:00+08:00,10.0,10.0,10.0,10.0,54439,0.0,0.0
2024-03-05 10:55:00+08:00,10.050000190734863,10.149999618530272,10.050000190734863,10.149999618530272,590709,0.0,0.0
2024-03-05 11:00:00+08:00,10.149999618530272,10.149999618530272,10.100000381469728,10.100000381469728,140040,0.0,0.0
2024-03-05 11:05:00+08:00,10.149999618530272,10.149999618530272,10.149999618530272,10.149999618530272,51080,0.0,0.0
2024-03-05 11:10:00+08:00,10.149999618530272,10.149999618530272,10.149999618530272,10.149999618530272,70150,0.0,0.0
2024-03-05 11:15:00+08:00,10.149999618530272,10.149999618530272,10.149999618530272,10.149999618530272,79200,0.0,0.0
2024-03-05 11:20:00+08:00,10.149999618530272,10.149999618530272,10.149999618530272,10.149999618530272,122731,0.0,0.0
2024-03-05 11:25:00+08:00,10.149999618530272,10.149999618530272,10.100000381469728,10.100000381469728,50368,0.0,0.0
2024-03-05 11:30:00+08:00,10.100000381469728,10.100000381469728,10.050000190734863,10.100000381469728,219847,0.0,0.0
2024-03-05 11:35:00+08:00,10.100000381469728,10.100000381469728,10.100000381469728,10.100000381469728,14324,0.0,0.0
2024-03-05 11:40:00+08:00,10.100000381469728,10.100000381469728,10.100000381469728,10.100000381469728,77221,0.0,0.0
2024-03-05 11:45:00+08:00,10.100000381469728,10.100000381469728,10.050000190734863,10.050000190734863,12000,0.0,0.0
2024-03-05 11:50:00+08:00,10.050000190734863,10.100000381469728,10.050000190734863,10.100000381469728,11256,0.0,0.0
2024-03-05 11:55:00+08:00,10.050000190734863,10.050000190734863,10.050000190734863,10.050000190734863,6075,0.0,0.0
2024-03-05 12:05:00+08:00,10.100000381469728,10.100000381469728,10.100000381469728,10.100000381469728,2000,0.0,0.0
2024-03-05 12:10:00+08:00,10.050000190734863,10.050000190734863,10.050000190734863,10.050000190734863,32320,0.0,0.0
2024-03-05 12:15:00+08:00,10.050000190734863,10.050000190734863,10.050000190734863,10.050000190734863,1491,0.0,0.0
2024-03-05 12:20:00+08:00,10.100000381469728,10.100000381469728,10.100000381469728,10.100000381469728,2230,0.0,0.0
2024-03-05 12:35:00+08:00,10.100000381469728,10.100000381469728,10.050000190734863,10.100000381469728,29205,0.0,0.0
2024-03-05 12:40:00+08:00,10.050000190734863,10.100000381469728,10.050000190734863,10.100000381469728,7842,0.0,0.0
2024-03-05 12:45:00+08:00,10.100000381469728,10.100000381469728,10.100000381469728,10.100000381469728,1609,0.0,0.0
2024-03-05 12:50:00+08:00,10.050000190734863,10.050000190734863,10.050000190734863,10.050000190734863,6000,0.0,0.0
2024-03-05 12:55:00+08:00,10.050000190734863,10.050000190734863,10.050000190734863,10.050000190734863,8348,0.0,0.0
2024-03-05 13:00:00+08:00,10.050000190734863,10.100000381469728,10.050000190734863,10.100000381469728,15000,0.0,0.0
2024-03-05 13:05:00+08:00,10.050000190734863,10.050000190734863,10.050000190734863,10.050000190734863,27350,0.0,0.0
2024-03-05 13:10:00+08:00,10.050000190734863,10.050000190734863,10.050000190734863,10.050000190734863,37071,0.0,0.0
2024-03-05 13:15:00+08:00,10.050000190734863,10.050000190734863,10.050000190734863,10.050000190734863,11520,0.0,0.0
2024-03-05 13:20:00+08:00,10.050000190734863,10.100000381469728,10.050000190734863,10.050000190734863,20160,0.0,0.0
2024-03-06 09:00:00+08:00,10.050000190734863,10.050000190734863,10.050000190734863,10.050000190734863,0,0.0,0.0
2024-03-06 09:05:00+08:00,10.050000190734863,10.100000381469728,10.050000190734863,10.100000381469728,19201,0.0,0.0
2024-03-06 09:10:00+08:00,10.050000190734863,10.100000381469728,10.050000190734863,10.050000190734863,40674,0.0,0.0
2024-03-06 09:20:00+08:00,10.100000381469728,10.100000381469728,10.100000381469728,10.100000381469728,3000,0.0,0.0
2024-03-06 09:25:00+08:00,10.100000381469728,10.100000381469728,10.100000381469728,10.100000381469728,1101,0.0,0.0
2024-03-06 09:30:00+08:00,10.100000381469728,10.100000381469728,10.050000190734863,10.050000190734863,15000,0.0,0.0
2024-03-06 09:35:00+08:00,10.050000190734863,10.050000190734863,10.050000190734863,10.050000190734863,15000,0.0,0.0
2024-03-06 09:40:00+08:00,10.050000190734863,10.050000190734863,10.050000190734863,10.050000190734863,3740,0.0,0.0
2024-03-06 09:45:00+08:00,10.050000190734863,10.100000381469728,10.050000190734863,10.100000381469728,12050,0.0,0.0
2024-03-06 09:50:00+08:00,10.050000190734863,10.050000190734863,10.050000190734863,10.050000190734863,6280,0.0,0.0
2024-03-06 09:55:00+08:00,10.050000190734863,10.050000190734863,10.050000190734863,10.050000190734863,2140,0.0,0.0
2024-03-06 10:00:00+08:00,10.100000381469728,10.100000381469728,10.050000190734863,10.050000190734863,7000,0.0,0.0
2024-03-06 10:05:00+08:00,10.050000190734863,10.050000190734863,10.050000190734863,10.050000190734863,10680,0.0,0.0
2024-03-06 10:10:00+08:00,10.050000190734863,10.050000190734863,10.050000190734863,10.050000190734863,7000,0.0,0.0
2024-03-06 10:15:00+08:00,10.050000190734863,10.050000190734863,10.050000190734863,10.050000190734863,11664,0.0,0.0
2024-03-06 10:20:00+08:00,10.100000381469728,10.100000381469728,10.100000381469728,10.100000381469728,1000,0.0,0.0
2024-03-06 10:25:00+08:00,10.100000381469728,10.100000381469728,10.050000190734863,10.050000190734863,40327,0.0,0.0
2024-03-06 10:30:00+08:00,10.050000190734863,10.050000190734863,10.050000190734863,10.050000190734863,21349,0.0,0.0
2024-03-06 10:45:00+08:00,10.050000190734863,10.050000190734863,10.050000190734863,10.050000190734863,10840,0.0,0.0
2024-03-06 10:55:00+08:00,10.050000190734863,10.050000190734863,10.050000190734863,10.050000190734863,5050,0.0,0.0
2024-03-06 11:00:00+08:00,10.050000190734863,10.050000190734863,10.050000190734863,10.050000190734863,6008,0.0,0.0
2024-03-06 11:05:00+08:00,10.050000190734863,10.050000190734863,10.050000190734863,10.050000190734863,41000,0.0,0.0
2024-03-06 11:10:00+08:00,10.050000190734863,10.100000381469728,10.050000190734863,10.100000381469728,59600,0.0,0.0
2024-03-06 11:15:00+08:00,10.050000190734863,10.050000190734863,10.050000190734863,10.050000190734863,13000,0.0,0.0
2024-03-06 11:20:00+08:00,10.050000190734863,10.050000190734863,10.050000190734863,10.050000190734863,9000,0.0,0.0
2024-03-06 11:25:00+08:00,10.050000190734863,10.050000190734863,10.050000190734863,10.050000190734863,7000,0.0,0.0
2024-03-06 11:30:00+08:00,10.050000190734863,10.050000190734863,10.050000190734863,10.050000190734863,2000,0.0,0.0
2024-03-06 11:35:00+08:00,10.050000190734863,10.050000190734863,10.050000190734863,10.050000190734863,3000,0.0,0.0
2024-03-06 11:40:00+08:00,10.050000190734863,10.050000190734863,10.050000190734863,10.050000190734863,8052,0.0,0.0
2024-03-06 11:45:00+08:00,10.050000190734863,10.050000190734863,10.050000190734863,10.050000190734863,14089,0.0,0.0
2024-03-06 11:50:00+08:00,10.050000190734863,10.050000190734863,10.050000190734863,10.050000190734863,4000,0.0,0.0
2024-03-06 11:55:00+08:00,10.050000190734863,10.050000190734863,10.050000190734863,10.050000190734863,1000,0.0,0.0
2024-03-06 12:00:00+08:00,10.050000190734863,10.050000190734863,10.050000190734863,10.050000190734863,8100,0.0,0.0
2024-03-06 12:10:00+08:00,10.050000190734863,10.050000190734863,10.050000190734863,10.050000190734863,12100,0.0,0.0
2024-03-06 12:15:00+08:00,10.050000190734863,10.050000190734863,10.050000190734863,10.050000190734863,2297,0.0,0.0
2024-03-06 12:20:00+08:00,10.050000190734863,10.050000190734863,10.050000190734863,10.050000190734863,295551,0.0,0.0
2024-03-06 12:25:00+08:00,10.050000190734863,10.050000190734863,10.050000190734863,10.050000190734863,9416,0.0,0.0
2024-03-06 12:30:00+08:00,10.050000190734863,10.050000190734863,10.0,10.050000190734863,77284,0.0,0.0
2024-03-06 12:35:00+08:00,10.050000190734863,10.050000190734863,10.050000190734863,10.050000190734863,75266,0.0,0.0
2024-03-06 12:40:00+08:00,10.0,10.100000381469728,10.0,10.050000190734863,40849,0.0,0.0
2024-03-06 12:45:00+08:00,10.050000190734863,10.050000190734863,10.050000190734863,10.050000190734863,27338,0.0,0.0
2024-03-06 12:50:00+08:00,10.050000190734863,10.100000381469728,10.0,10.050000190734863,22279,0.0,0.0
2024-03-06 12:55:00+08:00,10.0,10.050000190734863,10.0,10.050000190734863,3000,0.0,0.0
2024-03-06 13:00:00+08:00,10.050000190734863,10.050000190734863,10.0,10.050000190734863,44240,0.0,0.0
2024-03-06 13:05:00+08:00,10.050000190734863,10.100000381469728,10.0,10.100000381469728,61040,0.0,0.0
2024-03-06 13:10:00+08:00,10.0,10.100000381469728,10.0,10.050000190734863,45450,0.0,0.0
2024-03-06 13:15:00+08:00,10.050000190734863,10.050000190734863,10.050000190734863,10.050000190734863,20043,0.0,0.0
2024-03-06 13:20:00+08:00,10.050000190734863,10.050000190734863,10.050000190734863,10.050000190734863,7176,0.0,0.0
2024-03-07 09:00:00+08:00,10.050000190734863,10.050000190734863,10.050000190734863,10.050000190734863,0,0.0,0.0
2024-03-07 09:05:00+08:00,10.050000190734863,10.050000190734863,10.0,10.0,184410,0.0,0.0
2024-03-07 09:10:00+08:00,10.050000190734863,10.050000190734863,10.050000190734863,10.050000190734863,56050,0.0,0.0
2024-03-07 09:15:00+08:00,10.0,10.050000190734863,10.0,10.050000190734863,21050,0.0,0.0
2024-03-07 09:20:00+08:00,10.0,10.050000190734863,10.0,10.050000190734863,133071,0.0,0.0
2024-03-07 09:25:00+08:00,10.0,10.050000190734863,10.0,10.050000190734863,18601,0.0,0.0
2024-03-07 09:30:00+08:00,10.050000190734863,10.050000190734863,10.050000190734863,10.050000190734863,3200,0.0,0.0
2024-03-07 09:35:00+08:00,10.0,10.0,10.0,10.0,22084,0.0,0.0
2024-03-07 09:40:00+08:00,10.0,10.0,10.0,10.0,41100,0.0,0.0
2024-03-07 09:50:00+08:00,10.050000190734863,10.050000190734863,10.0,10.0,30320,0.0,0.0
2024-03-07 09:55:00+08:00,10.050000190734863,10.050000190734863,10.050000190734863,10.050000190734863,62555,0.0,0.0
2024-03-07 10:00:00+08:00,10.0,10.050000190734863,10.0,10.050000190734863,12456,0.0,0.0
2024-03-07 10:05:00+08:00,10.050000190734863,10.050000190734863,10.0,10.0,28030,0.0,0.0
2024-03-07 10:10:00+08:00,10.0,10.050000190734863,10.0,10.050000190734863,23000,0.0,0.0
2024-03-07 10:15:00+08:00,10.0,10.050000190734863,10.0,10.0,38000,0.0,0.0
2024-03-07 10:20:00+08:00,10.0,10.0,10.0,10.0,3590,0.0,0.0
2024-03-07 10:25:00+08:00,10.0,10.0,10.0,10.0,11150,0.0,0.0
2024-03-07 10:30:00+08:00,10.0,10.0,10.0,10.0,21240,0.0,0.0
2024-03-07 10:35:00+08:00,10.0,10.0,10.0,10.0,20000,0.0,0.0
2024-03-07 10:40:00+08:00,10.0,10.050000190734863,10.0,10.050000190734863,3000,0.0,0.0
2024-03-07 10:45:00+08:00,10.050000190734863,10.050000190734863,10.050000190734863,10.050000190734863,2000,0.0,0.0
2024-03-07 10:50:00+08:00,10.050000190734863,10.050000190734863,10.0,10.0,8020,0.0,0.0
2024-03-07 10:55:00+08:00,10.050000190734863,10.050000190734863,10.050000190734863,10.050000190734863,3500,0.0,0.0
2024-03-07 11:00:00+08:00,10.050000190734863,10.050000190734863,10.0,10.0,18185,0.0,0.0
2024-03-07 11:05:00+08:00,10.0,10.050000190734863,10.0,10.050000190734863,38171,0.0,0.0
2024-03-07 11:20:00+08:00,10.050000190734863,10.050000190734863,10.050000190734863,10.050000190734863,2000,0.0,0.0
2024-03-07 11:25:00+08:00,10.0,10.0,10.0,10.0,16000,0.0,0.0
2024-03-07 11:30:00+08:00,10.0,10.0,10.0,10.0,6100,0.0,0.0
2024-03-07 11:35:00+08:00,10.0,10.050000190734863,10.0,10.0,101010,0.0,0.0
2024-03-07 11:40:00+08:00,10.0,10.0,10.0,10.0,5000,0.0,0.0
2024-03-07 11:45:00+08:00,10.0,10.0,10.0,10.0,26100,0.0,0.0
2024-03-07 11:50:00+08:00,10.0,10.050000190734863,10.0,10.0,17000,0.0,0.0
2024-03-07 11:55:00+08:00,10.0,10.050000190734863,10.0,10.0,61130,0.0,0.0
2024-03-07 12:00:00+08:00,10.0,10.0,10.0,10.0,7000,0.0,0.0
2024-03-07 12:05:00+08:00,10.0,10.050000190734863,10.0,10.050000190734863,4500,0.0,0.0
2024-03-07 12:15:00+08:00,10.0,10.0,10.0,10.0,9000,0.0,0.0
2024-03-07 12:20:00+08:00,10.0,10.050000190734863,10.0,10.050000190734863,13001,0.0,0.0
2024-03-07 12:25:00+08:00,10.050000190734863,10.050000190734863,10.0,10.0,27140,0.0,0.0
2024-03-07 12:30:00+08:00,10.0,10.050000190734863,10.0,10.0,8398,0.0,0.0
2024-03-07 12:35:00+08:00,10.050000190734863,10.050000190734863,10.0,10.0,7445,0.0,0.0
2024-03-07 12:45:00+08:00,10.0,10.050000190734863,10.0,10.0,20037,0.0,0.0
2024-03-07 12:50:00+08:00,10.0,10.0,10.0,10.0,14029,0.0,0.0
2024-03-07 12:55:00+08:00,10.0,10.0,10.0,10.0,2150,0.0,0.0
2024-03-07 13:00:00+08:00,10.0,10.0,10.0,10.0,1890,0.0,0.0
2024-03-07 13:05:00+08:00,10.050000190734863,10.050000190734863,10.0,10.0,11000,0.0,0.0
2024-03-07 13:10:00+08:00,10.0,10.050000190734863,10.0,10.0,12129,0.0,0.0
2024-03-07 13:15:00+08:00,10.0,10.050000190734863,10.0,10.0,10240,0.0,0.0
2024-03-07 13:20:00+08:00,10.0,10.050000190734863,10.0,10.0,240021,0.0,0.0
2024-03-08 09:00:00+08:00,10.0,10.0,10.0,10.0,0,0.0,0.0
2024-03-08 09:05:00+08:00,10.0,10.050000190734863,9.989999771118164,10.0,291310,0.0,0.0
2024-03-08 09:10:00+08:00,10.0,10.050000190734863,9.989999771118164,10.050000190734863,55645,0.0,0.0
2024-03-08 09:15:00+08:00,10.0,10.0,9.989999771118164,10.0,102997,0.0,0.0
2024-03-08 09:20:00+08:00,10.0,10.0,10.0,10.0,44315,0.0,0.0
2024-03-08 09:25:00+08:00,10.0,10.0,9.989999771118164,9.989999771118164,32407,0.0,0.0
2024-03-08 09:30:00+08:00,9.989999771118164,10.0,9.989999771118164,10.0,130058,0.0,0.0
2024-03-08 09:35:00+08:00,10.0,10.0,9.979999542236328,9.989999771118164,117151,0.0,0.0
2024-03-08 09:40:00+08:00,9.989999771118164,9.989999771118164,9.989999771118164,9.989999771118164,20600,0.0,0.0
2024-03-08 09:45:00+08:00,9.989999771118164,9.989999771118164,9.989999771118164,9.989999771118164,44084,0.0,0.0
2024-03-08 09:50:00+08:00,9.989999771118164,9.989999771118164,9.989999771118164,9.989999771118164,36427,0.0,0.0
2024-03-08 09:55:00+08:00,10.0,10.0,10.0,10.0,22103,0.0,0.0
2024-03-08 10:00:00+08:00,9.989999771118164,10.0,9.989999771118164,9.989999771118164,42050,0.0,0.0
2024-03-08 10:05:00+08:00,10.0,10.0,10.0,10.0,22200,0.0,0.0
2024-03-08 10:10:00+08:00,9.989999771118164,10.0,9.989999771118164,10.0,80101,0.0,0.0
2024-03-08 10:15:00+08:00,10.0,10.0,10.0,10.0,5075,0.0,0.0
2024-03-08 10:20:00+08:00,10.0,10.0,10.0,10.0,3145,0.0,0.0
2024-03-08 10:25:00+08:00,9.989999771118164,9.989999771118164,9.989999771118164,9.989999771118164,65240,0.0,0.0
2024-03-08 10:30:00+08:00,9.989999771118164,10.0,9.989999771118164,9.989999771118164,72100,0.0,0.0
2024-03-08 10:35:00+08:00,9.989999771118164,9.989999771118164,9.989999771118164,9.989999771118164,15250,0.0,0.0
2024-03-08 10:40:00+08:00,9.989999771118164,9.989999771118164,9.989999771118164,9.989999771118164,43619,0.0,0.0
2024-03-08 10:45:00+08:00,9.989999771118164,9.989999771118164,9.989999771118164,9.989999771118164,25020,0.0,0.0
2024-03-08 10:50:00+08:00,9.989999771118164,9.989999771118164,9.989999771118164,9.989999771118164,38710,0.0,0.0
2024-03-08 10:55:00+08:00,9.979999542236328,9.989999771118164,9.979999542236328,9.989999771118164,9999,0.0,0.0
2024-03-08 11:00:00+08:00,9.989999771118164,9.989999771118164,9.970000267028809,9.970000267028809,281252,0.0,0.0
2024-03-08 11:05:00+08:00,9.970000267028809,9.979999542236328,9.960000038146973,9.960000038146973,72398,0.0,0.0
2024-03-08 11:10:00+08:00,9.970000267028809,9.979999542236328,9.960000038146973,9.970000267028809,71240,0.0,0.0
2024-03-08 11:15:00+08:00,9.970000267028809,9.979999542236328,9.960000038146973,9.960000038146973,45000,0.0,0.0
2024-03-08 11:20:00+08:00,9.960000038146973,9.979999542236328,9.960000038146973,9.960000038146973,256177,0.0,0.0
2024-03-08 11:25:00+08:00,9.979999542236328,9.979999542236328,9.979999542236328,9.979999542236328,29730,0.0,0.0
2024-03-08 11:30:00+08:00,9.979999542236328,9.979999542236328,9.970000267028809,9.970000267028809,31000,0.0,0.0
2024-03-08 11:35:00+08:00,9.979999542236328,9.979999542236328,9.970000267028809,9.970000267028809,18586,0.0,0.0
2024-03-08 11:40:00+08:00,9.970000267028809,9.970000267028809,9.970000267028809,9.970000267028809,23059,0.0,0.0
2024-03-08 11:50:00+08:00,9.970000267028809,9.979999542236328,9.970000267028809,9.979999542236328,48139,0.0,0.0
2024-03-08 11:55:00+08:00,9.979999542236328,9.979999542236328,9.979999542236328,9.979999542236328,2001,0.0,0.0
2024-03-08 12:00:00+08:00,9.979999542236328,9.979999542236328,9.970000267028809,9.979999542236328,77440,0.0,0.0
2024-03-08 12:05:00+08:00,9.979999542236328,9.979999542236328,9.979999542236328,9.979999542236328,12000,0.0,0.0
2024-03-08 12:10:00+08:00,9.979999542236328,9.979999542236328,9.979999542236328,9.979999542236328,12600,0.0,0.0
2024-03-08 12:15:00+08:00,9.979999542236328,9.979999542236328,9.970000267028809,9.970000267028809,3010,0.0,0.0
2024-03-08 12:20:00+08:00,9.970000267028809,9.979999542236328,9.970000267028809,9.979999542236328,84000,0.0,0.0
2024-03-08 12:25:00+08:00,9.979999542236328,9.979999542236328,9.979999542236328,9.979999542236328,11020,0.0,0.0
2024-03-08 12:30:00+08:00,9.979999542236328,9.989999771118164,9.979999542236328,9.979999542236328,12099,0.0,0.0
2024-03-08 12:35:00+08:00,9.979999542236328,9.979999542236328,9.979999542236328,9.979999542236328,7119,0.0,0.0
2024-03-08 12:40:00+08:00,9.979999542236328,9.979999542236328,9.979999542236328,9.979999542236328,5216,0.0,0.0
2024-03-08 12:45:00+08:00,9.979999542236328,9.979999542236328,9.979999542236328,9.979999542236328,23160,0.0,0.0
2024-03-08 12:50:00+08:00,9.979999542236328,9.989999771118164,9.979999542236328,9.989999771118164,10035,0.0,0.0
2024-03-08 12:55:00+08:00,9.989999771118164,9.989999771118164,9.989999771118164,9.989999771118164,2080,0.0,0.0
2024-03-08 13:00:00+08:00,9.989999771118164,9.989999771118164,9.979999542236328,9.979999542236328,32090,0.0,0.0
2024-03-08 13:05:00+08:00,9.979999542236328,9.979999542236328,9.979999542236328,9.979999542236328,17420,0.0,0.0
2024-03-08 13:10:00+08:00,9.979999542236328,9.979999542236328,9.970000267028809,9.970000267028809,82340,0.0,0.0
2024-03-08 13:15:00+08:00,9.979999542236328,9.979999542236328,9.970000267028809,9.970000267028809,80649,0.0,0.0
2024-03-08 13:20:00+08:00,9.979999542236328,9.979999542236328,9.970000267028809,9.970000267028809,33901,0.0,0.0
2024-03-11 09:00:00+08:00,9.970000267028809,9.970000267028809,9.899999618530272,9.9399995803833,0,0.0,0.0
2024-03-11 09:05:00+08:00,9.9399995803833,9.970000267028809,9.9399995803833,9.970000267028809,110226,0.0,0.0
2024-03-11 09:10:00+08:00,9.970000267028809,9.979999542236328,9.970000267028809,9.979999542236328,25507,0.0,0.0
2024-03-11 09:15:00+08:00,9.970000267028809,9.970000267028809,9.949999809265137,9.949999809265137,58009,0.0,0.0
2024-03-11 09:20:00+08:00,9.960000038146973,9.960000038146973,9.949999809265137,9.949999809265137,30830,0.0,0.0
2024-03-11 09:25:00+08:00,9.949999809265137,9.949999809265137,9.9399995803833,9.949999809265137,20018,0.0,0.0
2024-03-11 09:30:00+08:00,9.960000038146973,9.960000038146973,9.9399995803833,9.9399995803833,103923,0.0,0.0
2024-03-11 09:35:00+08:00,9.9399995803833,9.949999809265137,9.9399995803833,9.949999809265137,29501,0.0,0.0
2024-03-11 09:40:00+08:00,9.9399995803833,9.9399995803833,9.93000030517578,9.93000030517578,100567,0.0,0.0
2024-03-11 09:45:00+08:00,9.93000030517578,9.93000030517578,9.920000076293944,9.93000030517578,76514,0.0,0.0
2024-03-11 09:50:00+08:00,9.93000030517578,9.93000030517578,9.899999618530272,9.90999984741211,389805,0.0,0.0
2024-03-11 09:55:00+08:00,9.90999984741211,9.93000030517578,9.90999984741211,9.90999984741211,41000,0.0,0.0
2024-03-11 10:00:00+08:00,9.90999984741211,9.90999984741211,9.90999984741211,9.90999984741211,21000,0.0,0.0
2024-03-11 10:05:00+08:00,9.920000076293944,9.920000076293944,9.920000076293944,9.920000076293944,3260,0.0,0.0
2024-03-11 10:10:00+08:00,9.920000076293944,9.93000030517578,9.920000076293944,9.93000030517578,35000,0.0,0.0
2024-03-11 10:15:00+08:00,9.93000030517578,9.93000030517578,9.93000030517578,9.93000030517578,37200,0.0,0.0
2024-03-11 10:20:00+08:00,9.920000076293944,9.920000076293944,9.90999984741211,9.90999984741211,10623,0.0,0.0
2024-03-11 10:25:00+08:00,9.920000076293944,9.920000076293944,9.90999984741211,9.920000076293944,12310,0.0,0.0
2024-03-11 10:30:00+08:00,9.920000076293944,9.920000076293944,9.920000076293944,9.920000076293944,16000,0.0,0.0
2024-03-11 10:35:00+08:00,9.920000076293944,9.920000076293944,9.90999984741211,9.920000076293944,18100,0.0,0.0
2024-03-11 10:40:00+08:00,9.90999984741211,9.93000030517578,9.90999984741211,9.920000076293944,31003,0.0,0.0
2024-03-11 10:45:00+08:00,9.93000030517578,9.93000030517578,9.93000030517578,9.93000030517578,2000,0.0,0.0
2024-03-11 10:50:00+08:00,9.93000030517578,9.93000030517578,9.920000076293944,9.93000030517578,10451,0.0,0.0
2024-03-11 10:55:00+08:00,9.93000030517578,9.93000030517578,9.93000030517578,9.93000030517578,1272,0.0,0.0
2024-03-11 11:00:00+08:00,9.93000030517578,9.9399995803833,9.920000076293944,9.9399995803833,14700,0.0,0.0
2024-03-11 11:05:00+08:00,9.9399995803833,9.9399995803833,9.920000076293944,9.920000076293944,46000,0.0,0.0
2024-03-11 11:10:00+08:00,9.9399995803833,9.9399995803833,9.93000030517578,9.93000030517578,3000,0.0,0.0
2024-03-11 11:15:00+08:00,9.9399995803833,9.949999809265137,9.9399995803833,9.9399995803833,52200,0.0,0.0
2024-03-11 11:20:00+08:00,9.949999809265137,9.949999809265137,9.949999809265137,9.949999809265137,6423,0.0,0.0
2024-03-11 11:25:00+08:00,9.949999809265137,9.960000038146973,9.949999809265137,9.949999809265137,12500,0.0,0.0
2024-03-11 11:30:00+08:00,9.949999809265137,9.949999809265137,9.949999809265137,9.949999809265137,12437,0.0,0.0
2024-03-11 11:35:00+08:00,9.949999809265137,9.949999809265137,9.9399995803833,9.9399995803833,49000,0.0,0.0
2024-03-11 11:40:00+08:00,9.9399995803833,9.9399995803833,9.93000030517578,9.93000030517578,14890,0.0,0.0
2024-03-11 11:45:00+08:00,9.93000030517578,9.9399995803833,9.93000030517578,9.9399995803833,8060,0.0,0.0
2024-03-11 11:50:00+08:00,9.93000030517578,9.93000030517578,9.920000076293944,9.920000076293944,25027,0.0,0.0
2024-03-11 11:55:00+08:00,9.93000030517578,9.93000030517578,9.93000030517578,9.93000030517578,2300,0.0,0.0
2024-03-11 12:00:00+08:00,9.93000030517578,9.93000030517578,9.93000030517578,9.93000030517578,15000,0.0,0.0
2024-03-11 12:10:00+08:00,9.93000030517578,9.93000030517578,9.93000030517578,9.93000030517578,8220,0.0,0.0
2024-03-11 12:15:00+08:00,9.93000030517578,9.93000030517578,9.93000030517578,9.93000030517578,2280,0.0,0.0
2024-03-11 12:20:00+08:00,9.93000030517578,9.93000030517578,9.93000030517578,9.93000030517578,3657,0.0,0.0
2024-03-11 12:25:00+08:00,9.9399995803833,9.9399995803833,9.9399995803833,9.9399995803833,8100,0.0,0.0
2024-03-11 12:30:00+08:00,9.9399995803833,9.9399995803833,9.9399995803833,9.9399995803833,6650,0.0,0.0
2024-03-11 12:40:00+08:00,9.949999809265137,9.949999809265137,9.949999809265137,9.949999809265137,6292,0.0,0.0
2024-03-11 12:45:00+08:00,9.960000038146973,9.960000038146973,9.960000038146973,9.960000038146973,8751,0.0,0.0
2024-03-11 12:50:00+08:00,9.949999809265137,9.949999809265137,9.949999809265137,9.949999809265137,7203,0.0,0.0
2024-03-11 12:55:00+08:00,9.949999809265137,9.949999809265137,9.949999809265137,9.949999809265137,11200,0.0,0.0
2024-03-11 13:00:00+08:00,9.949999809265137,9.949999809265137,9.949999809265137,9.949999809265137,12299,0.0,0.0
2024-03-11 13:05:00+08:00,9.960000038146973,9.960000038146973,9.949999809265137,9.949999809265137,6250,0.0,0.0
2024-03-11 13:10:00+08:00,9.949999809265137,9.949999809265137,9.949999809265137,9.949999809265137,7080,0.0,0.0
2024-03-11 13:15:00+08:00,9.949999809265137,9.949999809265137,9.949999809265137,9.949999809265137,10057,0.0,0.0
2024-03-11 13:20:00+08:00,9.949999809265137,9.949999809265137,9.949999809265137,9.949999809265137,14365,0.0,0.0
2024-03-12 09:00:00+08:00,9.949999809265137,10.0,9.949999809265137,10.0,111000,0.0,0.0
2024-03-12 09:05:00+08:00,10.0,10.0,9.989999771118164,9.989999771118164,66000,0.0,0.0
2024-03-12 09:10:00+08:00,10.0,10.0,10.0,10.0,33682,0.0,0.0
2024-03-12 09:15:00+08:00,10.0,10.0,9.989999771118164,10.0,160549,0.0,0.0
2024-03-12 09:20:00+08:00,10.0,10.0,10.0,10.0,23770,0.0,0.0
2024-03-12 09:25:00+08:00,10.0,10.0,10.0,10.0,21444,0.0,0.0
2024-03-12 09:30:00+08:00,10.0,10.050000190734863,10.0,10.0,59280,0.0,0.0
2024-03-12 09:35:00+08:00,10.0,10.0,10.0,10.0,1120,0.0,0.0
2024-03-12 09:40:00+08:00,10.0,10.0,10.0,10.0,11000,0.0,0.0
2024-03-12 09:45:00+08:00,10.0,10.0,10.0,10.0,42000,0.0,0.0
2024-03-12 09:50:00+08:00,9.989999771118164,10.0,9.989999771118164,10.0,18219,0.0,0.0
2024-03-12 09:55:00+08:00,10.0,10.0,10.0,10.0,56400,0.0,0.0
2024-03-12 10:00:00+08:00,10.0,10.0,10.0,10.0,8193,0.0,0.0
2024-03-12 10:05:00+08:00,10.0,10.0,10.0,10.0,11214,0.0,0.0
2024-03-12 10:10:00+08:00,10.0,10.0,10.0,10.0,1100,0.0,0.0
2024-03-12 10:15:00+08:00,10.0,10.050000190734863,9.989999771118164,10.050000190734863,51638,0.0,0.0
2024-03-12 10:20:00+08:00,10.050000190734863,10.050000190734863,10.0,10.0,166422,0.0,0.0
2024-03-12 10:25:00+08:00,10.050000190734863,10.050000190734863,10.0,10.0,5424,0.0,0.0
2024-03-12 10:30:00+08:00,10.0,10.0,10.0,10.0,7476,0.0,0.0
2024-03-12 10:35:00+08:00,10.0,10.0,10.0,10.0,3283,0.0,0.0
2024-03-12 10:40:00+08:00,10.0,10.050000190734863,10.0,10.0,28067,0.0,0.0
2024-03-12 10:45:00+08:00,10.0,10.0,10.0,10.0,1230,0.0,0.0
2024-03-12 10:50:00+08:00,10.0,10.0,10.0,10.0,6499,0.0,0.0
2024-03-12 11:00:00+08:00,10.0,10.0,9.989999771118164,10.0,78342,0.0,0.0
2024-03-12 11:05:00+08:00,10.0,10.0,9.989999771118164,10.0,39058,0.0,0.0
2024-03-12 11:10:00+08:00,9.989999771118164,9.989999771118164,9.989999771118164,9.989999771118164,16151,0.0,0.0
2024-03-12 11:15:00+08:00,9.979999542236328,9.989999771118164,9.979999542236328,9.989999771118164,20800,0.0,0.0
2024-03-12 11:20:00+08:00,9.989999771118164,9.989999771118164,9.989999771118164,9.989999771118164,43050,0.0,0.0
2024-03-12 11:30:00+08:00,9.989999771118164,10.0,9.989999771118164,10.0,22139,0.0,0.0
2024-03-12 11:35:00+08:00,10.0,10.0,10.0,10.0,1000,0.0,0.0
2024-03-12 11:40:00+08:00,10.0,10.0,9.989999771118164,9.989999771118164,16000,0.0,0.0
2024-03-12 11:45:00+08:00,9.989999771118164,10.0,9.989999771118164,9.989999771118164,21000,0.0,0.0
2024-03-12 11:50:00+08:00,9.989999771118164,9.989999771118164,9.989999771118164,9.989999771118164,21000,0.0,0.0
2024-03-12 11:55:00+08:00,9.989999771118164,9.989999771118164,9.989999771118164,9.989999771118164,42900,0.0,0.0
2024-03-12 12:00:00+08:00,9.989999771118164,9.989999771118164,9.989999771118164,9.989999771118164,10000,0.0,0.0
2024-03-12 12:05:00+08:00,9.989999771118164,9.989999771118164,9.989999771118164,9.989999771118164,2156,0.0,0.0
2024-03-12 12:15:00+08:00,9.989999771118164,9.989999771118164,9.989999771118164,9.989999771118164,5000,0.0,0.0
2024-03-12 12:20:00+08:00,9.989999771118164,9.989999771118164,9.989999771118164,9.989999771118164,4786,0.0,0.0
2024-03-12 12:30:00+08:00,10.0,10.0,9.989999771118164,9.989999771118164,5000,0.0,0.0
2024-03-12 12:35:00+08:00,9.989999771118164,10.0,9.989999771118164,10.0,29000,0.0,0.0
2024-03-12 12:40:00+08:00,9.989999771118164,10.0,9.989999771118164,10.0,13797,0.0,0.0
2024-03-12 12:55:00+08:00,9.989999771118164,9.989999771118164,9.989999771118164,9.989999771118164,31169,0.0,0.0
2024-03-12 13:00:00+08:00,9.989999771118164,9.989999771118164,9.989999771118164,9.989999771118164,1519,0.0,0.0
2024-03-12 13:05:00+08:00,9.989999771118164,9.989999771118164,9.989999771118164,9.989999771118164,33253,0.0,0.0
2024-03-12 13:10:00+08:00,10.0,10.0,9.989999771118164,9.989999771118164,22100,0.0,0.0
2024-03-12 13:15:00+08:00,10.0,10.0,9.989999771118164,10.0,99010,0.0,0.0
2024-03-12 13:20:00+08:00,10.0,10.0,9.989999771118164,9.989999771118164,31020,0.0,0.0
2024-03-13 09:00:00+08:00,10.0,10.0,10.0,10.0,65000,0.0,0.0
2024-03-13 09:05:00+08:00,9.989999771118164,9.989999771118164,9.989999771118164,9.989999771118164,42000,0.0,0.0
2024-03-13 09:10:00+08:00,9.979999542236328,9.979999542236328,9.970000267028809,9.970000267028809,57763,0.0,0.0
2024-03-13 09:15:00+08:00,9.970000267028809,9.970000267028809,9.949999809265137,9.949999809265137,47480,0.0,0.0
2024-03-13 09:20:00+08:00,9.970000267028809,9.970000267028809,9.949999809265137,9.949999809265137,26060,0.0,0.0
2024-03-13 09:25:00+08:00,9.949999809265137,9.960000038146973,9.949999809265137,9.949999809265137,56113,0.0,0.0
2024-03-13 09:30:00+08:00,9.949999809265137,9.960000038146973,9.949999809265137,9.949999809265137,29192,0.0,0.0
2024-03-13 09:35:00+08:00,9.949999809265137,9.949999809265137,9.920000076293944,9.93000030517578,110351,0.0,0.0
2024-03-13 09:40:00+08:00,9.93000030517578,9.949999809265137,9.920000076293944,9.920000076293944,82218,0.0,0.0
2024-03-13 09:45:00+08:00,9.93000030517578,9.93000030517578,9.93000030517578,9.93000030517578,3210,0.0,0.0
2024-03-13 09:50:00+08:00,9.93000030517578,9.9399995803833,9.93000030517578,9.93000030517578,62916,0.0,0.0
2024-03-13 09:55:00+08:00,9.9399995803833,9.9399995803833,9.920000076293944,9.920000076293944,46059,0.0,0.0
2024-03-13 10:00:00+08:00,9.93000030517578,9.93000030517578,9.93000030517578,9.93000030517578,11472,0.0,0.0
2024-03-13 10:05:00+08:00,9.93000030517578,9.93000030517578,9.920000076293944,9.93000030517578,37164,0.0,0.0
2024-03-13 10:10:00+08:00,9.93000030517578,9.9399995803833,9.93000030517578,9.9399995803833,12300,0.0,0.0
2024-03-13 10:15:00+08:00,9.920000076293944,9.93000030517578,9.920000076293944,9.920000076293944,145187,0.0,0.0
2024-03-13 10:20:00+08:00,9.920000076293944,9.93000030517578,9.920000076293944,9.93000030517578,12183,0.0,0.0
2024-03-13 10:25:00+08:00,9.93000030517578,9.93000030517578,9.93000030517578,9.93000030517578,6160,0.0,0.0
2024-03-13 10:30:00+08:00,9.920000076293944,9.920000076293944,9.90999984741211,9.90999984741211,51218,0.0,0.0
2024-03-13 10:35:00+08:00,9.90999984741211,9.920000076293944,9.90999984741211,9.90999984741211,5053,0.0,0.0
2024-03-13 10:40:00+08:00,9.90999984741211,9.920000076293944,9.90999984741211,9.90999984741211,113179,0.0,0.0
2024-03-13 10:45:00+08:00,9.920000076293944,9.920000076293944,9.90999984741211,9.90999984741211,28330,0.0,0.0
2024-03-13 10:50:00+08:00,9.920000076293944,9.920000076293944,9.90999984741211,9.920000076293944,37040,0.0,0.0
2024-03-13 10:55:00+08:00,9.920000076293944,9.920000076293944,9.920000076293944,9.920000076293944,12186,0.0,0.0
2024-03-13 11:00:00+08:00,9.920000076293944,9.920000076293944,9.899999618530272,9.920000076293944,31905,0.0,0.0
2024-03-13 11:05:00+08:00,9.90999984741211,9.920000076293944,9.90999984741211,9.920000076293944,12992,0.0,0.0
2024-03-13 11:10:00+08:00,9.920000076293944,9.920000076293944,9.90999984741211,9.90999984741211,24099,0.0,0.0
2024-03-13 11:15:00+08:00,9.920000076293944,9.920000076293944,9.920000076293944,9.920000076293944,1300,0.0,0.0
2024-03-13 11:20:00+08:00,9.920000076293944,9.920000076293944,9.920000076293944,9.920000076293944,25700,0.0,0.0
2024-03-13 11:25:00+08:00,9.93000030517578,9.93000030517578,9.93000030517578,9.93000030517578,1490,0.0,0.0
2024-03-13 11:30:00+08:00,9.93000030517578,9.93000030517578,9.920000076293944,9.920000076293944,0,0.0,0.0
2024-03-13 11:35:00+08:00,9.920000076293944,9.920000076293944,9.90999984741211,9.90999984741211,1299988,0.0,0.0
2024-03-13 11:40:00+08:00,9.90999984741211,9.920000076293944,9.90999984741211,9.920000076293944,31079,0.0,0.0
2024-03-13 11:45:00+08:00,9.93000030517578,9.93000030517578,9.93000030517578,9.93000030517578,26000,0.0,0.0
2024-03-13 11:50:00+08:00,9.93000030517578,9.93000030517578,9.93000030517578,9.93000030517578,14000,0.0,0.0
2024-03-13 11:55:00+08:00,9.93000030517578,9.93000030517578,9.93000030517578,9.93000030517578,3320,0.0,0.0
2024-03-13 12:00:00+08:00,9.93000030517578,9.93000030517578,9.93000030517578,9.93000030517578,15000,0.0,0.0
2024-03-13 12:05:00+08:00,9.93000030517578,9.93000030517578,9.920000076293944,9.920000076293944,10000,0.0,0.0
2024-03-13 12:10:00+08:00,9.920000076293944,9.93000030517578,9.920000076293944,9.93000030517578,28114,0.0,0.0
2024-03-13 12:15:00+08:00,9.93000030517578,9.93000030517578,9.920000076293944,9.920000076293944,14000,0.0,0.0
2024-03-13 12:20:00+08:00,9.920000076293944,9.93000030517578,9.920000076293944,9.93000030517578,11000,0.0,0.0
2024-03-13 12:25:00+08:00,9.93000030517578,9.93000030517578,9.93000030517578,9.93000030517578,4045,0.0,0.0
2024-03-13 12:30:00+08:00,9.93000030517578,9.93000030517578,9.920000076293944,9.920000076293944,74666,0.0,0.0
2024-03-13 12:35:00+08:00,9.93000030517578,9.93000030517578,9.920000076293944,9.920000076293944,18465,0.0,0.0
2024-03-13 12:40:00+08:00,9.920000076293944,9.93000030517578,9.90999984741211,9.90999984741211,30700,0.0,0.0
2024-03-13 12:45:00+08:00,9.90999984741211,9.920000076293944,9.899999618530272,9.90999984741211,128620,0.0,0.0
2024-03-13 12:50:00+08:00,9.90999984741211,9.90999984741211,9.90999984741211,9.90999984741211,3640,0.0,0.0
2024-03-13 12:55:00+08:00,9.920000076293944,9.920000076293944,9.90999984741211,9.90999984741211,38665,0.0,0.0
2024-03-13 13:00:00+08:00,9.920000076293944,9.9399995803833,9.90999984741211,9.90999984741211,61559,0.0,0.0
2024-03-13 13:05:00+08:00,9.9399995803833,9.9399995803833,9.9399995803833,9.9399995803833,17401,0.0,0.0
2024-03-13 13:10:00+08:00,9.93000030517578,9.93000030517578,9.93000030517578,9.93000030517578,26250,0.0,0.0
2024-03-13 13:15:00+08:00,9.9399995803833,9.9399995803833,9.9399995803833,9.9399995803833,15120,0.0,0.0
2024-03-13 13:20:00+08:00,9.949999809265137,9.979999542236328,9.949999809265137,9.960000038146973,75826,0.0,0.0
2024-03-14 09:00:00+08:00,9.949999809265137,9.949999809265137,9.949999809265137,9.949999809265137,0,0.0,0.0
2024-03-14 09:05:00+08:00,9.960000038146973,9.960000038146973,9.960000038146973,9.960000038146973,9584,0.0,0.0
2024-03-14 09:10:00+08:00,9.949999809265137,9.949999809265137,9.90999984741211,9.920000076293944,64219,0.0,0.0
2024-03-14 09:15:00+08:00,9.90999984741211,9.920000076293944,9.90999984741211,9.920000076293944,32885,0.0,0.0
2024-03-14 09:25:00+08:00,9.920000076293944,9.93000030517578,9.920000076293944,9.93000030517578,21150,0.0,0.0
2024-03-14 09:30:00+08:00,9.93000030517578,9.93000030517578,9.920000076293944,9.93000030517578,22520,0.0,0.0
2024-03-14 09:35:00+08:00,9.93000030517578,9.93000030517578,9.93000030517578,9.93000030517578,1000,0.0,0.0
2024-03-14 09:40:00+08:00,9.93000030517578,9.93000030517578,9.920000076293944,9.920000076293944,80500,0.0,0.0
2024-03-14 09:45:00+08:00,9.920000076293944,9.93000030517578,9.920000076293944,9.93000030517578,14380,0.0,0.0
2024-03-14 09:50:00+08:00,9.920000076293944,9.920000076293944,9.90999984741211,9.920000076293944,54640,0.0,0.0
2024-03-14 09:55:00+08:00,9.920000076293944,9.920000076293944,9.90999984741211,9.920000076293944,48000,0.0,0.0
2024-03-14 10:00:00+08:00,9.920000076293944,9.920000076293944,9.920000076293944,9.920000076293944,12490,0.0,0.0
2024-03-14 10:05:00+08:00,9.93000030517578,9.93000030517578,9.920000076293944,9.920000076293944,32100,0.0,0.0
2024-03-14 10:10:00+08:00,9.93000030517578,9.93000030517578,9.920000076293944,9.93000030517578,22200,0.0,0.0
2024-03-14 10:15:00+08:00,9.93000030517578,9.93000030517578,9.93000030517578,9.93000030517578,11283,0.0,0.0
2024-03-14 10:25:00+08:00,9.920000076293944,9.920000076293944,9.920000076293944,9.920000076293944,8144,0.0,0.0
2024-03-14 10:30:00+08:00,9.920000076293944,9.93000030517578,9.920000076293944,9.920000076293944,61200,0.0,0.0
2024-03-14 10:35:00+08:00,9.9399995803833,9.9399995803833,9.9399995803833,9.9399995803833,6000,0.0,0.0
2024-03-14 10:40:00+08:00,9.9399995803833,9.9399995803833,9.9399995803833,9.9399995803833,6386,0.0,0.0
2024-03-14 10:45:00+08:00,9.9399995803833,9.9399995803833,9.9399995803833,9.9399995803833,6038,0.0,0.0
2024-03-14 10:50:00+08:00,9.9399995803833,9.9399995803833,9.9399995803833,9.9399995803833,1002,0.0,0.0
2024-03-14 10:55:00+08:00,9.9399995803833,9.9399995803833,9.93000030517578,9.93000030517578,15100,0.0,0.0
2024-03-14 11:00:00+08:00,9.93000030517578,9.93000030517578,9.93000030517578,9.93000030517578,1000,0.0,0.0
2024-03-14 11:05:00+08:00,9.93000030517578,9.9399995803833,9.93000030517578,9.9399995803833,22010,0.0,0.0
2024-03-14 11:10:00+08:00,9.9399995803833,9.9399995803833,9.9399995803833,9.9399995803833,2020,0.0,0.0
2024-03-14 11:15:00+08:00,9.93000030517578,9.9399995803833,9.93000030517578,9.93000030517578,11000,0.0,0.0
2024-03-14 11:20:00+08:00,9.93000030517578,9.93000030517578,9.93000030517578,9.93000030517578,4383,0.0,0.0
2024-03-14 11:25:00+08:00,9.93000030517578,9.9399995803833,9.93000030517578,9.9399995803833,18000,0.0,0.0
2024-03-14 11:30:00+08:00,9.9399995803833,9.9399995803833,9.9399995803833,9.9399995803833,5010,0.0,0.0
2024-03-14 11:35:00+08:00,9.9399995803833,9.9399995803833,9.9399995803833,9.9399995803833,18107,0.0,0.0
2024-03-14 11:40:00+08:00,9.949999809265137,9.949999809265137,9.93000030517578,9.93000030517578,25045,0.0,0.0
2024-03-14 11:45:00+08:00,9.93000030517578,9.93000030517578,9.93000030517578,9.93000030517578,2270,0.0,0.0
2024-03-14 11:55:00+08:00,9.93000030517578,9.93000030517578,9.90999984741211,9.920000076293944,122288,0.0,0.0
2024-03-14 12:00:00+08:00,9.920000076293944,9.920000076293944,9.920000076293944,9.920000076293944,78000,0.0,0.0
2024-03-14 12:05:00+08:00,9.93000030517578,9.93000030517578,9.93000030517578,9.93000030517578,30000,0.0,0.0
2024-03-14 12:10:00+08:00,9.93000030517578,9.949999809265137,9.93000030517578,9.93000030517578,11036,0.0,0.0
2024-03-14 12:15:00+08:00,9.93000030517578,9.93000030517578,9.93000030517578,9.93000030517578,6000,0.0,0.0
2024-03-14 12:20:00+08:00,9.93000030517578,9.9399995803833,9.93000030517578,9.9399995803833,3000,0.0,0.0
2024-03-14 12:25:00+08:00,9.9399995803833,9.9399995803833,9.9399995803833,9.9399995803833,3000,0.0,0.0
2024-03-14 12:30:00+08:00,9.9399995803833,9.9399995803833,9.93000030517578,9.9399995803833,13100,0.0,0.0
2024-03-14 12:40:00+08:00,9.93000030517578,9.9399995803833,9.93000030517578,9.9399995803833,15291,0.0,0.0
2024-03-14 12:50:00+08:00,9.9399995803833,9.9399995803833,9.93000030517578,9.93000030517578,4016,0.0,0.0
2024-03-14 12:55:00+08:00,9.93000030517578,9.93000030517578,9.93000030517578,9.93000030517578,14300,0.0,0.0
2024-03-14 13:00:00+08:00,9.9399995803833,9.9399995803833,9.93000030517578,9.93000030517578,5443,0.0,0.0
2024-03-14 13:05:00+08:00,9.9399995803833,9.9399995803833,9.9399995803833,9.9399995803833,12083,0.0,0.0
2024-03-14 13:10:00+08:00,9.9399995803833,9.9399995803833,9.93000030517578,9.93000030517578,27000,0.0,0.0
2024-03-14 13:15:00+08:00,9.93000030517578,9.93000030517578,9.93000030517578,9.93000030517578,8979,0.0,0.0
2024-03-14 13:20:00+08:00,9.9399995803833,9.9399995803833,9.93000030517578,9.9399995803833,13170,0.0,0.0
2024-03-15 09:00:00+08:00,9.90999984741211,9.90999984741211,9.90999984741211,9.90999984741211,18621,0.0,0.0
2024-03-15 09:10:00+08:00,9.90999984741211,9.920000076293944,9.90999984741211,9.90999984741211,25020,0.0,0.0
2024-03-15 09:15:00+08:00,9.90999984741211,9.920000076293944,9.90999984741211,9.920000076293944,3000,0.0,0.0
2024-03-15 09:20:00+08:00,9.920000076293944,9.920000076293944,9.90999984741211,9.90999984741211,53391,0.0,0.0
2024-03-15 09:25:00+08:00,9.90999984741211,9.90999984741211,9.899999618530272,9.899999618530272,6500,0.0,0.0
2024-03-15 09:30:00+08:00,9.899999618530272,9.899999618530272,9.899999618530272,9.899999618530272,154270,0.0,0.0
2024-03-15 09:35:00+08:00,9.890000343322754,9.899999618530272,9.890000343322754,9.899999618530272,27161,0.0,0.0
2024-03-15 09:40:00+08:00,9.899999618530272,9.899999618530272,9.890000343322754,9.890000343322754,14134,0.0,0.0
2024-03-15 09:45:00+08:00,9.890000343322754,9.899999618530272,9.890000343322754,9.890000343322754,87500,0.0,0.0
2024-03-15 09:50:00+08:00,9.890000343322754,9.890000343322754,9.890000343322754,9.890000343322754,44601,0.0,0.0
2024-03-15 09:55:00+08:00,9.890000343322754,9.890000343322754,9.850000381469728,9.859999656677246,181497,0.0,0.0
2024-03-15 10:00:00+08:00,9.850000381469728,9.859999656677246,9.81999969482422,9.81999969482422,167480,0.0,0.0
2024-03-15 10:05:00+08:00,9.829999923706056,9.84000015258789,9.829999923706056,9.829999923706056,52267,0.0,0.0
2024-03-15 10:10:00+08:00,9.829999923706056,9.84000015258789,9.779999732971191,9.779999732971191,362545,0.0,0.0
2024-03-15 10:15:00+08:00,9.789999961853027,9.789999961853027,9.779999732971191,9.779999732971191,58555,0.0,0.0
2024-03-15 10:20:00+08:00,9.789999961853027,9.800000190734863,9.789999961853027,9.800000190734863,22000,0.0,0.0
2024-03-15 10:25:00+08:00,9.800000190734863,9.8100004196167,9.800000190734863,9.8100004196167,50000,0.0,0.0
2024-03-15 10:30:00+08:00,9.800000190734863,9.8100004196167,9.800000190734863,9.8100004196167,16000,0.0,0.0
2024-03-15 10:35:00+08:00,9.800000190734863,9.800000190734863,9.779999732971191,9.789999961853027,50491,0.0,0.0
2024-03-15 10:40:00+08:00,9.789999961853027,9.800000190734863,9.789999961853027,9.789999961853027,24305,0.0,0.0
2024-03-15 10:45:00+08:00,9.779999732971191,9.779999732971191,9.770000457763672,9.779999732971191,89163,0.0,0.0
2024-03-15 10:50:00+08:00,9.779999732971191,9.779999732971191,9.779999732971191,9.779999732971191,5129,0.0,0.0
2024-03-15 10:55:00+08:00,9.779999732971191,9.779999732971191,9.779999732971191,9.779999732971191,31121,0.0,0.0
2024-03-15 11:00:00+08:00,9.789999961853027,9.789999961853027,9.789999961853027,9.789999961853027,1000,0.0,0.0
2024-03-15 11:05:00+08:00,9.789999961853027,9.789999961853027,9.789999961853027,9.789999961853027,17310,0.0,0.0
2024-03-15 11:10:00+08:00,9.789999961853027,9.789999961853027,9.779999732971191,9.779999732971191,45140,0.0,0.0
2024-03-15 11:15:00+08:00,9.779999732971191,9.779999732971191,9.779999732971191,9.779999732971191,6000,0.0,0.0
2024-03-15 11:20:00+08:00,9.800000190734863,9.8100004196167,9.789999961853027,9.789999961853027,32582,0.0,0.0
2024-03-15 11:25:00+08:00,9.779999732971191,9.779999732971191,9.779999732971191,9.779999732971191,45000,0.0,0.0
2024-03-15 11:30:00+08:00,9.770000457763672,9.800000190734863,9.770000457763672,9.800000190734863,53602,0.0,0.0
2024-03-15 11:35:00+08:00,9.800000190734863,9.800000190734863,9.800000190734863,9.800000190734863,1350,0.0,0.0
2024-03-15 11:40:00+08:00,9.789999961853027,9.800000190734863,9.779999732971191,9.800000190734863,81262,0.0,0.0
2024-03-15 11:45:00+08:00,9.800000190734863,9.8100004196167,9.800000190734863,9.800000190734863,15000,0.0,0.0
2024-03-15 11:50:00+08:00,9.800000190734863,9.800000190734863,9.800000190734863,9.800000190734863,3080,0.0,0.0
2024-03-15 11:55:00+08:00,9.800000190734863,9.800000190734863,9.800000190734863,9.800000190734863,8281,0.0,0.0
2024-03-15 12:05:00+08:00,9.8100004196167,9.8100004196167,9.800000190734863,9.8100004196167,40400,0.0,0.0
2024-03-15 12:10:00+08:00,9.789999961853027,9.800000190734863,9.789999961853027,9.789999961853027,18000,0.0,0.0
2024-03-15 12:20:00+08:00,9.800000190734863,9.800000190734863,9.789999961853027,9.789999961853027,4560,0.0,0.0
2024-03-15 12:25:00+08:00,9.800000190734863,9.800000190734863,9.789999961853027,9.789999961853027,4351,0.0,0.0
2024-03-15 12:30:00+08:00,9.789999961853027,9.789999961853027,9.779999732971191,9.779999732971191,72633,0.0,0.0
2024-03-15 12:35:00+08:00,9.779999732971191,9.8100004196167,9.779999732971191,9.8100004196167,41705,0.0,0.0
2024-03-15 12:40:00+08:00,9.8100004196167,9.8100004196167,9.8100004196167,9.8100004196167,2369,0.0,0.0
2024-03-15 12:45:00+08:00,9.81999969482422,9.81999969482422,9.8100004196167,9.8100004196167,8110,0.0,0.0
2024-03-15 12:50:00+08:00,9.8100004196167,9.81999969482422,9.8100004196167,9.8100004196167,22902,0.0,0.0
2024-03-15 12:55:00+08:00,9.8100004196167,9.8100004196167,9.800000190734863,9.800000190734863,33605,0.0,0.0
2024-03-15 13:00:00+08:00,9.789999961853027,9.800000190734863,9.789999961853027,9.800000190734863,10379,0.0,0.0
2024-03-15 13:05:00+08:00,9.800000190734863,9.800000190734863,9.800000190734863,9.800000190734863,1196,0.0,0.0
2024-03-15 13:10:00+08:00,9.800000190734863,9.800000190734863,9.800000190734863,9.800000190734863,2000,0.0,0.0
2024-03-15 13:15:00+08:00,9.800000190734863,9.800000190734863,9.789999961853027,9.800000190734863,15261,0.0,0.0
2024-03-15 13:20:00+08:00,9.8100004196167,9.8100004196167,9.770000457763672,9.800000190734863,114260,0.0,0.0
2024-03-18 09:00:00+08:00,9.8100004196167,9.8100004196167,9.5,9.539999961853027,0,0.0,0.0
2024-03-18 09:05:00+08:00,9.520000457763672,9.529999732971191,9.229999542236328,9.239999771118164,718189,0.0,0.0
2024-03-18 09:10:00+08:00,9.239999771118164,9.25,9.100000381469728,9.130000114440918,567624,0.0,0.0
2024-03-18 09:15:00+08:00,9.119999885559082,9.140000343322754,9.0600004196167,9.119999885559082,428737,0.0,0.0
2024-03-18 09:20:00+08:00,9.119999885559082,9.25,9.119999885559082,9.220000267028809,313607,0.0,0.0
2024-03-18 09:25:00+08:00,9.220000267028809,9.229999542236328,9.199999809265137,9.229999542236328,136129,0.0,0.0
2024-03-18 09:30:00+08:00,9.229999542236328,9.350000381469728,9.229999542236328,9.31999969482422,167570,0.0,0.0
2024-03-18 09:35:00+08:00,9.31999969482422,9.350000381469728,9.31999969482422,9.329999923706056,84419,0.0,0.0
2024-03-18 09:40:00+08:00,9.31999969482422,9.329999923706056,9.289999961853027,9.289999961853027,96800,0.0,0.0
2024-03-18 09:45:00+08:00,9.289999961853027,9.300000190734863,9.270000457763672,9.279999732971191,46924,0.0,0.0
2024-03-18 09:50:00+08:00,9.279999732971191,9.289999961853027,9.239999771118164,9.260000228881836,107539,0.0,0.0
2024-03-18 09:55:00+08:00,9.260000228881836,9.260000228881836,9.260000228881836,9.260000228881836,31581,0.0,0.0
2024-03-18 10:00:00+08:00,9.260000228881836,9.270000457763672,9.260000228881836,9.270000457763672,23466,0.0,0.0
2024-03-18 10:05:00+08:00,9.260000228881836,9.270000457763672,9.260000228881836,9.260000228881836,37530,0.0,0.0
2024-03-18 10:10:00+08:00,9.260000228881836,9.270000457763672,9.260000228881836,9.270000457763672,73230,0.0,0.0
2024-03-18 10:15:00+08:00,9.260000228881836,9.270000457763672,9.25,9.260000228881836,44997,0.0,0.0
2024-03-18 10:20:00+08:00,9.260000228881836,9.270000457763672,9.260000228881836,9.270000457763672,101486,0.0,0.0
2024-03-18 10:25:00+08:00,9.279999732971191,9.43000030517578,9.279999732971191,9.40999984741211,247434,0.0,0.0
2024-03-18 10:30:00+08:00,9.420000076293944,9.420000076293944,9.369999885559082,9.390000343322754,65080,0.0,0.0
2024-03-18 10:35:00+08:00,9.399999618530272,9.40999984741211,9.390000343322754,9.390000343322754,17160,0.0,0.0
2024-03-18 10:40:00+08:00,9.390000343322754,9.390000343322754,9.359999656677246,9.359999656677246,30534,0.0,0.0
2024-03-18 10:45:00+08:00,9.359999656677246,9.359999656677246,9.350000381469728,9.350000381469728,7700,0.0,0.0
2024-03-18 10:50:00+08:00,9.359999656677246,9.359999656677246,9.34000015258789,9.359999656677246,16000,0.0,0.0
2024-03-18 10:55:00+08:00,9.369999885559082,9.369999885559082,9.359999656677246,9.359999656677246,14925,0.0,0.0
2024-03-18 11:00:00+08:00,9.359999656677246,9.359999656677246,9.359999656677246,9.359999656677246,2011,0.0,0.0
2024-03-18 11:05:00+08:00,9.369999885559082,9.369999885559082,9.359999656677246,9.369999885559082,13022,0.0,0.0
2024-03-18 11:10:00+08:00,9.369999885559082,9.369999885559082,9.34000015258789,9.34000015258789,66047,0.0,0.0
2024-03-18 11:15:00+08:00,9.34000015258789,9.34000015258789,9.31999969482422,9.329999923706056,41451,0.0,0.0
2024-03-18 11:20:00+08:00,9.329999923706056,9.350000381469728,9.329999923706056,9.34000015258789,19658,0.0,0.0
2024-03-18 11:30:00+08:00,9.34000015258789,9.350000381469728,9.329999923706056,9.329999923706056,22000,0.0,0.0
2024-03-18 11:35:00+08:00,9.329999923706056,9.34000015258789,9.329999923706056,9.34000015258789,2280,0.0,0.0
2024-03-18 11:40:00+08:00,9.34000015258789,9.34000015258789,9.34000015258789,9.34000015258789,1353,0.0,0.0
2024-03-18 11:45:00+08:00,9.34000015258789,9.34000015258789,9.34000015258789,9.34000015258789,10413,0.0,0.0
2024-03-18 11:50:00+08:00,9.34000015258789,9.34000015258789,9.34000015258789,9.34000015258789,8189,0.0,0.0
2024-03-18 11:55:00+08:00,9.34000015258789,9.34000015258789,9.329999923706056,9.329999923706056,14757,0.0,0.0
2024-03-18 12:00:00+08:00,9.329999923706056,9.34000015258789,9.329999923706056,9.34000015258789,11474,0.0,0.0
2024-03-18 12:05:00+08:00,9.34000015258789,9.350000381469728,9.34000015258789,9.350000381469728,30013,0.0,0.0
2024-03-18 12:10:00+08:00,9.350000381469728,9.350000381469728,9.34000015258789,9.34000015258789,13169,0.0,0.0
2024-03-18 12:15:00+08:00,9.329999923706056,9.34000015258789,9.31999969482422,9.34000015258789,19316,0.0,0.0
2024-03-18 12:20:00+08:00,9.31999969482422,9.329999923706056,9.31999969482422,9.31999969482422,51181,0.0,0.0
2024-03-18 12:25:00+08:00,9.31999969482422,9.31999969482422,9.300000190734863,9.300000190734863,92935,0.0,0.0
2024-03-18 12:30:00+08:00,9.300000190734863,9.300000190734863,9.289999961853027,9.300000190734863,61726,0.0,0.0
2024-03-18 12:35:00+08:00,9.300000190734863,9.300000190734863,9.300000190734863,9.300000190734863,17574,0.0,0.0
2024-03-18 12:40:00+08:00,9.300000190734863,9.300000190734863,9.289999961853027,9.289999961853027,45100,0.0,0.0
2024-03-18 12:45:00+08:00,9.289999961853027,9.300000190734863,9.289999961853027,9.300000190734863,87255,0.0,0.0
2024-03-18 12:50:00+08:00,9.300000190734863,9.3100004196167,9.300000190734863,9.3100004196167,8422,0.0,0.0
2024-03-18 12:55:00+08:00,9.300000190734863,9.3100004196167,9.300000190734863,9.300000190734863,39781,0.0,0.0
2024-03-18 13:00:00+08:00,9.300000190734863,9.300000190734863,9.300000190734863,9.300000190734863,13150,0.0,0.0
2024-03-18 13:05:00+08:00,9.300000190734863,9.300000190734863,9.289999961853027,9.300000190734863,36831,0.0,0.0
2024-03-18 13:10:00+08:00,9.300000190734863,9.329999923706056,9.300000190734863,9.329999923706056,17149,0.0,0.0
2024-03-18 13:15:00+08:00,9.3100004196167,9.3100004196167,9.300000190734863,9.300000190734863,152403,0.0,0.0
2024-03-18 13:20:00+08:00,9.300000190734863,9.3100004196167,9.289999961853027,9.3100004196167,27548,0.0,0.0
2024-03-19 09:00:00+08:00,9.31999969482422,9.31999969482422,9.210000038146973,9.229999542236328,147000,0.0,0.0
2024-03-19 09:05:00+08:00,9.229999542236328,9.260000228881836,9.229999542236328,9.260000228881836,44209,0.0,0.0
2024-03-19 09:10:00+08:00,9.270000457763672,9.279999732971191,9.260000228881836,9.260000228881836,19343,0.0,0.0
2024-03-19 09:15:00+08:00,9.260000228881836,9.270000457763672,9.239999771118164,9.270000457763672,94442,0.0,0.0
2024-03-19 09:20:00+08:00,9.260000228881836,9.260000228881836,9.260000228881836,9.260000228881836,7155,0.0,0.0
2024-03-19 09:25:00+08:00,9.260000228881836,9.279999732971191,9.260000228881836,9.270000457763672,53950,0.0,0.0
2024-03-19 09:30:00+08:00,9.270000457763672,9.279999732971191,9.270000457763672,9.279999732971191,38400,0.0,0.0
2024-03-19 09:35:00+08:00,9.279999732971191,9.279999732971191,9.279999732971191,9.279999732971191,12274,0.0,0.0
2024-03-19 09:40:00+08:00,9.279999732971191,9.31999969482422,9.270000457763672,9.31999969482422,78049,0.0,0.0
2024-03-19 09:45:00+08:00,9.31999969482422,9.329999923706056,9.31999969482422,9.31999969482422,38060,0.0,0.0
2024-03-19 09:50:00+08:00,9.3100004196167,9.31999969482422,9.3100004196167,9.3100004196167,22668,0.0,0.0
2024-03-19 09:55:00+08:00,9.300000190734863,9.3100004196167,9.300000190734863,9.3100004196167,15297,0.0,0.0
2024-03-19 10:00:00+08:00,9.300000190734863,9.300000190734863,9.300000190734863,9.300000190734863,3012,0.0,0.0
2024-03-19 10:05:00+08:00,9.300000190734863,9.300000190734863,9.300000190734863,9.300000190734863,7059,0.0,0.0
2024-03-19 10:10:00+08:00,9.3100004196167,9.31999969482422,9.300000190734863,9.31999969482422,50012,0.0,0.0
2024-03-19 10:15:00+08:00,9.31999969482422,9.31999969482422,9.31999969482422,9.31999969482422,17245,0.0,0.0
2024-03-19 10:20:00+08:00,9.31999969482422,9.31999969482422,9.300000190734863,9.300000190734863,34066,0.0,0.0
2024-03-19 10:25:00+08:00,9.300000190734863,9.3100004196167,9.300000190734863,9.3100004196167,16172,0.0,0.0
2024-03-19 10:30:00+08:00,9.300000190734863,9.300000190734863,9.300000190734863,9.300000190734863,33160,0.0,0.0
2024-03-19 10:35:00+08:00,9.289999961853027,9.289999961853027,9.289999961853027,9.289999961853027,25973,0.0,0.0
2024-03-19 10:40:00+08:00,9.300000190734863,9.300000190734863,9.300000190734863,9.300000190734863,4448,0.0,0.0
2024-03-19 10:50:00+08:00,9.300000190734863,9.300000190734863,9.300000190734863,9.300000190734863,16105,0.0,0.0
2024-03-19 10:55:00+08:00,9.289999961853027,9.300000190734863,9.289999961853027,9.300000190734863,8950,0.0,0.0
2024-03-19 11:00:00+08:00,9.300000190734863,9.31999969482422,9.300000190734863,9.31999969482422,40016,0.0,0.0
2024-03-19 11:05:00+08:00,9.31999969482422,9.31999969482422,9.31999969482422,9.31999969482422,5000,0.0,0.0
2024-03-19 11:10:00+08:00,9.3100004196167,9.3100004196167,9.3100004196167,9.3100004196167,9559,0.0,0.0
2024-03-19 11:15:00+08:00,9.300000190734863,9.300000190734863,9.300000190734863,9.300000190734863,51669,0.0,0.0
2024-03-19 11:25:00+08:00,9.300000190734863,9.300000190734863,9.300000190734863,9.300000190734863,5110,0.0,0.0
2024-03-19 11:30:00+08:00,9.3100004196167,9.3100004196167,9.300000190734863,9.300000190734863,4118,0.0,0.0
2024-03-19 11:35:00+08:00,9.300000190734863,9.300000190734863,9.300000190734863,9.300000190734863,5359,0.0,0.0
2024-03-19 11:40:00+08:00,9.300000190734863,9.300000190734863,9.300000190734863,9.300000190734863,7200,0.0,0.0
2024-03-19 11:45:00+08:00,9.300000190734863,9.300000190734863,9.300000190734863,9.300000190734863,1000,0.0,0.0
2024-03-19 11:50:00+08:00,9.289999961853027,9.300000190734863,9.289999961853027,9.300000190734863,10000,0.0,0.0
2024-03-19 11:55:00+08:00,9.300000190734863,9.300000190734863,9.300000190734863,9.300000190734863,21335,0.0,0.0
2024-03-19 12:05:00+08:00,9.289999961853027,9.289999961853027,9.279999732971191,9.279999732971191,11029,0.0,0.0
2024-03-19 12:10:00+08:00,9.279999732971191,9.279999732971191,9.270000457763672,9.270000457763672,62599,0.0,0.0
2024-03-19 12:25:00+08:00,9.279999732971191,9.279999732971191,9.279999732971191,9.279999732971191,3045,0.0,0.0
2024-03-19 12:30:00+08:00,9.270000457763672,9.279999732971191,9.270000457763672,9.270000457763672,12226,0.0,0.0
2024-03-19 12:35:00+08:00,9.279999732971191,9.289999961853027,9.279999732971191,9.279999732971191,71400,0.0,0.0
2024-03-19 12:40:00+08:00,9.289999961853027,9.300000190734863,9.289999961853027,9.289999961853027,32000,0.0,0.0
2024-03-19 12:45:00+08:00,9.289999961853027,9.289999961853027,9.289999961853027,9.289999961853027,32781,0.0,0.0
2024-03-19 12:50:00+08:00,9.289999961853027,9.289999961853027,9.279999732971191,9.279999732971191,3328,0.0,0.0
2024-03-19 12:55:00+08:00,9.279999732971191,9.289999961853027,9.279999732971191,9.289999961853027,7100,0.0,0.0
2024-03-19 13:00:00+08:00,9.289999961853027,9.289999961853027,9.289999961853027,9.289999961853027,22000,0.0,0.0
2024-03-19 13:05:00+08:00,9.289999961853027,9.289999961853027,9.289999961853027,9.289999961853027,4120,0.0,0.0
2024-03-19 13:10:00+08:00,9.279999732971191,9.300000190734863,9.279999732971191,9.300000190734863,10064,0.0,0.0
2024-03-19 13:15:00+08:00,9.300000190734863,9.300000190734863,9.279999732971191,9.279999732971191,16270,0.0,0.0
2024-03-19 13:20:00+08:00,9.279999732971191,9.289999961853027,9.270000457763672,9.270000457763672,65353,0.0,0.0
2024-03-20 09:00:00+08:00,9.25,9.25,9.130000114440918,9.18000030517578,0,0.0,0.0
2024-03-20 09:05:00+08:00,9.18000030517578,9.18000030517578,9.109999656677246,9.109999656677246,279000,0.0,0.0
2024-03-20 09:10:00+08:00,9.100000381469728,9.109999656677246,9.0600004196167,9.079999923706056,366069,0.0,0.0
2024-03-20 09:15:00+08:00,9.079999923706056,9.109999656677246,9.06999969482422,9.100000381469728,167953,0.0,0.0
2024-03-20 09:20:00+08:00,9.100000381469728,9.140000343322754,9.100000381469728,9.119999885559082,182132,0.0,0.0
2024-03-20 09:25:00+08:00,9.119999885559082,9.149999618530272,9.119999885559082,9.119999885559082,114094,0.0,0.0
2024-03-20 09:30:00+08:00,9.119999885559082,9.119999885559082,9.09000015258789,9.09000015258789,202614,0.0,0.0
2024-03-20 09:35:00+08:00,9.100000381469728,9.109999656677246,9.09000015258789,9.109999656677246,64614,0.0,0.0
2024-03-20 09:40:00+08:00,9.109999656677246,9.119999885559082,9.100000381469728,9.100000381469728,60691,0.0,0.0
2024-03-20 09:45:00+08:00,9.100000381469728,9.109999656677246,9.100000381469728,9.100000381469728,128896,0.0,0.0
2024-03-20 09:50:00+08:00,9.100000381469728,9.100000381469728,9.09000015258789,9.100000381469728,34000,0.0,0.0
2024-03-20 09:55:00+08:00,9.100000381469728,9.100000381469728,9.09000015258789,9.100000381469728,35088,0.0,0.0
2024-03-20 10:00:00+08:00,9.100000381469728,9.100000381469728,9.09000015258789,9.100000381469728,12849,0.0,0.0
2024-03-20 10:05:00+08:00,9.100000381469728,9.109999656677246,9.100000381469728,9.109999656677246,23080,0.0,0.0
2024-03-20 10:10:00+08:00,9.100000381469728,9.109999656677246,9.100000381469728,9.109999656677246,28240,0.0,0.0
2024-03-20 10:15:00+08:00,9.119999885559082,9.130000114440918,9.119999885559082,9.130000114440918,33000,0.0,0.0
2024-03-20 10:20:00+08:00,9.130000114440918,9.130000114440918,9.119999885559082,9.119999885559082,38312,0.0,0.0
2024-03-20 10:25:00+08:00,9.109999656677246,9.119999885559082,9.109999656677246,9.119999885559082,82080,0.0,0.0
2024-03-20 10:30:00+08:00,9.130000114440918,9.140000343322754,9.130000114440918,9.140000343322754,26345,0.0,0.0
2024-03-20 10:35:00+08:00,9.130000114440918,9.15999984741211,9.119999885559082,9.15999984741211,119049,0.0,0.0
2024-03-20 10:40:00+08:00,9.149999618530272,9.149999618530272,9.149999618530272,9.149999618530272,32000,0.0,0.0
2024-03-20 10:45:00+08:00,9.149999618530272,9.18000030517578,9.130000114440918,9.18000030517578,516409,0.0,0.0
2024-03-20 10:50:00+08:00,9.170000076293944,9.1899995803833,9.170000076293944,9.18000030517578,143913,0.0,0.0
2024-03-20 10:55:00+08:00,9.170000076293944,9.18000030517578,9.170000076293944,9.170000076293944,14000,0.0,0.0
2024-03-20 11:00:00+08:00,9.170000076293944,9.170000076293944,9.170000076293944,9.170000076293944,13015,0.0,0.0
2024-03-20 11:05:00+08:00,9.170000076293944,9.18000030517578,9.170000076293944,9.170000076293944,9240,0.0,0.0
2024-03-20 11:10:00+08:00,9.18000030517578,9.18000030517578,9.170000076293944,9.170000076293944,8396,0.0,0.0
2024-03-20 11:15:00+08:00,9.170000076293944,9.170000076293944,9.170000076293944,9.170000076293944,2411,0.0,0.0
2024-03-20 11:20:00+08:00,9.15999984741211,9.15999984741211,9.149999618530272,9.149999618530272,18090,0.0,0.0
2024-03-20 11:25:00+08:00,9.15999984741211,9.1899995803833,9.15999984741211,9.18000030517578,61008,0.0,0.0
2024-03-20 11:30:00+08:00,9.1899995803833,9.199999809265137,9.1899995803833,9.199999809265137,45820,0.0,0.0
2024-03-20 11:35:00+08:00,9.199999809265137,9.199999809265137,9.18000030517578,9.18000030517578,8043,0.0,0.0
2024-03-20 11:40:00+08:00,9.18000030517578,9.18000030517578,9.18000030517578,9.18000030517578,2028,0.0,0.0
2024-03-20 11:45:00+08:00,9.18000030517578,9.18000030517578,9.18000030517578,9.18000030517578,7196,0.0,0.0
2024-03-20 11:50:00+08:00,9.170000076293944,9.170000076293944,9.170000076293944,9.170000076293944,1157,0.0,0.0
2024-03-20 11:55:00+08:00,9.15999984741211,9.15999984741211,9.15999984741211,9.15999984741211,15401,0.0,0.0
2024-03-20 12:00:00+08:00,9.15999984741211,9.15999984741211,9.140000343322754,9.149999618530272,13796,0.0,0.0
2024-03-20 12:10:00+08:00,9.149999618530272,9.149999618530272,9.149999618530272,9.149999618530272,4274,0.0,0.0
2024-03-20 12:15:00+08:00,9.149999618530272,9.149999618530272,9.140000343322754,9.140000343322754,21803,0.0,0.0
2024-03-20 12:20:00+08:00,9.149999618530272,9.149999618530272,9.149999618530272,9.149999618530272,1294,0.0,0.0
2024-03-20 12:25:00+08:00,9.140000343322754,9.140000343322754,9.140000343322754,9.140000343322754,19232,0.0,0.0
2024-03-20 12:30:00+08:00,9.140000343322754,9.140000343322754,9.130000114440918,9.140000343322754,11199,0.0,0.0
2024-03-20 12:35:00+08:00,9.140000343322754,9.149999618530272,9.130000114440918,9.149999618530272,18103,0.0,0.0
2024-03-20 12:40:00+08:00,9.140000343322754,9.140000343322754,9.140000343322754,9.140000343322754,3447,0.0,0.0
2024-03-20 12:45:00+08:00,9.149999618530272,9.149999618530272,9.149999618530272,9.149999618530272,31665,0.0,0.0
2024-03-20 12:50:00+08:00,9.140000343322754,9.149999618530272,9.140000343322754,9.140000343322754,20053,0.0,0.0
2024-03-20 12:55:00+08:00,9.149999618530272,9.15999984741211,9.149999618530272,9.15999984741211,58430,0.0,0.0
2024-03-20 13:00:00+08:00,9.15999984741211,9.170000076293944,9.15999984741211,9.170000076293944,29098,0.0,0.0
2024-03-20 13:05:00+08:00,9.170000076293944,9.18000030517578,9.149999618530272,9.149999618530272,72050,0.0,0.0
2024-03-20 13:10:00+08:00,9.149999618530272,9.15999984741211,9.140000343322754,9.15999984741211,20616,0.0,0.0
2024-03-20 13:15:00+08:00,9.149999618530272,9.15999984741211,9.149999618530272,9.15999984741211,36223,0.0,0.0
2024-03-20 13:20:00+08:00,9.15999984741211,9.18000030517578,9.149999618530272,9.149999618530272,42106,0.0,0.0
2024-03-21 09:00:00+08:00,9.220000267028809,9.229999542236328,9.220000267028809,9.229999542236328,0,0.0,0.0
2024-03-21 09:05:00+08:00,9.229999542236328,9.260000228881836,9.229999542236328,9.260000228881836,23040,0.0,0.0
2024-03-21 09:10:00+08:00,9.270000457763672,9.270000457763672,9.25,9.25,30040,0.0,0.0
2024-03-21 09:15:00+08:00,9.25,9.25,9.229999542236328,9.229999542236328,20680,0.0,0.0
2024-03-21 09:20:00+08:00,9.239999771118164,9.25,9.229999542236328,9.25,28343,0.0,0.0
2024-03-21 09:25:00+08:00,9.25,9.25,9.229999542236328,9.229999542236328,26059,0.0,0.0
2024-03-21 09:30:00+08:00,9.239999771118164,9.239999771118164,9.229999542236328,9.229999542236328,19860,0.0,0.0
2024-03-21 09:35:00+08:00,9.229999542236328,9.239999771118164,9.229999542236328,9.229999542236328,7030,0.0,0.0
2024-03-21 09:40:00+08:00,9.239999771118164,9.239999771118164,9.239999771118164,9.239999771118164,1064,0.0,0.0
2024-03-21 09:45:00+08:00,9.239999771118164,9.239999771118164,9.239999771118164,9.239999771118164,2023,0.0,0.0
2024-03-21 09:50:00+08:00,9.239999771118164,9.239999771118164,9.239999771118164,9.239999771118164,3000,0.0,0.0
2024-03-21 09:55:00+08:00,9.239999771118164,9.239999771118164,9.229999542236328,9.229999542236328,58338,0.0,0.0
2024-03-21 10:00:00+08:00,9.220000267028809,9.229999542236328,9.199999809265137,9.229999542236328,115050,0.0,0.0
2024-03-21 10:05:00+08:00,9.199999809265137,9.199999809265137,9.199999809265137,9.199999809265137,1000,0.0,0.0
2024-03-21 10:10:00+08:00,9.199999809265137,9.220000267028809,9.1899995803833,9.199999809265137,23200,0.0,0.0
2024-03-21 10:15:00+08:00,9.199999809265137,9.199999809265137,9.199999809265137,9.199999809265137,6109,0.0,0.0
2024-03-21 10:20:00+08:00,9.199999809265137,9.199999809265137,9.18000030517578,9.18000030517578,62100,0.0,0.0
2024-03-21 10:25:00+08:00,9.18000030517578,9.1899995803833,9.170000076293944,9.18000030517578,0,0.0,0.0
2024-03-21 10:30:00+08:00,9.1899995803833,9.1899995803833,9.1899995803833,9.1899995803833,497243,0.0,0.0
2024-03-21 10:35:00+08:00,9.1899995803833,9.1899995803833,9.1899995803833,9.1899995803833,2000,0.0,0.0
2024-03-21 10:40:00+08:00,9.1899995803833,9.1899995803833,9.1899995803833,9.1899995803833,3000,0.0,0.0
2024-03-21 10:45:00+08:00,9.1899995803833,9.1899995803833,9.18000030517578,9.18000030517578,34080,0.0,0.0
2024-03-21 10:50:00+08:00,9.18000030517578,9.18000030517578,9.170000076293944,9.18000030517578,24941,0.0,0.0
2024-03-21 10:55:00+08:00,9.199999809265137,9.199999809265137,9.1899995803833,9.1899995803833,11275,0.0,0.0
2024-03-21 11:00:00+08:00,9.1899995803833,9.1899995803833,9.1899995803833,9.1899995803833,5169,0.0,0.0
2024-03-21 11:05:00+08:00,9.1899995803833,9.1899995803833,9.1899995803833,9.1899995803833,4000,0.0,0.0
2024-03-21 11:10:00+08:00,9.1899995803833,9.199999809265137,9.1899995803833,9.199999809265137,39080,0.0,0.0
2024-03-21 11:15:00+08:00,9.199999809265137,9.199999809265137,9.1899995803833,9.1899995803833,80440,0.0,0.0
2024-03-21 11:20:00+08:00,9.1899995803833,9.1899995803833,9.15999984741211,9.170000076293944,105000,0.0,0.0
2024-03-21 11:25:00+08:00,9.170000076293944,9.1899995803833,9.149999618530272,9.1899995803833,114000,0.0,0.0
2024-03-21 11:30:00+08:00,9.15999984741211,9.15999984741211,9.15999984741211,9.15999984741211,5100,0.0,0.0
2024-03-21 11:35:00+08:00,9.1899995803833,9.1899995803833,9.1899995803833,9.1899995803833,3000,0.0,0.0
2024-03-21 11:40:00+08:00,9.18000030517578,9.18000030517578,9.15999984741211,9.18000030517578,7450,0.0,0.0
2024-03-21 11:45:00+08:00,9.170000076293944,9.170000076293944,9.15999984741211,9.15999984741211,46419,0.0,0.0
2024-03-21 11:50:00+08:00,9.15999984741211,9.15999984741211,9.15999984741211,9.15999984741211,41140,0.0,0.0
2024-03-21 12:00:00+08:00,9.18000030517578,9.1899995803833,9.15999984741211,9.170000076293944,66314,0.0,0.0
2024-03-21 12:05:00+08:00,9.199999809265137,9.199999809265137,9.170000076293944,9.170000076293944,14000,0.0,0.0
2024-03-21 12:10:00+08:00,9.199999809265137,9.199999809265137,9.199999809265137,9.199999809265137,6000,0.0,0.0
2024-03-21 12:15:00+08:00,9.199999809265137,9.210000038146973,9.199999809265137,9.210000038146973,30997,0.0,0.0
2024-03-21 12:20:00+08:00,9.210000038146973,9.210000038146973,9.210000038146973,9.210000038146973,13046,0.0,0.0
2024-03-21 12:25:00+08:00,9.210000038146973,9.210000038146973,9.210000038146973,9.210000038146973,6093,0.0,0.0
2024-03-21 12:30:00+08:00,9.220000267028809,9.220000267028809,9.210000038146973,9.210000038146973,39085,0.0,0.0
2024-03-21 12:35:00+08:00,9.220000267028809,9.220000267028809,9.220000267028809,9.220000267028809,3233,0.0,0.0
2024-03-21 12:40:00+08:00,9.220000267028809,9.220000267028809,9.220000267028809,9.220000267028809,29250,0.0,0.0
2024-03-21 12:45:00+08:00,9.220000267028809,9.220000267028809,9.210000038146973,9.210000038146973,7371,0.0,0.0
2024-03-21 12:50:00+08:00,9.210000038146973,9.210000038146973,9.210000038146973,9.210000038146973,11185,0.0,0.0
2024-03-21 12:55:00+08:00,9.210000038146973,9.220000267028809,9.210000038146973,9.220000267028809,27089,0.0,0.0
2024-03-21 13:00:00+08:00,9.220000267028809,9.220000267028809,9.210000038146973,9.220000267028809,7999,0.0,0.0
2024-03-21 13:05:00+08:00,9.220000267028809,9.229999542236328,9.220000267028809,9.229999542236328,102050,0.0,0.0
2024-03-21 13:10:00+08:00,9.239999771118164,9.260000228881836,9.239999771118164,9.239999771118164,42269,0.0,0.0
2024-03-21 13:15:00+08:00,9.239999771118164,9.239999771118164,9.239999771118164,9.239999771118164,7000,0.0,0.0
2024-03-21 13:20:00+08:00,9.229999542236328,9.239999771118164,9.229999542236328,9.239999771118164,30245,0.0,0.0
2024-03-22 09:00:00+08:00,9.239999771118164,9.239999771118164,9.229999542236328,9.239999771118164,0,0.0,0.0
2024-03-22 09:05:00+08:00,9.229999542236328,9.229999542236328,9.229999542236328,9.229999542236328,4000,0.0,0.0
2024-03-22 09:10:00+08:00,9.229999542236328,9.229999542236328,9.220000267028809,9.220000267028809,30159,0.0,0.0
2024-03-22 09:15:00+08:00,9.229999542236328,9.229999542236328,9.210000038146973,9.229999542236328,19054,0.0,0.0
2024-03-22 09:20:00+08:00,9.229999542236328,9.229999542236328,9.220000267028809,9.220000267028809,26000,0.0,0.0
2024-03-22 09:25:00+08:00,9.220000267028809,9.220000267028809,9.220000267028809,9.220000267028809,31306,0.0,0.0
2024-03-22 09:30:00+08:00,9.210000038146973,9.210000038146973,9.199999809265137,9.199999809265137,91917,0.0,0.0
2024-03-22 09:35:00+08:00,9.199999809265137,9.199999809265137,9.1899995803833,9.1899995803833,27004,0.0,0.0
2024-03-22 09:40:00+08:00,9.1899995803833,9.1899995803833,9.149999618530272,9.149999618530272,108054,0.0,0.0
2024-03-22 09:45:00+08:00,9.1899995803833,9.199999809265137,9.18000030517578,9.199999809265137,46080,0.0,0.0
2024-03-22 09:50:00+08:00,9.1899995803833,9.1899995803833,9.149999618530272,9.149999618530272,120970,0.0,0.0
2024-03-22 09:55:00+08:00,9.18000030517578,9.18000030517578,9.18000030517578,9.18000030517578,5000,0.0,0.0
2024-03-22 10:00:00+08:00,9.18000030517578,9.18000030517578,9.18000030517578,9.18000030517578,10000,0.0,0.0
2024-03-22 10:05:00+08:00,9.1899995803833,9.1899995803833,9.18000030517578,9.18000030517578,7402,0.0,0.0
2024-03-22 10:10:00+08:00,9.18000030517578,9.18000030517578,9.170000076293944,9.170000076293944,9740,0.0,0.0
2024-03-22 10:15:00+08:00,9.170000076293944,9.18000030517578,9.170000076293944,9.18000030517578,8021,0.0,0.0
2024-03-22 10:20:00+08:00,9.18000030517578,9.199999809265137,9.18000030517578,9.199999809265137,10000,0.0,0.0
2024-03-22 10:25:00+08:00,9.18000030517578,9.18000030517578,9.18000030517578,9.18000030517578,55108,0.0,0.0
2024-03-22 10:35:00+08:00,9.18000030517578,9.199999809265137,9.18000030517578,9.199999809265137,8127,0.0,0.0
2024-03-22 10:40:00+08:00,9.199999809265137,9.199999809265137,9.199999809265137,9.199999809265137,4531,0.0,0.0
2024-03-22 10:45:00+08:00,9.199999809265137,9.199999809265137,9.199999809265137,9.199999809265137,7467,0.0,0.0
2024-03-22 10:50:00+08:00,9.210000038146973,9.210000038146973,9.199999809265137,9.199999809265137,6000,0.0,0.0
2024-03-22 10:55:00+08:00,9.210000038146973,9.220000267028809,9.210000038146973,9.220000267028809,10100,0.0,0.0
2024-03-22 11:00:00+08:00,9.220000267028809,9.220000267028809,9.220000267028809,9.220000267028809,18554,0.0,0.0
2024-03-22 11:05:00+08:00,9.210000038146973,9.210000038146973,9.199999809265137,9.210000038146973,21892,0.0,0.0
2024-03-22 11:10:00+08:00,9.210000038146973,9.210000038146973,9.210000038146973,9.210000038146973,2030,0.0,0.0
2024-03-22 11:15:00+08:00,9.210000038146973,9.210000038146973,9.210000038146973,9.210000038146973,9383,0.0,0.0
2024-03-22 11:20:00+08:00,9.199999809265137,9.210000038146973,9.199999809265137,9.210000038146973,8124,0.0,0.0
2024-03-22 11:25:00+08:00,9.220000267028809,9.220000267028809,9.220000267028809,9.220000267028809,8000,0.0,0.0
2024-03-22 11:35:00+08:00,9.220000267028809,9.220000267028809,9.220000267028809,9.220000267028809,4000,0.0,0.0
2024-03-22 11:40:00+08:00,9.220000267028809,9.220000267028809,9.220000267028809,9.220000267028809,1450,0.0,0.0
2024-03-22 11:45:00+08:00,9.220000267028809,9.229999542236328,9.220000267028809,9.229999542236328,40304,0.0,0.0
2024-03-22 11:50:00+08:00,9.229999542236328,9.279999732971191,9.229999542236328,9.279999732971191,146369,0.0,0.0
2024-03-22 11:55:00+08:00,9.279999732971191,9.289999961853027,9.279999732971191,9.289999961853027,13361,0.0,0.0
2024-03-22 12:00:00+08:00,9.289999961853027,9.300000190734863,9.279999732971191,9.279999732971191,37000,0.0,0.0
2024-03-22 12:05:00+08:00,9.270000457763672,9.270000457763672,9.270000457763672,9.270000457763672,5000,0.0,0.0
2024-03-22 12:10:00+08:00,9.270000457763672,9.270000457763672,9.270000457763672,9.270000457763672,4104,0.0,0.0
2024-03-22 12:20:00+08:00,9.279999732971191,9.289999961853027,9.279999732971191,9.289999961853027,5080,0.0,0.0
2024-03-22 12:25:00+08:00,9.279999732971191,9.279999732971191,9.279999732971191,9.279999732971191,11000,0.0,0.0
2024-03-22 12:30:00+08:00,9.270000457763672,9.270000457763672,9.270000457763672,9.270000457763672,5100,0.0,0.0
2024-03-22 12:35:00+08:00,9.270000457763672,9.279999732971191,9.260000228881836,9.279999732971191,8277,0.0,0.0
2024-03-22 12:40:00+08:00,9.279999732971191,9.279999732971191,9.279999732971191,9.279999732971191,11000,0.0,0.0
2024-03-22 12:45:00+08:00,9.279999732971191,9.279999732971191,9.260000228881836,9.270000457763672,13993,0.0,0.0
2024-03-22 12:50:00+08:00,9.270000457763672,9.270000457763672,9.270000457763672,9.270000457763672,3827,0.0,0.0
2024-03-22 12:55:00+08:00,9.270000457763672,9.270000457763672,9.270000457763672,9.270000457763672,1000,0.0,0.0
2024-03-22 13:00:00+08:00,9.270000457763672,9.270000457763672,9.260000228881836,9.270000457763672,3118,0.0,0.0
2024-03-22 13:05:00+08:00,9.270000457763672,9.270000457763672,9.260000228881836,9.270000457763672,49020,0.0,0.0
2024-03-22 13:10:00+08:00,9.270000457763672,9.270000457763672,9.260000228881836,9.260000228881836,8250,0.0,0.0
2024-03-22 13:15:00+08:00,9.270000457763672,9.270000457763672,9.270000457763672,9.270000457763672,9304,0.0,0.0
2024-03-22 13:20:00+08:00,9.260000228881836,9.260000228881836,9.25,9.25,36150,0.0,0.0
2024-03-25 09:00:00+08:00,9.239999771118164,9.260000228881836,9.229999542236328,9.260000228881836,0,0.0,0.0
2024-03-25 09:05:00+08:00,9.260000228881836,9.300000190734863,9.260000228881836,9.300000190734863,112733,0.0,0.0
2024-03-25 09:10:00+08:00,9.300000190734863,9.31999969482422,9.289999961853027,9.3100004196167,129500,0.0,0.0
2024-03-25 09:15:00+08:00,9.3100004196167,9.3100004196167,9.300000190734863,9.3100004196167,32541,0.0,0.0
2024-03-25 09:20:00+08:00,9.31999969482422,9.31999969482422,9.3100004196167,9.31999969482422,92982,0.0,0.0
2024-03-25 09:25:00+08:00,9.31999969482422,9.350000381469728,9.31999969482422,9.34000015258789,81197,0.0,0.0
2024-03-25 09:30:00+08:00,9.34000015258789,9.350000381469728,9.34000015258789,9.350000381469728,28520,0.0,0.0
2024-03-25 09:35:00+08:00,9.34000015258789,9.34000015258789,9.34000015258789,9.34000015258789,18160,0.0,0.0
2024-03-25 09:40:00+08:00,9.329999923706056,9.329999923706056,9.31999969482422,9.31999969482422,43390,0.0,0.0
2024-03-25 09:50:00+08:00,9.31999969482422,9.31999969482422,9.300000190734863,9.300000190734863,10251,0.0,0.0
2024-03-25 09:55:00+08:00,9.3100004196167,9.3100004196167,9.3100004196167,9.3100004196167,10034,0.0,0.0
2024-03-25 10:05:00+08:00,9.3100004196167,9.350000381469728,9.3100004196167,9.34000015258789,105342,0.0,0.0
2024-03-25 10:10:00+08:00,9.31999969482422,9.31999969482422,9.31999969482422,9.31999969482422,6499,0.0,0.0
2024-03-25 10:15:00+08:00,9.31999969482422,9.31999969482422,9.31999969482422,9.31999969482422,25050,0.0,0.0
2024-03-25 10:20:00+08:00,9.31999969482422,9.31999969482422,9.289999961853027,9.289999961853027,110394,0.0,0.0
2024-03-25 10:25:00+08:00,9.300000190734863,9.300000190734863,9.289999961853027,9.289999961853027,34128,0.0,0.0
2024-03-25 10:30:00+08:00,9.289999961853027,9.289999961853027,9.289999961853027,9.289999961853027,1100,0.0,0.0
2024-03-25 10:35:00+08:00,9.289999961853027,9.289999961853027,9.289999961853027,9.289999961853027,5000,0.0,0.0
2024-03-25 10:40:00+08:00,9.289999961853027,9.300000190734863,9.289999961853027,9.300000190734863,25235,0.0,0.0
2024-03-25 10:45:00+08:00,9.300000190734863,9.300000190734863,9.289999961853027,9.289999961853027,4459,0.0,0.0
2024-03-25 10:55:00+08:00,9.289999961853027,9.300000190734863,9.289999961853027,9.300000190734863,11105,0.0,0.0
2024-03-25 11:00:00+08:00,9.300000190734863,9.300000190734863,9.279999732971191,9.279999732971191,69174,0.0,0.0
2024-03-25 11:05:00+08:00,9.270000457763672,9.279999732971191,9.270000457763672,9.279999732971191,31996,0.0,0.0
2024-03-25 11:10:00+08:00,9.279999732971191,9.279999732971191,9.279999732971191,9.279999732971191,5033,0.0,0.0
2024-03-25 11:15:00+08:00,9.270000457763672,9.270000457763672,9.260000228881836,9.260000228881836,37678,0.0,0.0
2024-03-25 11:25:00+08:00,9.270000457763672,9.270000457763672,9.270000457763672,9.270000457763672,5033,0.0,0.0
2024-03-25 11:30:00+08:00,9.270000457763672,9.270000457763672,9.270000457763672,9.270000457763672,15125,0.0,0.0
2024-03-25 11:35:00+08:00,9.260000228881836,9.279999732971191,9.25,9.25,50136,0.0,0.0
2024-03-25 11:40:00+08:00,9.260000228881836,9.260000228881836,9.25,9.25,5269,0.0,0.0
2024-03-25 11:50:00+08:00,9.25,9.260000228881836,9.25,9.260000228881836,13655,0.0,0.0
2024-03-25 12:00:00+08:00,9.260000228881836,9.260000228881836,9.25,9.25,61408,0.0,0.0
2024-03-25 12:05:00+08:00,9.239999771118164,9.239999771118164,9.239999771118164,9.239999771118164,20262,0.0,0.0
2024-03-25 12:10:00+08:00,9.239999771118164,9.25,9.239999771118164,9.239999771118164,9823,0.0,0.0
2024-03-25 12:15:00+08:00,9.239999771118164,9.239999771118164,9.239999771118164,9.239999771118164,8359,0.0,0.0
2024-03-25 12:20:00+08:00,9.25,9.25,9.25,9.25,2372,0.0,0.0
2024-03-25 12:30:00+08:00,9.25,9.25,9.25,9.25,38000,0.0,0.0
2024-03-25 12:35:00+08:00,9.25,9.25,9.25,9.25,22000,0.0,0.0
2024-03-25 12:40:00+08:00,9.25,9.25,9.239999771118164,9.25,12000,0.0,0.0
2024-03-25 12:45:00+08:00,9.25,9.25,9.239999771118164,9.25,19041,0.0,0.0
2024-03-25 12:55:00+08:00,9.25,9.25,9.25,9.25,16083,0.0,0.0
2024-03-25 13:00:00+08:00,9.25,9.25,9.25,9.25,8069,0.0,0.0
2024-03-25 13:05:00+08:00,9.239999771118164,9.25,9.239999771118164,9.25,4729,0.0,0.0
2024-03-25 13:10:00+08:00,9.25,9.25,9.25,9.25,20724,0.0,0.0
2024-03-25 13:15:00+08:00,9.25,9.25,9.25,9.25,1035,0.0,0.0
2024-03-25 13:20:00+08:00,9.25,9.260000228881836,9.25,9.260000228881836,16010,0.0,0.0
2024-03-25 13:25:00+08:00,9.25,9.25,9.25,9.25,1203,0.0,0.0
2024-03-26 09:00:00+08:00,9.25,9.25,9.239999771118164,9.25,31000,0.0,0.0
2024-03-26 09:05:00+08:00,9.25,9.270000457763672,9.25,9.270000457763672,21520,0.0,0.0
2024-03-26 09:10:00+08:00,9.270000457763672,9.289999961853027,9.270000457763672,9.289999961853027,10999,0.0,0.0
2024-03-26 09:15:00+08:00,9.289999961853027,9.289999961853027,9.289999961853027,9.289999961853027,3050,0.0,0.0
2024-03-26 09:20:00+08:00,9.289999961853027,9.289999961853027,9.270000457763672,9.270000457763672,22029,0.0,0.0
2024-03-26 09:25:00+08:00,9.279999732971191,9.279999732971191,9.270000457763672,9.270000457763672,30180,0.0,0.0
2024-03-26 09:30:00+08:00,9.270000457763672,9.270000457763672,9.270000457763672,9.270000457763672,37740,0.0,0.0
2024-03-26 09:35:00+08:00,9.270000457763672,9.270000457763672,9.260000228881836,9.260000228881836,9100,0.0,0.0
2024-03-26 09:40:00+08:00,9.270000457763672,9.270000457763672,9.260000228881836,9.260000228881836,25096,0.0,0.0
2024-03-26 09:45:00+08:00,9.270000457763672,9.270000457763672,9.270000457763672,9.270000457763672,19080,0.0,0.0
2024-03-26 09:50:00+08:00,9.270000457763672,9.270000457763672,9.25,9.25,80000,0.0,0.0
2024-03-26 09:55:00+08:00,9.25,9.25,9.239999771118164,9.25,64832,0.0,0.0
2024-03-26 10:00:00+08:00,9.25,9.25,9.239999771118164,9.25,37759,0.0,0.0
2024-03-26 10:05:00+08:00,9.25,9.25,9.25,9.25,23113,0.0,0.0
2024-03-26 10:10:00+08:00,9.260000228881836,9.260000228881836,9.260000228881836,9.260000228881836,5180,0.0,0.0
2024-03-26 10:15:00+08:00,9.270000457763672,9.270000457763672,9.270000457763672,9.270000457763672,11100,0.0,0.0
2024-03-26 10:20:00+08:00,9.270000457763672,9.270000457763672,9.270000457763672,9.270000457763672,7000,0.0,0.0
2024-03-26 10:25:00+08:00,9.279999732971191,9.279999732971191,9.279999732971191,9.279999732971191,1000,0.0,0.0
2024-03-26 10:30:00+08:00,9.270000457763672,9.270000457763672,9.270000457763672,9.270000457763672,13147,0.0,0.0
2024-03-26 10:35:00+08:00,9.260000228881836,9.260000228881836,9.260000228881836,9.260000228881836,1550,0.0,0.0
2024-03-26 10:45:00+08:00,9.260000228881836,9.260000228881836,9.260000228881836,9.260000228881836,8175,0.0,0.0
2024-03-26 10:50:00+08:00,9.25,9.25,9.25,9.25,3271,0.0,0.0
2024-03-26 10:55:00+08:00,9.25,9.25,9.239999771118164,9.239999771118164,23376,0.0,0.0
2024-03-26 11:00:00+08:00,9.25,9.25,9.229999542236328,9.25,43892,0.0,0.0
2024-03-26 11:05:00+08:00,9.239999771118164,9.239999771118164,9.239999771118164,9.239999771118164,19141,0.0,0.0
2024-03-26 11:10:00+08:00,9.229999542236328,9.229999542236328,9.229999542236328,9.229999542236328,48465,0.0,0.0
2024-03-26 11:15:00+08:00,9.229999542236328,9.229999542236328,9.229999542236328,9.229999542236328,2040,0.0,0.0
2024-03-26 11:20:00+08:00,9.220000267028809,9.220000267028809,9.220000267028809,9.220000267028809,31362,0.0,0.0
2024-03-26 11:25:00+08:00,9.220000267028809,9.220000267028809,9.210000038146973,9.210000038146973,35000,0.0,0.0
2024-03-26 11:30:00+08:00,9.210000038146973,9.220000267028809,9.210000038146973,9.210000038146973,12734,0.0,0.0
2024-03-26 11:35:00+08:00,9.210000038146973,9.210000038146973,9.210000038146973,9.210000038146973,26951,0.0,0.0
2024-03-26 11:40:00+08:00,9.210000038146973,9.210000038146973,9.210000038146973,9.210000038146973,17891,0.0,0.0
2024-03-26 11:45:00+08:00,9.199999809265137,9.199999809265137,9.15999984741211,9.170000076293944,182286,0.0,0.0
2024-03-26 11:55:00+08:00,9.1899995803833,9.1899995803833,9.1899995803833,9.1899995803833,2554,0.0,0.0
2024-03-26 12:00:00+08:00,9.1899995803833,9.1899995803833,9.1899995803833,9.1899995803833,12560,0.0,0.0
2024-03-26 12:05:00+08:00,9.1899995803833,9.1899995803833,9.1899995803833,9.1899995803833,2000,0.0,0.0
2024-03-26 12:10:00+08:00,9.1899995803833,9.1899995803833,9.1899995803833,9.1899995803833,2262,0.0,0.0
2024-03-26 12:15:00+08:00,9.1899995803833,9.1899995803833,9.18000030517578,9.18000030517578,12355,0.0,0.0
2024-03-26 12:20:00+08:00,9.18000030517578,9.1899995803833,9.18000030517578,9.1899995803833,20288,0.0,0.0
2024-03-26 12:25:00+08:00,9.1899995803833,9.1899995803833,9.1899995803833,9.1899995803833,11176,0.0,0.0
2024-03-26 12:30:00+08:00,9.199999809265137,9.199999809265137,9.199999809265137,9.199999809265137,11785,0.0,0.0
2024-03-26 12:40:00+08:00,9.1899995803833,9.199999809265137,9.1899995803833,9.1899995803833,67789,0.0,0.0
2024-03-26 12:45:00+08:00,9.18000030517578,9.18000030517578,9.18000030517578,9.18000030517578,14308,0.0,0.0
2024-03-26 12:55:00+08:00,9.1899995803833,9.1899995803833,9.1899995803833,9.1899995803833,13101,0.0,0.0
2024-03-26 13:00:00+08:00,9.1899995803833,9.1899995803833,9.18000030517578,9.18000030517578,16236,0.0,0.0
2024-03-26 13:10:00+08:00,9.1899995803833,9.1899995803833,9.1899995803833,9.1899995803833,1300,0.0,0.0
2024-03-26 13:15:00+08:00,9.18000030517578,9.1899995803833,9.18000030517578,9.18000030517578,14048,0.0,0.0
2024-03-26 13:20:00+08:00,9.1899995803833,9.1899995803833,9.18000030517578,9.18000030517578,22257,0.0,0.0
2024-03-27 09:00:00+08:00,9.170000076293944,9.170000076293944,9.149999618530272,9.149999618530272,0,0.0,0.0
2024-03-27 09:05:00+08:00,9.149999618530272,9.15999984741211,9.149999618530272,9.15999984741211,29177,0.0,0.0
2024-03-27 09:10:00+08:00,9.15999984741211,9.15999984741211,9.15999984741211,9.15999984741211,17312,0.0,0.0
2024-03-27 09:15:00+08:00,9.15999984741211,9.15999984741211,9.15999984741211,9.15999984741211,2110,0.0,0.0
2024-03-27 09:20:00+08:00,9.15999984741211,9.15999984741211,9.15999984741211,9.15999984741211,18006,0.0,0.0
2024-03-27 09:25:00+08:00,9.15999984741211,9.170000076293944,9.15999984741211,9.170000076293944,22056,0.0,0.0
2024-03-27 09:30:00+08:00,9.15999984741211,9.170000076293944,9.149999618530272,9.15999984741211,61942,0.0,0.0
2024-03-27 09:35:00+08:00,9.15999984741211,9.15999984741211,9.149999618530272,9.149999618530272,42294,0.0,0.0
2024-03-27 09:40:00+08:00,9.15999984741211,9.15999984741211,9.15999984741211,9.15999984741211,6011,0.0,0.0
2024-03-27 09:45:00+08:00,9.149999618530272,9.149999618530272,9.140000343322754,9.140000343322754,56584,0.0,0.0
2024-03-27 09:50:00+08:00,9.140000343322754,9.149999618530272,9.140000343322754,9.149999618530272,11202,0.0,0.0
2024-03-27 09:55:00+08:00,9.140000343322754,9.140000343322754,9.140000343322754,9.140000343322754,9075,0.0,0.0
2024-03-27 10:00:00+08:00,9.149999618530272,9.149999618530272,9.149999618530272,9.149999618530272,57250,0.0,0.0
2024-03-27 10:05:00+08:00,9.15999984741211,9.15999984741211,9.15999984741211,9.15999984741211,13020,0.0,0.0
2024-03-27 10:10:00+08:00,9.15999984741211,9.15999984741211,9.15999984741211,9.15999984741211,17115,0.0,0.0
2024-03-27 10:15:00+08:00,9.15999984741211,9.15999984741211,9.15999984741211,9.15999984741211,1002,0.0,0.0
2024-03-27 10:20:00+08:00,9.15999984741211,9.15999984741211,9.15999984741211,9.15999984741211,13000,0.0,0.0
2024-03-27 10:25:00+08:00,9.15999984741211,9.15999984741211,9.15999984741211,9.15999984741211,5000,0.0,0.0
2024-03-27 10:30:00+08:00,9.15999984741211,9.15999984741211,9.15999984741211,9.15999984741211,19001,0.0,0.0
2024-03-27 10:35:00+08:00,9.170000076293944,9.220000267028809,9.170000076293944,9.220000267028809,201111,0.0,0.0
2024-03-27 10:40:00+08:00,9.210000038146973,9.210000038146973,9.210000038146973,9.210000038146973,2289,0.0,0.0
2024-03-27 10:45:00+08:00,9.210000038146973,9.210000038146973,9.210000038146973,9.210000038146973,26150,0.0,0.0
2024-03-27 10:50:00+08:00,9.220000267028809,9.229999542236328,9.220000267028809,9.229999542236328,27109,0.0,0.0
2024-03-27 10:55:00+08:00,9.220000267028809,9.220000267028809,9.220000267028809,9.220000267028809,4373,0.0,0.0
2024-03-27 11:00:00+08:00,9.220000267028809,9.220000267028809,9.210000038146973,9.210000038146973,21120,0.0,0.0
2024-03-27 11:05:00+08:00,9.210000038146973,9.210000038146973,9.210000038146973,9.210000038146973,6038,0.0,0.0
2024-03-27 11:10:00+08:00,9.210000038146973,9.210000038146973,9.1899995803833,9.199999809265137,35148,0.0,0.0
2024-03-27 11:15:00+08:00,9.199999809265137,9.199999809265137,9.199999809265137,9.199999809265137,6182,0.0,0.0
2024-03-27 11:25:00+08:00,9.199999809265137,9.199999809265137,9.1899995803833,9.1899995803833,36000,0.0,0.0
2024-03-27 11:30:00+08:00,9.1899995803833,9.1899995803833,9.1899995803833,9.1899995803833,3000,0.0,0.0
2024-03-27 11:35:00+08:00,9.1899995803833,9.1899995803833,9.1899995803833,9.1899995803833,25250,0.0,0.0
2024-03-27 11:40:00+08:00,9.1899995803833,9.1899995803833,9.1899995803833,9.1899995803833,9832,0.0,0.0
2024-03-27 11:45:00+08:00,9.1899995803833,9.1899995803833,9.18000030517578,9.18000030517578,20133,0.0,0.0
2024-03-27 11:50:00+08:00,9.18000030517578,9.18000030517578,9.18000030517578,9.18000030517578,9133,0.0,0.0
2024-03-27 11:55:00+08:00,9.18000030517578,9.18000030517578,9.15999984741211,9.170000076293944,74749,0.0,0.0
2024-03-27 12:00:00+08:00,9.15999984741211,9.170000076293944,9.140000343322754,9.15999984741211,120437,0.0,0.0
2024-03-27 12:10:00+08:00,9.15999984741211,9.170000076293944,9.15999984741211,9.15999984741211,33211,0.0,0.0
2024-03-27 12:15:00+08:00,9.15999984741211,9.170000076293944,9.15999984741211,9.170000076293944,17583,0.0,0.0
2024-03-27 12:20:00+08:00,9.170000076293944,9.170000076293944,9.15999984741211,9.15999984741211,39074,0.0,0.0
2024-03-27 12:25:00+08:00,9.15999984741211,9.15999984741211,9.15999984741211,9.15999984741211,18858,0.0,0.0
2024-03-27 12:30:00+08:00,9.149999618530272,9.15999984741211,9.149999618530272,9.15999984741211,48000,0.0,0.0
2024-03-27 12:35:00+08:00,9.15999984741211,9.15999984741211,9.15999984741211,9.15999984741211,28512,0.0,0.0
2024-03-27 12:40:00+08:00,9.15999984741211,9.15999984741211,9.15999984741211,9.15999984741211,20000,0.0,0.0
2024-03-27 12:45:00+08:00,9.15999984741211,9.170000076293944,9.15999984741211,9.170000076293944,10494,0.0,0.0
2024-03-27 12:50:00+08:00,9.170000076293944,9.170000076293944,9.170000076293944,9.170000076293944,3000,0.0,0.0
2024-03-27 12:55:00+08:00,9.15999984741211,9.15999984741211,9.15999984741211,9.15999984741211,8049,0.0,0.0
2024-03-27 13:00:00+08:00,9.15999984741211,9.15999984741211,9.15999984741211,9.15999984741211,24253,0.0,0.0
2024-03-27 13:05:00+08:00,9.15999984741211,9.170000076293944,9.15999984741211,9.15999984741211,25038,0.0,0.0
2024-03-27 13:10:00+08:00,9.170000076293944,9.18000030517578,9.170000076293944,9.18000030517578,45000,0.0,0.0
2024-03-27 13:15:00+08:00,9.170000076293944,9.170000076293944,9.15999984741211,9.15999984741211,56521,0.0,0.0
2024-03-27 13:20:00+08:00,9.15999984741211,9.18000030517578,9.15999984741211,9.18000030517578,28844,0.0,0.0
2024-03-28 09:00:00+08:00,9.170000076293944,9.170000076293944,9.15999984741211,9.170000076293944,0,0.0,0.0
2024-03-28 09:05:00+08:00,9.170000076293944,9.170000076293944,9.170000076293944,9.170000076293944,2279,0.0,0.0
2024-03-28 09:10:00+08:00,9.18000030517578,9.18000030517578,9.18000030517578,9.18000030517578,2651,0.0,0.0
2024-03-28 09:15:00+08:00,9.18000030517578,9.18000030517578,9.18000030517578,9.18000030517578,10480,0.0,0.0
2024-03-28 09:20:00+08:00,9.1899995803833,9.1899995803833,9.18000030517578,9.18000030517578,12950,0.0,0.0
2024-03-28 09:25:00+08:00,9.18000030517578,9.1899995803833,9.18000030517578,9.18000030517578,6060,0.0,0.0
2024-03-28 09:30:00+08:00,9.1899995803833,9.1899995803833,9.18000030517578,9.18000030517578,38152,0.0,0.0
2024-03-28 09:35:00+08:00,9.18000030517578,9.18000030517578,9.15999984741211,9.15999984741211,87264,0.0,0.0
2024-03-28 09:40:00+08:00,9.15999984741211,9.170000076293944,9.15999984741211,9.170000076293944,14172,0.0,0.0
2024-03-28 09:45:00+08:00,9.15999984741211,9.170000076293944,9.15999984741211,9.170000076293944,42133,0.0,0.0
2024-03-28 09:50:00+08:00,9.170000076293944,9.170000076293944,9.170000076293944,9.170000076293944,19421,0.0,0.0
2024-03-28 09:55:00+08:00,9.18000030517578,9.18000030517578,9.18000030517578,9.18000030517578,2300,0.0,0.0
2024-03-28 10:00:00+08:00,9.18000030517578,9.18000030517578,9.18000030517578,9.18000030517578,7410,0.0,0.0
2024-03-28 10:10:00+08:00,9.18000030517578,9.18000030517578,9.18000030517578,9.18000030517578,13099,0.0,0.0
2024-03-28 10:20:00+08:00,9.170000076293944,9.170000076293944,9.170000076293944,9.170000076293944,35395,0.0,0.0
2024-03-28 10:25:00+08:00,9.170000076293944,9.18000030517578,9.170000076293944,9.18000030517578,43851,0.0,0.0
2024-03-28 10:35:00+08:00,9.18000030517578,9.18000030517578,9.18000030517578,9.18000030517578,2000,0.0,0.0
2024-03-28 10:40:00+08:00,9.18000030517578,9.18000030517578,9.18000030517578,9.18000030517578,0,0.0,0.0
2024-03-28 10:45:00+08:00,9.18000030517578,9.18000030517578,9.18000030517578,9.18000030517578,422618,0.0,0.0
2024-03-28 10:50:00+08:00,9.170000076293944,9.170000076293944,9.170000076293944,9.170000076293944,26684,0.0,0.0
2024-03-28 10:55:00+08:00,9.170000076293944,9.170000076293944,9.170000076293944,9.170000076293944,1000,0.0,0.0
2024-03-28 11:00:00+08:00,9.15999984741211,9.170000076293944,9.15999984741211,9.15999984741211,43165,0.0,0.0
2024-03-28 11:05:00+08:00,9.170000076293944,9.170000076293944,9.15999984741211,9.15999984741211,4190,0.0,0.0
2024-03-28 11:10:00+08:00,9.15999984741211,9.170000076293944,9.15999984741211,9.15999984741211,15439,0.0,0.0
2024-03-28 11:20:00+08:00,9.170000076293944,9.170000076293944,9.15999984741211,9.170000076293944,21109,0.0,0.0
2024-03-28 11:25:00+08:00,9.170000076293944,9.170000076293944,9.15999984741211,9.15999984741211,14840,0.0,0.0
2024-03-28 11:30:00+08:00,9.15999984741211,9.170000076293944,9.15999984741211,9.170000076293944,14090,0.0,0.0
2024-03-28 11:35:00+08:00,9.170000076293944,9.170000076293944,9.170000076293944,9.170000076293944,11019,0.0,0.0
2024-03-28 11:40:00+08:00,9.15999984741211,9.170000076293944,9.15999984741211,9.170000076293944,78620,0.0,0.0
2024-03-28 11:45:00+08:00,9.170000076293944,9.170000076293944,9.170000076293944,9.170000076293944,20158,0.0,0.0
2024-03-28 11:55:00+08:00,9.170000076293944,9.170000076293944,9.170000076293944,9.170000076293944,6405,0.0,0.0
2024-03-28 12:00:00+08:00,9.170000076293944,9.170000076293944,9.170000076293944,9.170000076293944,2174,0.0,0.0
2024-03-28 12:10:00+08:00,9.170000076293944,9.170000076293944,9.170000076293944,9.170000076293944,5233,0.0,0.0
2024-03-28 12:15:00+08:00,9.170000076293944,9.170000076293944,9.170000076293944,9.170000076293944,3198,0.0,0.0
2024-03-28 12:20:00+08:00,9.170000076293944,9.170000076293944,9.170000076293944,9.170000076293944,2507,0.0,0.0
2024-03-28 12:30:00+08:00,9.15999984741211,9.15999984741211,9.15999984741211,9.15999984741211,21055,0.0,0.0
2024-03-28 12:35:00+08:00,9.15999984741211,9.15999984741211,9.15999984741211,9.15999984741211,24477,0.0,0.0
2024-03-28 12:40:00+08:00,9.15999984741211,9.15999984741211,9.149999618530272,9.149999618530272,241079,0.0,0.0
2024-03-28 12:45:00+08:00,9.15999984741211,9.15999984741211,9.149999618530272,9.149999618530272,12476,0.0,0.0
2024-03-28 12:50:00+08:00,9.15999984741211,9.15999984741211,9.15999984741211,9.15999984741211,5000,0.0,0.0
2024-03-28 12:55:00+08:00,9.15999984741211,9.170000076293944,9.15999984741211,9.15999984741211,9906,0.0,0.0
2024-03-28 13:00:00+08:00,9.15999984741211,9.15999984741211,9.15999984741211,9.15999984741211,3000,0.0,0.0
2024-03-28 13:05:00+08:00,9.15999984741211,9.170000076293944,9.15999984741211,9.170000076293944,3228,0.0,0.0
2024-03-28 13:10:00+08:00,9.15999984741211,9.15999984741211,9.15999984741211,9.15999984741211,12122,0.0,0.0
2024-03-28 13:15:00+08:00,9.15999984741211,9.15999984741211,9.15999984741211,9.15999984741211,4031,0.0,0.0
2024-03-28 13:20:00+08:00,9.15999984741211,9.15999984741211,9.149999618530272,9.15999984741211,28401,0.0,0.0
2024-03-29 09:00:00+08:00,9.130000114440918,9.18000030517578,9.130000114440918,9.18000030517578,71000,0.0,0.0
2024-03-29 09:05:00+08:00,9.15999984741211,9.15999984741211,9.15999984741211,9.15999984741211,2000,0.0,0.0
2024-03-29 09:10:00+08:00,9.149999618530272,9.149999618530272,9.149999618530272,9.149999618530272,10017,0.0,0.0
2024-03-29 09:15:00+08:00,9.149999618530272,9.149999618530272,9.149999618530272,9.149999618530272,12171,0.0,0.0
2024-03-29 09:20:00+08:00,9.140000343322754,9.140000343322754,9.140000343322754,9.140000343322754,26012,0.0,0.0
2024-03-29 09:25:00+08:00,9.140000343322754,9.140000343322754,9.119999885559082,9.119999885559082,189332,0.0,0.0
2024-03-29 09:30:00+08:00,9.119999885559082,9.119999885559082,9.100000381469728,9.119999885559082,121226,0.0,0.0
2024-03-29 09:35:00+08:00,9.109999656677246,9.109999656677246,9.109999656677246,9.109999656677246,35359,0.0,0.0
2024-03-29 09:40:00+08:00,9.119999885559082,9.119999885559082,9.119999885559082,9.119999885559082,5040,0.0,0.0
2024-03-29 09:45:00+08:00,9.109999656677246,9.119999885559082,9.109999656677246,9.119999885559082,50154,0.0,0.0
2024-03-29 09:50:00+08:00,9.109999656677246,9.109999656677246,9.109999656677246,9.109999656677246,40728,0.0,0.0
2024-03-29 09:55:00+08:00,9.109999656677246,9.109999656677246,9.100000381469728,9.109999656677246,41723,0.0,0.0
2024-03-29 10:00:00+08:00,9.109999656677246,9.109999656677246,9.109999656677246,9.109999656677246,32233,0.0,0.0
2024-03-29 10:05:00+08:00,9.109999656677246,9.109999656677246,9.100000381469728,9.109999656677246,25793,0.0,0.0
2024-03-29 10:10:00+08:00,9.109999656677246,9.119999885559082,9.109999656677246,9.119999885559082,20173,0.0,0.0
2024-03-29 10:20:00+08:00,9.109999656677246,9.119999885559082,9.109999656677246,9.119999885559082,7000,0.0,0.0
2024-03-29 10:25:00+08:00,9.100000381469728,9.100000381469728,9.100000381469728,9.100000381469728,124159,0.0,0.0
2024-03-29 10:30:00+08:00,9.100000381469728,9.109999656677246,9.100000381469728,9.109999656677246,49393,0.0,0.0
2024-03-29 10:35:00+08:00,9.109999656677246,9.109999656677246,9.100000381469728,9.100000381469728,36000,0.0,0.0
2024-03-29 10:40:00+08:00,9.100000381469728,9.100000381469728,9.100000381469728,9.100000381469728,12133,0.0,0.0
2024-03-29 10:45:00+08:00,9.100000381469728,9.100000381469728,9.100000381469728,9.100000381469728,92508,0.0,0.0
2024-03-29 10:50:00+08:00,9.100000381469728,9.100000381469728,9.100000381469728,9.100000381469728,5139,0.0,0.0
2024-03-29 10:55:00+08:00,9.100000381469728,9.100000381469728,9.09000015258789,9.09000015258789,112925,0.0,0.0
2024-03-29 11:00:00+08:00,9.09000015258789,9.09000015258789,9.09000015258789,9.09000015258789,50392,0.0,0.0
2024-03-29 11:05:00+08:00,9.09000015258789,9.100000381469728,9.09000015258789,9.09000015258789,30537,0.0,0.0
2024-03-29 11:10:00+08:00,9.100000381469728,9.100000381469728,9.09000015258789,9.100000381469728,93535,0.0,0.0
2024-03-29 11:20:00+08:00,9.100000381469728,9.100000381469728,9.100000381469728,9.100000381469728,43031,0.0,0.0
2024-03-29 11:25:00+08:00,9.100000381469728,9.100000381469728,9.100000381469728,9.100000381469728,4260,0.0,0.0
2024-03-29 11:35:00+08:00,9.100000381469728,9.100000381469728,9.100000381469728,9.100000381469728,8255,0.0,0.0
2024-03-29 11:40:00+08:00,9.100000381469728,9.109999656677246,9.100000381469728,9.100000381469728,30814,0.0,0.0
2024-03-29 11:45:00+08:00,9.100000381469728,9.100000381469728,9.09000015258789,9.09000015258789,41178,0.0,0.0
2024-03-29 11:50:00+08:00,9.100000381469728,9.119999885559082,9.100000381469728,9.100000381469728,90000,0.0,0.0
2024-03-29 11:55:00+08:00,9.109999656677246,9.109999656677246,9.109999656677246,9.109999656677246,11844,0.0,0.0
2024-03-29 12:10:00+08:00,9.109999656677246,9.109999656677246,9.100000381469728,9.109999656677246,25000,0.0,0.0
2024-03-29 12:15:00+08:00,9.109999656677246,9.109999656677246,9.109999656677246,9.109999656677246,2210,0.0,0.0
2024-03-29 12:20:00+08:00,9.109999656677246,9.109999656677246,9.109999656677246,9.109999656677246,14425,0.0,0.0
2024-03-29 12:25:00+08:00,9.109999656677246,9.109999656677246,9.109999656677246,9.109999656677246,6056,0.0,0.0
2024-03-29 12:30:00+08:00,9.109999656677246,9.109999656677246,9.109999656677246,9.109999656677246,15867,0.0,0.0
2024-03-29 12:40:00+08:00,9.109999656677246,9.109999656677246,9.109999656677246,9.109999656677246,1000,0.0,0.0
2024-03-29 12:45:00+08:00,9.109999656677246,9.109999656677246,9.109999656677246,9.109999656677246,1000,0.0,0.0
2024-03-29 12:50:00+08:00,9.109999656677246,9.109999656677246,9.109999656677246,9.109999656677246,13028,0.0,0.0
2024-03-29 12:55:00+08:00,9.109999656677246,9.109999656677246,9.100000381469728,9.109999656677246,78965,0.0,0.0
2024-03-29 13:00:00+08:00,9.109999656677246,9.109999656677246,9.109999656677246,9.109999656677246,8000,0.0,0.0
2024-03-29 13:05:00+08:00,9.109999656677246,9.109999656677246,9.100000381469728,9.100000381469728,24186,0.0,0.0
2024-03-29 13:10:00+08:00,9.100000381469728,9.109999656677246,9.100000381469728,9.109999656677246,18380,0.0,0.0
2024-03-29 13:15:00+08:00,9.109999656677246,9.109999656677246,9.100000381469728,9.109999656677246,26196,0.0,0.0
2024-03-29 13:20:00+08:00,9.109999656677246,9.109999656677246,9.09000015258789,9.100000381469728,59914,0.0,0.0
2024-04-01 09:00:00+08:00,9.109999656677246,9.109999656677246,9.109999656677246,9.109999656677246,0,0.0,0.0
2024-04-01 09:05:00+08:00,9.109999656677246,9.149999618530272,9.109999656677246,9.130000114440918,13894,0.0,0.0
2024-04-01 09:10:00+08:00,9.140000343322754,9.18000030517578,9.140000343322754,9.170000076293944,97979,0.0,0.0
2024-04-01 09:15:00+08:00,9.170000076293944,9.170000076293944,9.170000076293944,9.170000076293944,40561,0.0,0.0
2024-04-01 09:20:00+08:00,9.170000076293944,9.170000076293944,9.109999656677246,9.149999618530272,52121,0.0,0.0
2024-04-01 09:25:00+08:00,9.149999618530272,9.15999984741211,9.149999618530272,9.149999618530272,13000,0.0,0.0
2024-04-01 09:30:00+08:00,9.149999618530272,9.15999984741211,9.149999618530272,9.15999984741211,5040,0.0,0.0
2024-04-01 09:35:00+08:00,9.170000076293944,9.170000076293944,9.15999984741211,9.15999984741211,7000,0.0,0.0
2024-04-01 09:40:00+08:00,9.15999984741211,9.170000076293944,9.15999984741211,9.170000076293944,12560,0.0,0.0
2024-04-01 09:45:00+08:00,9.15999984741211,9.170000076293944,9.15999984741211,9.170000076293944,4315,0.0,0.0
2024-04-01 09:50:00+08:00,9.170000076293944,9.170000076293944,9.170000076293944,9.170000076293944,32000,0.0,0.0
2024-04-01 09:55:00+08:00,9.170000076293944,9.170000076293944,9.170000076293944,9.170000076293944,9520,0.0,0.0
2024-04-01 10:00:00+08:00,9.170000076293944,9.170000076293944,9.170000076293944,9.170000076293944,20212,0.0,0.0
2024-04-01 10:05:00+08:00,9.170000076293944,9.170000076293944,9.170000076293944,9.170000076293944,2061,0.0,0.0
2024-04-01 10:10:00+08:00,9.170000076293944,9.170000076293944,9.170000076293944,9.170000076293944,3019,0.0,0.0
2024-04-01 10:15:00+08:00,9.15999984741211,9.15999984741211,9.15999984741211,9.15999984741211,13829,0.0,0.0
2024-04-01 10:25:00+08:00,9.15999984741211,9.15999984741211,9.149999618530272,9.15999984741211,5000,0.0,0.0
2024-04-01 10:30:00+08:00,9.149999618530272,9.15999984741211,9.149999618530272,9.15999984741211,13000,0.0,0.0
2024-04-01 10:35:00+08:00,9.15999984741211,9.15999984741211,9.15999984741211,9.15999984741211,2652,0.0,0.0
2024-04-01 10:40:00+08:00,9.15999984741211,9.15999984741211,9.149999618530272,9.149999618530272,29391,0.0,0.0
2024-04-01 10:45:00+08:00,9.149999618530272,9.149999618530272,9.149999618530272,9.149999618530272,2131,0.0,0.0
2024-04-01 10:50:00+08:00,9.149999618530272,9.149999618530272,9.149999618530272,9.149999618530272,6050,0.0,0.0
2024-04-01 10:55:00+08:00,9.149999618530272,9.149999618530272,9.149999618530272,9.149999618530272,18054,0.0,0.0
2024-04-01 11:00:00+08:00,9.149999618530272,9.170000076293944,9.149999618530272,9.149999618530272,73100,0.0,0.0
2024-04-01 11:05:00+08:00,9.170000076293944,9.170000076293944,9.170000076293944,9.170000076293944,9105,0.0,0.0
2024-04-01 11:10:00+08:00,9.170000076293944,9.170000076293944,9.149999618530272,9.15999984741211,5023,0.0,0.0
2024-04-01 11:15:00+08:00,9.15999984741211,9.170000076293944,9.15999984741211,9.170000076293944,0,0.0,0.0
2024-04-01 11:20:00+08:00,9.18000030517578,9.18000030517578,9.170000076293944,9.170000076293944,653691,0.0,0.0
2024-04-01 11:25:00+08:00,9.18000030517578,9.18000030517578,9.170000076293944,9.170000076293944,15080,0.0,0.0
2024-04-01 11:30:00+08:00,9.170000076293944,9.170000076293944,9.170000076293944,9.170000076293944,12006,0.0,0.0
2024-04-01 11:35:00+08:00,9.170000076293944,9.170000076293944,9.170000076293944,9.170000076293944,50500,0.0,0.0
2024-04-01 11:40:00+08:00,9.170000076293944,9.170000076293944,9.170000076293944,9.170000076293944,1835,0.0,0.0
2024-04-01 11:50:00+08:00,9.170000076293944,9.170000076293944,9.170000076293944,9.170000076293944,46513,0.0,0.0
2024-04-01 12:00:00+08:00,9.170000076293944,9.170000076293944,9.170000076293944,9.170000076293944,1050,0.0,0.0
2024-04-01 12:05:00+08:00,9.170000076293944,9.170000076293944,9.170000076293944,9.170000076293944,7100,0.0,0.0
2024-04-01 12:10:00+08:00,9.170000076293944,9.170000076293944,9.15999984741211,9.15999984741211,3010,0.0,0.0
2024-04-01 12:15:00+08:00,9.170000076293944,9.18000030517578,9.170000076293944,9.18000030517578,6192,0.0,0.0
2024-04-01 12:20:00+08:00,9.15999984741211,9.15999984741211,9.15999984741211,9.15999984741211,22050,0.0,0.0
2024-04-01 12:25:00+08:00,9.170000076293944,9.170000076293944,9.149999618530272,9.149999618530272,8204,0.0,0.0
2024-04-01 12:40:00+08:00,9.15999984741211,9.15999984741211,9.149999618530272,9.149999618530272,50000,0.0,0.0
2024-04-01 12:45:00+08:00,9.140000343322754,9.140000343322754,9.140000343322754,9.140000343322754,8067,0.0,0.0
2024-04-01 12:50:00+08:00,9.149999618530272,9.149999618530272,9.149999618530272,9.149999618530272,2000,0.0,0.0
2024-04-01 12:55:00+08:00,9.149999618530272,9.15999984741211,9.140000343322754,9.15999984741211,38000,0.0,0.0
2024-04-01 13:00:00+08:00,9.15999984741211,9.15999984741211,9.15999984741211,9.15999984741211,2000,0.0,0.0
2024-04-01 13:05:00+08:00,9.15999984741211,9.15999984741211,9.149999618530272,9.149999618530272,19249,0.0,0.0
2024-04-01 13:10:00+08:00,9.149999618530272,9.15999984741211,9.149999618530272,9.15999984741211,14109,0.0,0.0
2024-04-01 13:15:00+08:00,9.15999984741211,9.170000076293944,9.15999984741211,9.170000076293944,3311,0.0,0.0
2024-04-01 13:20:00+08:00,9.15999984741211,9.15999984741211,9.149999618530272,9.149999618530272,18488,0.0,0.0
2024-04-02 09:00:00+08:00,9.18000030517578,9.210000038146973,9.170000076293944,9.170000076293944,0,0.0,0.0
2024-04-02 09:05:00+08:00,9.170000076293944,9.170000076293944,9.170000076293944,9.170000076293944,2000,0.0,0.0
2024-04-02 09:10:00+08:00,9.170000076293944,9.170000076293944,9.130000114440918,9.130000114440918,110410,0.0,0.0
2024-04-02 09:15:00+08:00,9.170000076293944,9.170000076293944,9.170000076293944,9.170000076293944,3187,0.0,0.0
2024-04-02 09:20:00+08:00,9.140000343322754,9.149999618530272,9.140000343322754,9.140000343322754,16971,0.0,0.0
2024-04-02 09:25:00+08:00,9.140000343322754,9.140000343322754,9.140000343322754,9.140000343322754,0,0.0,0.0
2024-04-02 09:30:00+08:00,9.130000114440918,9.140000343322754,9.119999885559082,9.140000343322754,185519,0.0,0.0
2024-04-02 09:35:00+08:00,9.140000343322754,9.140000343322754,9.140000343322754,9.140000343322754,20198,0.0,0.0
2024-04-02 09:40:00+08:00,9.149999618530272,9.149999618530272,9.149999618530272,9.149999618530272,1997,0.0,0.0
2024-04-02 09:50:00+08:00,9.149999618530272,9.149999618530272,9.119999885559082,9.130000114440918,43451,0.0,0.0
2024-04-02 09:55:00+08:00,9.130000114440918,9.140000343322754,9.130000114440918,9.140000343322754,4830,0.0,0.0
2024-04-02 10:00:00+08:00,9.140000343322754,9.140000343322754,9.130000114440918,9.130000114440918,28593,0.0,0.0
2024-04-02 10:05:00+08:00,9.130000114440918,9.130000114440918,9.130000114440918,9.130000114440918,6159,0.0,0.0
2024-04-02 10:10:00+08:00,9.130000114440918,9.130000114440918,9.119999885559082,9.130000114440918,82570,0.0,0.0
2024-04-02 10:15:00+08:00,9.119999885559082,9.130000114440918,9.109999656677246,9.119999885559082,46571,0.0,0.0
2024-04-02 10:30:00+08:00,9.119999885559082,9.119999885559082,9.119999885559082,9.119999885559082,55044,0.0,0.0
2024-04-02 10:35:00+08:00,9.119999885559082,9.119999885559082,9.119999885559082,9.119999885559082,3263,0.0,0.0
2024-04-02 10:40:00+08:00,9.109999656677246,9.109999656677246,9.109999656677246,9.109999656677246,10319,0.0,0.0
2024-04-02 10:45:00+08:00,9.109999656677246,9.119999885559082,9.109999656677246,9.119999885559082,20137,0.0,0.0
2024-04-02 10:50:00+08:00,9.109999656677246,9.109999656677246,9.109999656677246,9.109999656677246,3000,0.0,0.0
2024-04-02 10:55:00+08:00,9.119999885559082,9.119999885559082,9.119999885559082,9.119999885559082,14000,0.0,0.0
2024-04-02 11:00:00+08:00,9.119999885559082,9.119999885559082,9.119999885559082,9.119999885559082,18173,0.0,0.0
2024-04-02 11:05:00+08:00,9.119999885559082,9.119999885559082,9.109999656677246,9.109999656677246,6000,0.0,0.0
2024-04-02 11:10:00+08:00,9.109999656677246,9.109999656677246,9.109999656677246,9.109999656677246,1139,0.0,0.0
2024-04-02 11:15:00+08:00,9.119999885559082,9.119999885559082,9.109999656677246,9.109999656677246,9063,0.0,0.0
2024-04-02 11:20:00+08:00,9.109999656677246,9.109999656677246,9.109999656677246,9.109999656677246,1310,0.0,0.0
2024-04-02 11:25:00+08:00,9.109999656677246,9.109999656677246,9.109999656677246,9.109999656677246,1000,0.0,0.0
2024-04-02 11:30:00+08:00,9.119999885559082,9.119999885559082,9.109999656677246,9.119999885559082,14075,0.0,0.0
2024-04-02 11:35:00+08:00,9.119999885559082,9.119999885559082,9.109999656677246,9.119999885559082,5470,0.0,0.0
2024-04-02 11:40:00+08:00,9.119999885559082,9.119999885559082,9.109999656677246,9.109999656677246,29920,0.0,0.0
2024-04-02 11:45:00+08:00,9.109999656677246,9.119999885559082,9.109999656677246,9.119999885559082,64000,0.0,0.0
2024-04-02 11:50:00+08:00,9.119999885559082,9.119999885559082,9.119999885559082,9.119999885559082,1688,0.0,0.0
2024-04-02 11:55:00+08:00,9.109999656677246,9.109999656677246,9.109999656677246,9.109999656677246,1220,0.0,0.0
2024-04-02 12:00:00+08:00,9.119999885559082,9.119999885559082,9.119999885559082,9.119999885559082,4643,0.0,0.0
2024-04-02 12:05:00+08:00,9.119999885559082,9.119999885559082,9.119999885559082,9.119999885559082,3035,0.0,0.0
2024-04-02 12:10:00+08:00,9.119999885559082,9.119999885559082,9.119999885559082,9.119999885559082,3110,0.0,0.0
2024-04-02 12:20:00+08:00,9.130000114440918,9.130000114440918,9.119999885559082,9.119999885559082,17647,0.0,0.0
2024-04-02 12:30:00+08:00,9.119999885559082,9.119999885559082,9.119999885559082,9.119999885559082,11172,0.0,0.0
2024-04-02 12:35:00+08:00,9.130000114440918,9.130000114440918,9.130000114440918,9.130000114440918,1090,0.0,0.0
2024-04-02 12:40:00+08:00,9.119999885559082,9.119999885559082,9.119999885559082,9.119999885559082,2238,0.0,0.0
2024-04-02 12:50:00+08:00,9.130000114440918,9.130000114440918,9.130000114440918,9.130000114440918,7094,0.0,0.0
2024-04-02 12:55:00+08:00,9.130000114440918,9.130000114440918,9.130000114440918,9.130000114440918,1181,0.0,0.0
2024-04-02 13:00:00+08:00,9.130000114440918,9.130000114440918,9.119999885559082,9.119999885559082,25470,0.0,0.0
2024-04-02 13:05:00+08:00,9.130000114440918,9.130000114440918,9.119999885559082,9.119999885559082,13021,0.0,0.0
2024-04-02 13:10:00+08:00,9.119999885559082,9.130000114440918,9.119999885559082,9.130000114440918,23207,0.0,0.0
2024-04-02 13:15:00+08:00,9.130000114440918,9.130000114440918,9.119999885559082,9.119999885559082,13876,0.0,0.0
2024-04-02 13:20:00+08:00,9.119999885559082,9.130000114440918,9.119999885559082,9.119999885559082,9770,0.0,0.0
2024-04-03 09:00:00+08:00,9.119999885559082,9.119999885559082,9.119999885559082,9.119999885559082,0,0.0,0.0
2024-04-03 09:05:00+08:00,9.119999885559082,9.119999885559082,9.119999885559082,9.119999885559082,3390,0.0,0.0
2024-04-03 09:10:00+08:00,9.119999885559082,9.119999885559082,9.100000381469728,9.100000381469728,37186,0.0,0.0
2024-04-03 09:15:00+08:00,9.100000381469728,9.100000381469728,9.100000381469728,9.100000381469728,74091,0.0,0.0
2024-04-03 09:20:00+08:00,9.100000381469728,9.100000381469728,9.100000381469728,9.100000381469728,15406,0.0,0.0
2024-04-03 09:25:00+08:00,9.109999656677246,9.109999656677246,9.109999656677246,9.109999656677246,11010,0.0,0.0
2024-04-03 09:30:00+08:00,9.100000381469728,9.100000381469728,9.100000381469728,9.100000381469728,12000,0.0,0.0
2024-04-03 09:35:00+08:00,9.109999656677246,9.109999656677246,9.100000381469728,9.100000381469728,31275,0.0,0.0
2024-04-03 09:40:00+08:00,9.100000381469728,9.100000381469728,9.100000381469728,9.100000381469728,10193,0.0,0.0
2024-04-03 09:45:00+08:00,9.09000015258789,9.100000381469728,9.09000015258789,9.100000381469728,3181,0.0,0.0
2024-04-03 09:50:00+08:00,9.100000381469728,9.100000381469728,9.100000381469728,9.100000381469728,5693,0.0,0.0
2024-04-03 09:55:00+08:00,9.100000381469728,9.100000381469728,9.09000015258789,9.100000381469728,125442,0.0,0.0
2024-04-03 10:00:00+08:00,9.09000015258789,9.09000015258789,9.09000015258789,9.09000015258789,1242,0.0,0.0
2024-04-03 10:05:00+08:00,9.100000381469728,9.119999885559082,9.100000381469728,9.119999885559082,6610,0.0,0.0
2024-04-03 10:20:00+08:00,9.100000381469728,9.100000381469728,9.100000381469728,9.100000381469728,1246,0.0,0.0
2024-04-03 10:35:00+08:00,9.109999656677246,9.109999656677246,9.109999656677246,9.109999656677246,1400,0.0,0.0
2024-04-03 10:50:00+08:00,9.100000381469728,9.100000381469728,9.100000381469728,9.100000381469728,3121,0.0,0.0
2024-04-03 11:00:00+08:00,9.100000381469728,9.100000381469728,9.100000381469728,9.100000381469728,2030,0.0,0.0
2024-04-03 11:05:00+08:00,9.100000381469728,9.100000381469728,9.100000381469728,9.100000381469728,20947,0.0,0.0
2024-04-03 11:10:00+08:00,9.100000381469728,9.100000381469728,9.100000381469728,9.100000381469728,5046,0.0,0.0
2024-04-03 11:15:00+08:00,9.100000381469728,9.100000381469728,9.100000381469728,9.100000381469728,3240,0.0,0.0
2024-04-03 11:20:00+08:00,9.100000381469728,9.109999656677246,9.100000381469728,9.109999656677246,21149,0.0,0.0
2024-04-03 11:25:00+08:00,9.109999656677246,9.109999656677246,9.109999656677246,9.109999656677246,3103,0.0,0.0
2024-04-03 11:30:00+08:00,9.109999656677246,9.109999656677246,9.109999656677246,9.109999656677246,27066,0.0,0.0
2024-04-03 11:35:00+08:00,9.109999656677246,9.109999656677246,9.109999656677246,9.109999656677246,1177,0.0,0.0
2024-04-03 11:40:00+08:00,9.100000381469728,9.100000381469728,9.100000381469728,9.100000381469728,4132,0.0,0.0
2024-04-03 11:45:00+08:00,9.100000381469728,9.109999656677246,9.100000381469728,9.109999656677246,2237,0.0,0.0
2024-04-03 11:50:00+08:00,9.109999656677246,9.109999656677246,9.109999656677246,9.109999656677246,4000,0.0,0.0
2024-04-03 11:55:00+08:00,9.109999656677246,9.109999656677246,9.109999656677246,9.109999656677246,2000,0.0,0.0
2024-04-03 12:00:00+08:00,9.109999656677246,9.109999656677246,9.109999656677246,9.109999656677246,1164,0.0,0.0
2024-04-03 12:05:00+08:00,9.109999656677246,9.109999656677246,9.100000381469728,9.100000381469728,3002,0.0,0.0
2024-04-03 12:10:00+08:00,9.109999656677246,9.109999656677246,9.109999656677246,9.109999656677246,7420,0.0,0.0
2024-04-03 12:15:00+08:00,9.100000381469728,9.100000381469728,9.100000381469728,9.100000381469728,1040,0.0,0.0
2024-04-03 12:20:00+08:00,9.100000381469728,9.100000381469728,9.100000381469728,9.100000381469728,2004,0.0,0.0
2024-04-03 12:30:00+08:00,9.100000381469728,9.100000381469728,9.100000381469728,9.100000381469728,2696,0.0,0.0
2024-04-03 12:40:00+08:00,9.100000381469728,9.100000381469728,9.100000381469728,9.100000381469728,14146,0.0,0.0
2024-04-03 12:45:00+08:00,9.100000381469728,9.100000381469728,9.100000381469728,9.100000381469728,68354,0.0,0.0
2024-04-03 12:50:00+08:00,9.100000381469728,9.100000381469728,9.100000381469728,9.100000381469728,10537,0.0,0.0
2024-04-03 12:55:00+08:00,9.09000015258789,9.09000015258789,9.09000015258789,9.09000015258789,3201,0.0,0.0
2024-04-03 13:00:00+08:00,9.09000015258789,9.09000015258789,9.09000015258789,9.09000015258789,9046,0.0,0.0
2024-04-03 13:05:00+08:00,9.100000381469728,9.100000381469728,9.100000381469728,9.100000381469728,2100,0.0,0.0
2024-04-03 13:10:00+08:00,9.100000381469728,9.100000381469728,9.100000381469728,9.100000381469728,13594,0.0,0.0
2024-04-03 13:15:00+08:00,9.100000381469728,9.100000381469728,9.09000015258789,9.100000381469728,17540,0.0,0.0
2024-04-03 13:20:00+08:00,9.100000381469728,9.100000381469728,9.09000015258789,9.09000015258789,66341,0.0,0.0
2024-04-08 09:00:00+08:00,9.100000381469728,9.100000381469728,9.09000015258789,9.09000015258789,0,0.0,0.0
2024-04-08 09:05:00+08:00,9.100000381469728,9.100000381469728,9.100000381469728,9.100000381469728,12000,0.0,0.0
2024-04-08 09:10:00+08:00,9.100000381469728,9.100000381469728,9.100000381469728,9.100000381469728,25807,0.0,0.0
2024-04-08 09:15:00+08:00,9.09000015258789,9.09000015258789,9.09000015258789,9.09000015258789,12485,0.0,0.0
2024-04-08 09:20:00+08:00,9.09000015258789,9.09000015258789,9.06999969482422,9.06999969482422,119889,0.0,0.0
2024-04-08 09:25:00+08:00,9.079999923706056,9.079999923706056,9.0600004196167,9.06999969482422,108359,0.0,0.0
2024-04-08 09:30:00+08:00,9.06999969482422,9.06999969482422,9.0600004196167,9.0600004196167,22000,0.0,0.0
2024-04-08 09:35:00+08:00,9.06999969482422,9.06999969482422,9.0600004196167,9.0600004196167,21208,0.0,0.0
2024-04-08 09:40:00+08:00,9.06999969482422,9.079999923706056,9.06999969482422,9.079999923706056,21346,0.0,0.0
2024-04-08 09:45:00+08:00,9.06999969482422,9.06999969482422,9.06999969482422,9.06999969482422,3477,0.0,0.0
2024-04-08 09:50:00+08:00,9.079999923706056,9.079999923706056,9.079999923706056,9.079999923706056,1343,0.0,0.0
2024-04-08 09:55:00+08:00,9.079999923706056,9.079999923706056,9.079999923706056,9.079999923706056,6223,0.0,0.0
2024-04-08 10:00:00+08:00,9.079999923706056,9.09000015258789,9.079999923706056,9.09000015258789,47442,0.0,0.0
2024-04-08 10:05:00+08:00,9.09000015258789,9.09000015258789,9.09000015258789,9.09000015258789,3061,0.0,0.0
2024-04-08 10:10:00+08:00,9.100000381469728,9.100000381469728,9.100000381469728,9.100000381469728,1000,0.0,0.0
2024-04-08 10:15:00+08:00,9.09000015258789,9.100000381469728,9.09000015258789,9.09000015258789,16379,0.0,0.0
2024-04-08 10:25:00+08:00,9.09000015258789,9.09000015258789,9.09000015258789,9.09000015258789,3000,0.0,0.0
2024-04-08 10:30:00+08:00,9.100000381469728,9.100000381469728,9.079999923706056,9.079999923706056,9327,0.0,0.0
2024-04-08 10:35:00+08:00,9.09000015258789,9.09000015258789,9.09000015258789,9.09000015258789,1411,0.0,0.0
2024-04-08 10:50:00+08:00,9.100000381469728,9.100000381469728,9.100000381469728,9.100000381469728,3260,0.0,0.0
2024-04-08 11:00:00+08:00,9.09000015258789,9.109999656677246,9.09000015258789,9.109999656677246,65000,0.0,0.0
2024-04-08 11:05:00+08:00,9.100000381469728,9.100000381469728,9.100000381469728,9.100000381469728,2350,0.0,0.0
2024-04-08 11:10:00+08:00,9.100000381469728,9.100000381469728,9.100000381469728,9.100000381469728,8656,0.0,0.0
2024-04-08 11:15:00+08:00,9.100000381469728,9.100000381469728,9.100000381469728,9.100000381469728,1120,0.0,0.0
2024-04-08 11:20:00+08:00,9.100000381469728,9.119999885559082,9.100000381469728,9.119999885559082,51206,0.0,0.0
2024-04-08 11:25:00+08:00,9.119999885559082,9.119999885559082,9.119999885559082,9.119999885559082,23542,0.0,0.0
2024-04-08 11:35:00+08:00,9.119999885559082,9.119999885559082,9.119999885559082,9.119999885559082,1321,0.0,0.0
2024-04-08 11:40:00+08:00,9.119999885559082,9.119999885559082,9.109999656677246,9.109999656677246,20661,0.0,0.0
2024-04-08 11:45:00+08:00,9.109999656677246,9.109999656677246,9.109999656677246,9.109999656677246,1256,0.0,0.0
2024-04-08 11:50:00+08:00,9.100000381469728,9.100000381469728,9.100000381469728,9.100000381469728,1043,0.0,0.0
2024-04-08 11:55:00+08:00,9.100000381469728,9.100000381469728,9.100000381469728,9.100000381469728,16014,0.0,0.0
2024-04-08 12:00:00+08:00,9.100000381469728,9.100000381469728,9.100000381469728,9.100000381469728,5000,0.0,0.0
2024-04-08 12:05:00+08:00,9.100000381469728,9.100000381469728,9.100000381469728,9.100000381469728,2300,0.0,0.0
2024-04-08 12:10:00+08:00,9.100000381469728,9.100000381469728,9.100000381469728,9.100000381469728,24000,0.0,0.0
2024-04-08 12:15:00+08:00,9.100000381469728,9.100000381469728,9.100000381469728,9.100000381469728,17505,0.0,0.0
2024-04-08 12:20:00+08:00,9.100000381469728,9.100000381469728,9.100000381469728,9.100000381469728,1000,0.0,0.0
2024-04-08 12:25:00+08:00,9.100000381469728,9.100000381469728,9.100000381469728,9.100000381469728,5441,0.0,0.0
2024-04-08 12:30:00+08:00,9.100000381469728,9.100000381469728,9.100000381469728,9.100000381469728,3028,0.0,0.0
2024-04-08 12:35:00+08:00,9.100000381469728,9.109999656677246,9.100000381469728,9.109999656677246,59058,0.0,0.0
2024-04-08 12:40:00+08:00,9.119999885559082,9.119999885559082,9.119999885559082,9.119999885559082,9000,0.0,0.0
2024-04-08 12:45:00+08:00,9.119999885559082,9.119999885559082,9.119999885559082,9.119999885559082,10050,0.0,0.0
2024-04-08 12:50:00+08:00,9.119999885559082,9.119999885559082,9.119999885559082,9.119999885559082,6030,0.0,0.0
2024-04-08 12:55:00+08:00,9.109999656677246,9.109999656677246,9.109999656677246,9.109999656677246,25574,0.0,0.0
2024-04-08 13:00:00+08:00,9.109999656677246,9.119999885559082,9.109999656677246,9.119999885559082,80200,0.0,0.0
2024-04-08 13:05:00+08:00,9.130000114440918,9.130000114440918,9.119999885559082,9.119999885559082,8509,0.0,0.0
2024-04-08 13:10:00+08:00,9.109999656677246,9.140000343322754,9.109999656677246,9.109999656677246,4300,0.0,0.0
2024-04-08 13:15:00+08:00,9.109999656677246,9.119999885559082,9.109999656677246,9.109999656677246,14000,0.0,0.0
2024-04-08 13:20:00+08:00,9.140000343322754,9.140000343322754,9.140000343322754,9.140000343322754,7560,0.0,0.0
2024-04-09 09:00:00+08:00,9.140000343322754,9.15999984741211,9.140000343322754,9.15999984741211,0,0.0,0.0
2024-04-09 09:05:00+08:00,9.199999809265137,9.210000038146973,9.1899995803833,9.199999809265137,73649,0.0,0.0
2024-04-09 09:10:00+08:00,9.210000038146973,9.220000267028809,9.199999809265137,9.199999809265137,78488,0.0,0.0
2024-04-09 09:15:00+08:00,9.199999809265137,9.199999809265137,9.170000076293944,9.18000030517578,48212,0.0,0.0
2024-04-09 09:20:00+08:00,9.18000030517578,9.199999809265137,9.18000030517578,9.199999809265137,26833,0.0,0.0
2024-04-09 09:25:00+08:00,9.199999809265137,9.199999809265137,9.199999809265137,9.199999809265137,12050,0.0,0.0
2024-04-09 09:30:00+08:00,9.199999809265137,9.199999809265137,9.199999809265137,9.199999809265137,5167,0.0,0.0
2024-04-09 09:35:00+08:00,9.199999809265137,9.199999809265137,9.18000030517578,9.199999809265137,13000,0.0,0.0
2024-04-09 09:40:00+08:00,9.210000038146973,9.260000228881836,9.210000038146973,9.260000228881836,151024,0.0,0.0
2024-04-09 09:45:00+08:00,9.260000228881836,9.279999732971191,9.260000228881836,9.270000457763672,92102,0.0,0.0
2024-04-09 09:50:00+08:00,9.270000457763672,9.270000457763672,9.260000228881836,9.260000228881836,47200,0.0,0.0
2024-04-09 09:55:00+08:00,9.270000457763672,9.270000457763672,9.260000228881836,9.270000457763672,10500,0.0,0.0
2024-04-09 10:00:00+08:00,9.260000228881836,9.270000457763672,9.260000228881836,9.270000457763672,32300,0.0,0.0
2024-04-09 10:05:00+08:00,9.260000228881836,9.260000228881836,9.260000228881836,9.260000228881836,20000,0.0,0.0
2024-04-09 10:10:00+08:00,9.260000228881836,9.260000228881836,9.260000228881836,9.260000228881836,3000,0.0,0.0
2024-04-09 10:15:00+08:00,9.260000228881836,9.260000228881836,9.260000228881836,9.260000228881836,18333,0.0,0.0
2024-04-09 10:25:00+08:00,9.260000228881836,9.260000228881836,9.260000228881836,9.260000228881836,9080,0.0,0.0
2024-04-09 10:30:00+08:00,9.260000228881836,9.260000228881836,9.260000228881836,9.260000228881836,9666,0.0,0.0
2024-04-09 10:35:00+08:00,9.260000228881836,9.260000228881836,9.25,9.260000228881836,14007,0.0,0.0
2024-04-09 10:40:00+08:00,9.25,9.25,9.25,9.25,34026,0.0,0.0
2024-04-09 10:45:00+08:00,9.239999771118164,9.239999771118164,9.239999771118164,9.239999771118164,6000,0.0,0.0
2024-04-09 10:50:00+08:00,9.229999542236328,9.229999542236328,9.229999542236328,9.229999542236328,3057,0.0,0.0
2024-04-09 10:55:00+08:00,9.239999771118164,9.25,9.239999771118164,9.25,11140,0.0,0.0
2024-04-09 11:00:00+08:00,9.239999771118164,9.239999771118164,9.229999542236328,9.229999542236328,4100,0.0,0.0
2024-04-09 11:05:00+08:00,9.239999771118164,9.239999771118164,9.220000267028809,9.220000267028809,18133,0.0,0.0
2024-04-09 11:10:00+08:00,9.220000267028809,9.229999542236328,9.220000267028809,9.229999542236328,4641,0.0,0.0
2024-04-09 11:15:00+08:00,9.220000267028809,9.239999771118164,9.220000267028809,9.239999771118164,34294,0.0,0.0
2024-04-09 11:25:00+08:00,9.239999771118164,9.239999771118164,9.239999771118164,9.239999771118164,36300,0.0,0.0
2024-04-09 11:30:00+08:00,9.229999542236328,9.229999542236328,9.229999542236328,9.229999542236328,10000,0.0,0.0
2024-04-09 11:35:00+08:00,9.229999542236328,9.229999542236328,9.210000038146973,9.210000038146973,6721,0.0,0.0
2024-04-09 11:40:00+08:00,9.229999542236328,9.229999542236328,9.220000267028809,9.229999542236328,10000,0.0,0.0
2024-04-09 11:45:00+08:00,9.229999542236328,9.229999542236328,9.229999542236328,9.229999542236328,17263,0.0,0.0
2024-04-09 12:00:00+08:00,9.229999542236328,9.229999542236328,9.229999542236328,9.229999542236328,1000,0.0,0.0
2024-04-09 12:05:00+08:00,9.229999542236328,9.229999542236328,9.229999542236328,9.229999542236328,6080,0.0,0.0
2024-04-09 12:10:00+08:00,9.229999542236328,9.229999542236328,9.229999542236328,9.229999542236328,8897,0.0,0.0
2024-04-09 12:20:00+08:00,9.229999542236328,9.239999771118164,9.229999542236328,9.229999542236328,20033,0.0,0.0
2024-04-09 12:25:00+08:00,9.229999542236328,9.229999542236328,9.229999542236328,9.229999542236328,7150,0.0,0.0
2024-04-09 12:35:00+08:00,9.229999542236328,9.239999771118164,9.229999542236328,9.239999771118164,13100,0.0,0.0
2024-04-09 12:40:00+08:00,9.239999771118164,9.239999771118164,9.239999771118164,9.239999771118164,5980,0.0,0.0
2024-04-09 12:45:00+08:00,9.239999771118164,9.239999771118164,9.239999771118164,9.239999771118164,16075,0.0,0.0
2024-04-09 12:50:00+08:00,9.229999542236328,9.229999542236328,9.229999542236328,9.229999542236328,2609,0.0,0.0
2024-04-09 12:55:00+08:00,9.239999771118164,9.239999771118164,9.229999542236328,9.229999542236328,32137,0.0,0.0
2024-04-09 13:00:00+08:00,9.229999542236328,9.239999771118164,9.229999542236328,9.239999771118164,46200,0.0,0.0
2024-04-09 13:05:00+08:00,9.239999771118164,9.239999771118164,9.239999771118164,9.239999771118164,7000,0.0,0.0
2024-04-09 13:10:00+08:00,9.239999771118164,9.25,9.239999771118164,9.239999771118164,13250,0.0,0.0
2024-04-09 13:15:00+08:00,9.239999771118164,9.25,9.239999771118164,9.239999771118164,11005,0.0,0.0
2024-04-09 13:20:00+08:00,9.239999771118164,9.25,9.239999771118164,9.25,16543,0.0,0.0
2024-04-09 09:00:00+08:00,9.140000343322754,9.15999984741211,9.140000343322754,9.15999984741211,0,0.0,0.0
2024-04-09 09:05:00+08:00,9.199999809265137,9.210000038146973,9.1899995803833,9.199999809265137,73649,0.0,0.0
2024-04-09 09:10:00+08:00,9.210000038146973,9.220000267028809,9.199999809265137,9.199999809265137,78488,0.0,0.0
2024-04-09 09:15:00+08:00,9.199999809265137,9.199999809265137,9.170000076293944,9.18000030517578,48212,0.0,0.0
2024-04-09 09:20:00+08:00,9.18000030517578,9.199999809265137,9.18000030517578,9.199999809265137,26833,0.0,0.0
2024-04-09 09:25:00+08:00,9.199999809265137,9.199999809265137,9.199999809265137,9.199999809265137,12050,0.0,0.0
2024-04-09 09:30:00+08:00,9.199999809265137,9.199999809265137,9.199999809265137,9.199999809265137,5167,0.0,0.0
2024-04-09 09:35:00+08:00,9.199999809265137,9.199999809265137,9.18000030517578,9.199999809265137,13000,0.0,0.0
2024-04-09 09:40:00+08:00,9.210000038146973,9.260000228881836,9.210000038146973,9.260000228881836,151024,0.0,0.0
2024-04-09 09:45:00+08:00,9.260000228881836,9.279999732971191,9.260000228881836,9.270000457763672,92102,0.0,0.0
2024-04-09 09:50:00+08:00,9.270000457763672,9.270000457763672,9.260000228881836,9.260000228881836,47200,0.0,0.0
2024-04-09 09:55:00+08:00,9.270000457763672,9.270000457763672,9.260000228881836,9.270000457763672,10500,0.0,0.0
2024-04-09 10:00:00+08:00,9.260000228881836,9.270000457763672,9.260000228881836,9.270000457763672,32300,0.0,0.0
2024-04-09 10:05:00+08:00,9.260000228881836,9.260000228881836,9.260000228881836,9.260000228881836,20000,0.0,0.0
2024-04-09 10:10:00+08:00,9.260000228881836,9.260000228881836,9.260000228881836,9.260000228881836,3000,0.0,0.0
2024-04-09 10:15:00+08:00,9.260000228881836,9.260000228881836,9.260000228881836,9.260000228881836,18333,0.0,0.0
2024-04-09 10:25:00+08:00,9.260000228881836,9.260000228881836,9.260000228881836,9.260000228881836,9080,0.0,0.0
2024-04-09 10:30:00+08:00,9.260000228881836,9.260000228881836,9.260000228881836,9.260000228881836,9666,0.0,0.0
2024-04-09 10:35:00+08:00,9.260000228881836,9.260000228881836,9.25,9.260000228881836,14007,0.0,0.0
2024-04-09 10:40:00+08:00,9.25,9.25,9.25,9.25,34026,0.0,0.0
2024-04-09 10:45:00+08:00,9.239999771118164,9.239999771118164,9.239999771118164,9.239999771118164,6000,0.0,0.0
2024-04-09 10:50:00+08:00,9.229999542236328,9.229999542236328,9.229999542236328,9.229999542236328,3057,0.0,0.0
2024-04-09 10:55:00+08:00,9.239999771118164,9.25,9.239999771118164,9.25,11140,0.0,0.0
2024-04-09 11:00:00+08:00,9.239999771118164,9.239999771118164,9.229999542236328,9.229999542236328,4100,0.0,0.0
2024-04-09 11:05:00+08:00,9.239999771118164,9.239999771118164,9.220000267028809,9.220000267028809,18133,0.0,0.0
2024-04-09 11:10:00+08:00,9.220000267028809,9.229999542236328,9.220000267028809,9.229999542236328,4641,0.0,0.0
2024-04-09 11:15:00+08:00,9.220000267028809,9.239999771118164,9.220000267028809,9.239999771118164,34294,0.0,0.0
2024-04-09 11:25:00+08:00,9.239999771118164,9.239999771118164,9.239999771118164,9.239999771118164,36300,0.0,0.0
2024-04-09 11:30:00+08:00,9.229999542236328,9.229999542236328,9.229999542236328,9.229999542236328,10000,0.0,0.0
2024-04-09 11:35:00+08:00,9.229999542236328,9.229999542236328,9.210000038146973,9.210000038146973,6721,0.0,0.0
2024-04-09 11:40:00+08:00,9.229999542236328,9.229999542236328,9.220000267028809,9.229999542236328,10000,0.0,0.0
2024-04-09 11:45:00+08:00,9.229999542236328,9.229999542236328,9.229999542236328,9.229999542236328,17263,0.0,0.0
2024-04-09 12:00:00+08:00,9.229999542236328,9.229999542236328,9.229999542236328,9.229999542236328,1000,0.0,0.0
2024-04-09 12:05:00+08:00,9.229999542236328,9.229999542236328,9.229999542236328,9.229999542236328,6080,0.0,0.0
2024-04-09 12:10:00+08:00,9.229999542236328,9.229999542236328,9.229999542236328,9.229999542236328,8897,0.0,0.0
2024-04-09 12:20:00+08:00,9.229999542236328,9.239999771118164,9.229999542236328,9.229999542236328,20033,0.0,0.0
2024-04-09 12:25:00+08:00,9.229999542236328,9.229999542236328,9.229999542236328,9.229999542236328,7150,0.0,0.0
2024-04-09 12:35:00+08:00,9.229999542236328,9.239999771118164,9.229999542236328,9.239999771118164,13100,0.0,0.0
2024-04-09 12:40:00+08:00,9.239999771118164,9.239999771118164,9.239999771118164,9.239999771118164,5980,0.0,0.0
2024-04-09 12:45:00+08:00,9.239999771118164,9.239999771118164,9.239999771118164,9.239999771118164,16075,0.0,0.0
2024-04-09 12:50:00+08:00,9.229999542236328,9.229999542236328,9.229999542236328,9.229999542236328,2609,0.0,0.0
2024-04-09 12:55:00+08:00,9.239999771118164,9.239999771118164,9.229999542236328,9.229999542236328,32137,0.0,0.0
2024-04-09 13:00:00+08:00,9.229999542236328,9.239999771118164,9.229999542236328,9.239999771118164,46200,0.0,0.0
2024-04-09 13:05:00+08:00,9.239999771118164,9.239999771118164,9.239999771118164,9.239999771118164,7000,0.0,0.0
2024-04-09 13:10:00+08:00,9.239999771118164,9.25,9.239999771118164,9.239999771118164,13250,0.0,0.0
2024-04-09 13:15:00+08:00,9.239999771118164,9.25,9.239999771118164,9.239999771118164,11005,0.0,0.0
2024-04-09 13:20:00+08:00,9.239999771118164,9.25,9.239999771118164,9.25,16543,0.0,0.0
2024-04-09 09:00:00+08:00,9.140000343322754,9.15999984741211,9.140000343322754,9.15999984741211,0,0.0,0.0
2024-04-09 09:05:00+08:00,9.199999809265137,9.210000038146973,9.1899995803833,9.199999809265137,73649,0.0,0.0
2024-04-09 09:10:00+08:00,9.210000038146973,9.220000267028809,9.199999809265137,9.199999809265137,78488,0.0,0.0
2024-04-09 09:15:00+08:00,9.199999809265137,9.199999809265137,9.170000076293944,9.18000030517578,48212,0.0,0.0
2024-04-09 09:20:00+08:00,9.18000030517578,9.199999809265137,9.18000030517578,9.199999809265137,26833,0.0,0.0
2024-04-09 09:25:00+08:00,9.199999809265137,9.199999809265137,9.199999809265137,9.199999809265137,12050,0.0,0.0
2024-04-09 09:30:00+08:00,9.199999809265137,9.199999809265137,9.199999809265137,9.199999809265137,5167,0.0,0.0
2024-04-09 09:35:00+08:00,9.199999809265137,9.199999809265137,9.18000030517578,9.199999809265137,13000,0.0,0.0
2024-04-09 09:40:00+08:00,9.210000038146973,9.260000228881836,9.210000038146973,9.260000228881836,151024,0.0,0.0
2024-04-09 09:45:00+08:00,9.260000228881836,9.279999732971191,9.260000228881836,9.270000457763672,92102,0.0,0.0
2024-04-09 09:50:00+08:00,9.270000457763672,9.270000457763672,9.260000228881836,9.260000228881836,47200,0.0,0.0
2024-04-09 09:55:00+08:00,9.270000457763672,9.270000457763672,9.260000228881836,9.270000457763672,10500,0.0,0.0
2024-04-09 10:00:00+08:00,9.260000228881836,9.270000457763672,9.260000228881836,9.270000457763672,32300,0.0,0.0
2024-04-09 10:05:00+08:00,9.260000228881836,9.260000228881836,9.260000228881836,9.260000228881836,20000,0.0,0.0
2024-04-09 10:10:00+08:00,9.260000228881836,9.260000228881836,9.260000228881836,9.260000228881836,3000,0.0,0.0
2024-04-09 10:15:00+08:00,9.260000228881836,9.260000228881836,9.260000228881836,9.260000228881836,18333,0.0,0.0
2024-04-09 10:25:00+08:00,9.260000228881836,9.260000228881836,9.260000228881836,9.260000228881836,9080,0.0,0.0
2024-04-09 10:30:00+08:00,9.260000228881836,9.260000228881836,9.260000228881836,9.260000228881836,9666,0.0,0.0
2024-04-09 10:35:00+08:00,9.260000228881836,9.260000228881836,9.25,9.260000228881836,14007,0.0,0.0
2024-04-09 10:40:00+08:00,9.25,9.25,9.25,9.25,34026,0.0,0.0
2024-04-09 10:45:00+08:00,9.239999771118164,9.239999771118164,9.239999771118164,9.239999771118164,6000,0.0,0.0
2024-04-09 10:50:00+08:00,9.229999542236328,9.229999542236328,9.229999542236328,9.229999542236328,3057,0.0,0.0
2024-04-09 10:55:00+08:00,9.239999771118164,9.25,9.239999771118164,9.25,11140,0.0,0.0
2024-04-09 11:00:00+08:00,9.239999771118164,9.239999771118164,9.229999542236328,9.229999542236328,4100,0.0,0.0
2024-04-09 11:05:00+08:00,9.239999771118164,9.239999771118164,9.220000267028809,9.220000267028809,18133,0.0,0.0
2024-04-09 11:10:00+08:00,9.220000267028809,9.229999542236328,9.220000267028809,9.229999542236328,4641,0.0,0.0
2024-04-09 11:15:00+08:00,9.220000267028809,9.239999771118164,9.220000267028809,9.239999771118164,34294,0.0,0.0
2024-04-09 11:25:00+08:00,9.239999771118164,9.239999771118164,9.239999771118164,9.239999771118164,36300,0.0,0.0
2024-04-09 11:30:00+08:00,9.229999542236328,9.229999542236328,9.229999542236328,9.229999542236328,10000,0.0,0.0
2024-04-09 11:35:00+08:00,9.229999542236328,9.229999542236328,9.210000038146973,9.210000038146973,6721,0.0,0.0
2024-04-09 11:40:00+08:00,9.229999542236328,9.229999542236328,9.220000267028809,9.229999542236328,10000,0.0,0.0
2024-04-09 11:45:00+08:00,9.229999542236328,9.229999542236328,9.229999542236328,9.229999542236328,17263,0.0,0.0
2024-04-09 12:00:00+08:00,9.229999542236328,9.229999542236328,9.229999542236328,9.229999542236328,1000,0.0,0.0
2024-04-09 12:05:00+08:00,9.229999542236328,9.229999542236328,9.229999542236328,9.229999542236328,6080,0.0,0.0
2024-04-09 12:10:00+08:00,9.229999542236328,9.229999542236328,9.229999542236328,9.229999542236328,8897,0.0,0.0
2024-04-09 12:20:00+08:00,9.229999542236328,9.239999771118164,9.229999542236328,9.229999542236328,20033,0.0,0.0
2024-04-09 12:25:00+08:00,9.229999542236328,9.229999542236328,9.229999542236328,9.229999542236328,7150,0.0,0.0
2024-04-09 12:35:00+08:00,9.229999542236328,9.239999771118164,9.229999542236328,9.239999771118164,13100,0.0,0.0
2024-04-09 12:40:00+08:00,9.239999771118164,9.239999771118164,9.239999771118164,9.239999771118164,5980,0.0,0.0
2024-04-09 12:45:00+08:00,9.239999771118164,9.239999771118164,9.239999771118164,9.239999771118164,16075,0.0,0.0
2024-04-09 12:50:00+08:00,9.229999542236328,9.229999542236328,9.229999542236328,9.229999542236328,2609,0.0,0.0
2024-04-09 12:55:00+08:00,9.239999771118164,9.239999771118164,9.229999542236328,9.229999542236328,32137,0.0,0.0
2024-04-09 13:00:00+08:00,9.229999542236328,9.239999771118164,9.229999542236328,9.239999771118164,46200,0.0,0.0
2024-04-09 13:05:00+08:00,9.239999771118164,9.239999771118164,9.239999771118164,9.239999771118164,7000,0.0,0.0
2024-04-09 13:10:00+08:00,9.239999771118164,9.25,9.239999771118164,9.239999771118164,13250,0.0,0.0
2024-04-09 13:15:00+08:00,9.239999771118164,9.25,9.239999771118164,9.239999771118164,11005,0.0,0.0
2024-04-09 13:20:00+08:00,9.239999771118164,9.25,9.239999771118164,9.25,16543,0.0,0.0
2024-04-10 09:00:00+08:00,9.239999771118164,9.239999771118164,9.239999771118164,9.239999771118164,54000,0.0,0.0
2024-04-10 09:05:00+08:00,9.289999961853027,9.289999961853027,9.289999961853027,9.289999961853027,5653,0.0,0.0
2024-04-10 09:10:00+08:00,9.270000457763672,9.270000457763672,9.270000457763672,9.270000457763672,15379,0.0,0.0
2024-04-10 09:15:00+08:00,9.270000457763672,9.289999961853027,9.270000457763672,9.289999961853027,44020,0.0,0.0
2024-04-10 09:20:00+08:00,9.289999961853027,9.289999961853027,9.289999961853027,9.289999961853027,16180,0.0,0.0
2024-04-10 09:25:00+08:00,9.279999732971191,9.279999732971191,9.270000457763672,9.270000457763672,2020,0.0,0.0
2024-04-10 09:30:00+08:00,9.270000457763672,9.270000457763672,9.260000228881836,9.270000457763672,14590,0.0,0.0
2024-04-10 09:35:00+08:00,9.270000457763672,9.270000457763672,9.260000228881836,9.260000228881836,20021,0.0,0.0
2024-04-10 09:40:00+08:00,9.260000228881836,9.260000228881836,9.260000228881836,9.260000228881836,13200,0.0,0.0
2024-04-10 09:45:00+08:00,9.260000228881836,9.260000228881836,9.25,9.260000228881836,30152,0.0,0.0
2024-04-10 09:50:00+08:00,9.270000457763672,9.270000457763672,9.270000457763672,9.270000457763672,36320,0.0,0.0
2024-04-10 09:55:00+08:00,9.270000457763672,9.270000457763672,9.270000457763672,9.270000457763672,9200,0.0,0.0
2024-04-10 10:00:00+08:00,9.270000457763672,9.289999961853027,9.270000457763672,9.279999732971191,59040,0.0,0.0
2024-04-10 10:05:00+08:00,9.289999961853027,9.289999961853027,9.289999961853027,9.289999961853027,3090,0.0,0.0
2024-04-10 10:10:00+08:00,9.289999961853027,9.289999961853027,9.279999732971191,9.289999961853027,85216,0.0,0.0
2024-04-10 10:15:00+08:00,9.289999961853027,9.31999969482422,9.289999961853027,9.300000190734863,149839,0.0,0.0
2024-04-10 10:20:00+08:00,9.300000190734863,9.300000190734863,9.300000190734863,9.300000190734863,35241,0.0,0.0
2024-04-10 10:25:00+08:00,9.300000190734863,9.300000190734863,9.289999961853027,9.289999961853027,66150,0.0,0.0
2024-04-10 10:30:00+08:00,9.279999732971191,9.279999732971191,9.279999732971191,9.279999732971191,14359,0.0,0.0
2024-04-10 10:35:00+08:00,9.289999961853027,9.300000190734863,9.289999961853027,9.300000190734863,54000,0.0,0.0
2024-04-10 10:40:00+08:00,9.300000190734863,9.300000190734863,9.300000190734863,9.300000190734863,89641,0.0,0.0
2024-04-10 10:45:00+08:00,9.300000190734863,9.300000190734863,9.289999961853027,9.289999961853027,11237,0.0,0.0
2024-04-10 10:50:00+08:00,9.300000190734863,9.300000190734863,9.300000190734863,9.300000190734863,11146,0.0,0.0
2024-04-10 10:55:00+08:00,9.300000190734863,9.300000190734863,9.300000190734863,9.300000190734863,33503,0.0,0.0
2024-04-10 11:00:00+08:00,9.300000190734863,9.300000190734863,9.289999961853027,9.289999961853027,33218,0.0,0.0
2024-04-10 11:05:00+08:00,9.289999961853027,9.289999961853027,9.289999961853027,9.289999961853027,2047,0.0,0.0
2024-04-10 11:10:00+08:00,9.289999961853027,9.289999961853027,9.289999961853027,9.289999961853027,2177,0.0,0.0
2024-04-10 11:15:00+08:00,9.289999961853027,9.289999961853027,9.289999961853027,9.289999961853027,29170,0.0,0.0
2024-04-10 11:20:00+08:00,9.289999961853027,9.300000190734863,9.289999961853027,9.300000190734863,6171,0.0,0.0
2024-04-10 11:25:00+08:00,9.300000190734863,9.300000190734863,9.289999961853027,9.289999961853027,15180,0.0,0.0
2024-04-10 11:30:00+08:00,9.289999961853027,9.289999961853027,9.289999961853027,9.289999961853027,34224,0.0,0.0
2024-04-10 11:35:00+08:00,9.289999961853027,9.289999961853027,9.270000457763672,9.270000457763672,41153,0.0,0.0
2024-04-10 11:40:00+08:00,9.270000457763672,9.270000457763672,9.270000457763672,9.270000457763672,18002,0.0,0.0
2024-04-10 11:45:00+08:00,9.270000457763672,9.270000457763672,9.270000457763672,9.270000457763672,2922,0.0,0.0
2024-04-10 11:50:00+08:00,9.279999732971191,9.279999732971191,9.260000228881836,9.260000228881836,56983,0.0,0.0
2024-04-10 11:55:00+08:00,9.270000457763672,9.270000457763672,9.270000457763672,9.270000457763672,2737,0.0,0.0
2024-04-10 12:00:00+08:00,9.270000457763672,9.270000457763672,9.270000457763672,9.270000457763672,1444,0.0,0.0
2024-04-10 12:10:00+08:00,9.260000228881836,9.260000228881836,9.25,9.25,11056,0.0,0.0
2024-04-10 12:15:00+08:00,9.270000457763672,9.270000457763672,9.270000457763672,9.270000457763672,3086,0.0,0.0
2024-04-10 12:20:00+08:00,9.270000457763672,9.270000457763672,9.270000457763672,9.270000457763672,2571,0.0,0.0
2024-04-10 12:25:00+08:00,9.270000457763672,9.270000457763672,9.270000457763672,9.270000457763672,2000,0.0,0.0
2024-04-10 12:30:00+08:00,9.260000228881836,9.260000228881836,9.260000228881836,9.260000228881836,9357,0.0,0.0
2024-04-10 12:35:00+08:00,9.260000228881836,9.260000228881836,9.260000228881836,9.260000228881836,1133,0.0,0.0
2024-04-10 12:40:00+08:00,9.25,9.25,9.239999771118164,9.239999771118164,90019,0.0,0.0
2024-04-10 12:45:00+08:00,9.239999771118164,9.25,9.239999771118164,9.25,28462,0.0,0.0
2024-04-10 12:50:00+08:00,9.25,9.25,9.25,9.25,19403,0.0,0.0
2024-04-10 12:55:00+08:00,9.260000228881836,9.260000228881836,9.25,9.25,10322,0.0,0.0
2024-04-10 13:00:00+08:00,9.260000228881836,9.260000228881836,9.260000228881836,9.260000228881836,10476,0.0,0.0
2024-04-10 13:05:00+08:00,9.25,9.260000228881836,9.25,9.260000228881836,10741,0.0,0.0
2024-04-10 13:10:00+08:00,9.25,9.260000228881836,9.25,9.260000228881836,10737,0.0,0.0
2024-04-10 13:15:00+08:00,9.260000228881836,9.260000228881836,9.25,9.260000228881836,16914,0.0,0.0
2024-04-10 13:20:00+08:00,9.260000228881836,9.260000228881836,9.260000228881836,9.260000228881836,1150,0.0,0.0
2024-04-10 09:00:00+08:00,9.239999771118164,9.239999771118164,9.239999771118164,9.239999771118164,0,0.0,0.0
2024-04-10 09:05:00+08:00,9.289999961853027,9.289999961853027,9.289999961853027,9.289999961853027,5653,0.0,0.0
2024-04-10 09:10:00+08:00,9.270000457763672,9.270000457763672,9.270000457763672,9.270000457763672,15379,0.0,0.0
2024-04-10 09:15:00+08:00,9.270000457763672,9.289999961853027,9.270000457763672,9.289999961853027,44020,0.0,0.0
2024-04-10 09:20:00+08:00,9.289999961853027,9.289999961853027,9.289999961853027,9.289999961853027,16180,0.0,0.0
2024-04-10 09:25:00+08:00,9.279999732971191,9.279999732971191,9.270000457763672,9.270000457763672,2020,0.0,0.0
2024-04-10 09:30:00+08:00,9.270000457763672,9.270000457763672,9.260000228881836,9.270000457763672,14590,0.0,0.0
2024-04-10 09:35:00+08:00,9.270000457763672,9.270000457763672,9.260000228881836,9.260000228881836,20021,0.0,0.0
2024-04-10 09:40:00+08:00,9.260000228881836,9.260000228881836,9.260000228881836,9.260000228881836,13200,0.0,0.0
2024-04-10 09:45:00+08:00,9.260000228881836,9.260000228881836,9.25,9.260000228881836,30152,0.0,0.0
2024-04-10 09:50:00+08:00,9.270000457763672,9.270000457763672,9.270000457763672,9.270000457763672,36320,0.0,0.0
2024-04-10 09:55:00+08:00,9.270000457763672,9.270000457763672,9.270000457763672,9.270000457763672,9200,0.0,0.0
2024-04-10 10:00:00+08:00,9.270000457763672,9.289999961853027,9.270000457763672,9.279999732971191,59040,0.0,0.0
2024-04-10 10:05:00+08:00,9.289999961853027,9.289999961853027,9.289999961853027,9.289999961853027,3090,0.0,0.0
2024-04-10 10:10:00+08:00,9.289999961853027,9.289999961853027,9.279999732971191,9.289999961853027,85216,0.0,0.0
2024-04-10 10:15:00+08:00,9.289999961853027,9.31999969482422,9.289999961853027,9.300000190734863,149839,0.0,0.0
2024-04-10 10:20:00+08:00,9.300000190734863,9.300000190734863,9.300000190734863,9.300000190734863,35241,0.0,0.0
2024-04-10 10:25:00+08:00,9.300000190734863,9.300000190734863,9.289999961853027,9.289999961853027,66150,0.0,0.0
2024-04-10 10:30:00+08:00,9.279999732971191,9.279999732971191,9.279999732971191,9.279999732971191,14359,0.0,0.0
2024-04-10 10:35:00+08:00,9.289999961853027,9.300000190734863,9.289999961853027,9.300000190734863,54000,0.0,0.0
2024-04-10 10:40:00+08:00,9.300000190734863,9.300000190734863,9.300000190734863,9.300000190734863,89641,0.0,0.0
2024-04-10 10:45:00+08:00,9.300000190734863,9.300000190734863,9.289999961853027,9.289999961853027,11237,0.0,0.0
2024-04-10 10:50:00+08:00,9.300000190734863,9.300000190734863,9.300000190734863,9.300000190734863,11146,0.0,0.0
2024-04-10 10:55:00+08:00,9.300000190734863,9.300000190734863,9.300000190734863,9.300000190734863,33503,0.0,0.0
2024-04-10 11:00:00+08:00,9.300000190734863,9.300000190734863,9.289999961853027,9.289999961853027,33218,0.0,0.0
2024-04-10 11:05:00+08:00,9.289999961853027,9.289999961853027,9.289999961853027,9.289999961853027,2047,0.0,0.0
2024-04-10 11:10:00+08:00,9.289999961853027,9.289999961853027,9.289999961853027,9.289999961853027,2177,0.0,0.0
2024-04-10 11:15:00+08:00,9.289999961853027,9.289999961853027,9.289999961853027,9.289999961853027,29170,0.0,0.0
2024-04-10 11:20:00+08:00,9.289999961853027,9.300000190734863,9.289999961853027,9.300000190734863,6171,0.0,0.0
2024-04-10 11:25:00+08:00,9.300000190734863,9.300000190734863,9.289999961853027,9.289999961853027,15180,0.0,0.0
2024-04-10 11:30:00+08:00,9.289999961853027,9.289999961853027,9.289999961853027,9.289999961853027,34224,0.0,0.0
2024-04-10 11:35:00+08:00,9.289999961853027,9.289999961853027,9.270000457763672,9.270000457763672,41153,0.0,0.0
2024-04-10 11:40:00+08:00,9.270000457763672,9.270000457763672,9.270000457763672,9.270000457763672,18002,0.0,0.0
2024-04-10 11:45:00+08:00,9.270000457763672,9.270000457763672,9.270000457763672,9.270000457763672,2922,0.0,0.0
2024-04-10 11:50:00+08:00,9.279999732971191,9.279999732971191,9.260000228881836,9.260000228881836,56983,0.0,0.0
2024-04-10 11:55:00+08:00,9.270000457763672,9.270000457763672,9.270000457763672,9.270000457763672,2737,0.0,0.0
2024-04-10 12:00:00+08:00,9.270000457763672,9.270000457763672,9.270000457763672,9.270000457763672,1444,0.0,0.0
2024-04-10 12:10:00+08:00,9.260000228881836,9.260000228881836,9.25,9.25,11056,0.0,0.0
2024-04-10 12:15:00+08:00,9.270000457763672,9.270000457763672,9.270000457763672,9.270000457763672,3086,0.0,0.0
2024-04-10 12:20:00+08:00,9.270000457763672,9.270000457763672,9.270000457763672,9.270000457763672,2571,0.0,0.0
2024-04-10 12:25:00+08:00,9.270000457763672,9.270000457763672,9.270000457763672,9.270000457763672,2000,0.0,0.0
2024-04-10 12:30:00+08:00,9.260000228881836,9.260000228881836,9.260000228881836,9.260000228881836,9357,0.0,0.0
2024-04-10 12:35:00+08:00,9.260000228881836,9.260000228881836,9.260000228881836,9.260000228881836,1133,0.0,0.0
2024-04-10 12:40:00+08:00,9.25,9.25,9.239999771118164,9.239999771118164,90019,0.0,0.0
2024-04-10 12:45:00+08:00,9.239999771118164,9.25,9.239999771118164,9.25,28462,0.0,0.0
2024-04-10 12:50:00+08:00,9.25,9.25,9.25,9.25,19403,0.0,0.0
2024-04-10 12:55:00+08:00,9.260000228881836,9.260000228881836,9.25,9.25,10322,0.0,0.0
2024-04-10 13:00:00+08:00,9.260000228881836,9.260000228881836,9.260000228881836,9.260000228881836,10476,0.0,0.0
2024-04-10 13:05:00+08:00,9.25,9.260000228881836,9.25,9.260000228881836,10741,0.0,0.0
2024-04-10 13:10:00+08:00,9.25,9.260000228881836,9.25,9.260000228881836,10737,0.0,0.0
2024-04-10 13:15:00+08:00,9.260000228881836,9.260000228881836,9.25,9.260000228881836,16914,0.0,0.0
2024-04-10 13:20:00+08:00,9.260000228881836,9.260000228881836,9.260000228881836,9.260000228881836,1150,0.0,0.0
2024-04-10 09:00:00+08:00,9.239999771118164,9.239999771118164,9.239999771118164,9.239999771118164,0,0.0,0.0
2024-04-10 09:05:00+08:00,9.289999961853027,9.289999961853027,9.289999961853027,9.289999961853027,5653,0.0,0.0
2024-04-10 09:10:00+08:00,9.270000457763672,9.270000457763672,9.270000457763672,9.270000457763672,15379,0.0,0.0
2024-04-10 09:15:00+08:00,9.270000457763672,9.289999961853027,9.270000457763672,9.289999961853027,44020,0.0,0.0
2024-04-10 09:20:00+08:00,9.289999961853027,9.289999961853027,9.289999961853027,9.289999961853027,16180,0.0,0.0
2024-04-10 09:25:00+08:00,9.279999732971191,9.279999732971191,9.270000457763672,9.270000457763672,2020,0.0,0.0
2024-04-10 09:30:00+08:00,9.270000457763672,9.270000457763672,9.260000228881836,9.270000457763672,14590,0.0,0.0
2024-04-10 09:35:00+08:00,9.270000457763672,9.270000457763672,9.260000228881836,9.260000228881836,20021,0.0,0.0
2024-04-10 09:40:00+08:00,9.260000228881836,9.260000228881836,9.260000228881836,9.260000228881836,13200,0.0,0.0
2024-04-10 09:45:00+08:00,9.260000228881836,9.260000228881836,9.25,9.260000228881836,30152,0.0,0.0
2024-04-10 09:50:00+08:00,9.270000457763672,9.270000457763672,9.270000457763672,9.270000457763672,36320,0.0,0.0
2024-04-10 09:55:00+08:00,9.270000457763672,9.270000457763672,9.270000457763672,9.270000457763672,9200,0.0,0.0
2024-04-10 10:00:00+08:00,9.270000457763672,9.289999961853027,9.270000457763672,9.279999732971191,59040,0.0,0.0
2024-04-10 10:05:00+08:00,9.289999961853027,9.289999961853027,9.289999961853027,9.289999961853027,3090,0.0,0.0
2024-04-10 10:10:00+08:00,9.289999961853027,9.289999961853027,9.279999732971191,9.289999961853027,85216,0.0,0.0
2024-04-10 10:15:00+08:00,9.289999961853027,9.31999969482422,9.289999961853027,9.300000190734863,149839,0.0,0.0
2024-04-10 10:20:00+08:00,9.300000190734863,9.300000190734863,9.300000190734863,9.300000190734863,35241,0.0,0.0
2024-04-10 10:25:00+08:00,9.300000190734863,9.300000190734863,9.289999961853027,9.289999961853027,66150,0.0,0.0
2024-04-10 10:30:00+08:00,9.279999732971191,9.279999732971191,9.279999732971191,9.279999732971191,14359,0.0,0.0
2024-04-10 10:35:00+08:00,9.289999961853027,9.300000190734863,9.289999961853027,9.300000190734863,54000,0.0,0.0
2024-04-10 10:40:00+08:00,9.300000190734863,9.300000190734863,9.300000190734863,9.300000190734863,89641,0.0,0.0
2024-04-10 10:45:00+08:00,9.300000190734863,9.300000190734863,9.289999961853027,9.289999961853027,11237,0.0,0.0
2024-04-10 10:50:00+08:00,9.300000190734863,9.300000190734863,9.300000190734863,9.300000190734863,11146,0.0,0.0
2024-04-10 10:55:00+08:00,9.300000190734863,9.300000190734863,9.300000190734863,9.300000190734863,33503,0.0,0.0
2024-04-10 11:00:00+08:00,9.300000190734863,9.300000190734863,9.289999961853027,9.289999961853027,33218,0.0,0.0
2024-04-10 11:05:00+08:00,9.289999961853027,9.289999961853027,9.289999961853027,9.289999961853027,2047,0.0,0.0
2024-04-10 11:10:00+08:00,9.289999961853027,9.289999961853027,9.289999961853027,9.289999961853027,2177,0.0,0.0
2024-04-10 11:15:00+08:00,9.289999961853027,9.289999961853027,9.289999961853027,9.289999961853027,29170,0.0,0.0
2024-04-10 11:20:00+08:00,9.289999961853027,9.300000190734863,9.289999961853027,9.300000190734863,6171,0.0,0.0
2024-04-10 11:25:00+08:00,9.300000190734863,9.300000190734863,9.289999961853027,9.289999961853027,15180,0.0,0.0
2024-04-10 11:30:00+08:00,9.289999961853027,9.289999961853027,9.289999961853027,9.289999961853027,34224,0.0,0.0
2024-04-10 11:35:00+08:00,9.289999961853027,9.289999961853027,9.270000457763672,9.270000457763672,41153,0.0,0.0
2024-04-10 11:40:00+08:00,9.270000457763672,9.270000457763672,9.270000457763672,9.270000457763672,18002,0.0,0.0
2024-04-10 11:45:00+08:00,9.270000457763672,9.270000457763672,9.270000457763672,9.270000457763672,2922,0.0,0.0
2024-04-10 11:50:00+08:00,9.279999732971191,9.279999732971191,9.260000228881836,9.260000228881836,56983,0.0,0.0
2024-04-10 11:55:00+08:00,9.270000457763672,9.270000457763672,9.270000457763672,9.270000457763672,2737,0.0,0.0
2024-04-10 12:00:00+08:00,9.270000457763672,9.270000457763672,9.270000457763672,9.270000457763672,1444,0.0,0.0
2024-04-10 12:10:00+08:00,9.260000228881836,9.260000228881836,9.25,9.25,11056,0.0,0.0
2024-04-10 12:15:00+08:00,9.270000457763672,9.270000457763672,9.270000457763672,9.270000457763672,3086,0.0,0.0
2024-04-10 12:20:00+08:00,9.270000457763672,9.270000457763672,9.270000457763672,9.270000457763672,2571,0.0,0.0
2024-04-10 12:25:00+08:00,9.270000457763672,9.270000457763672,9.270000457763672,9.270000457763672,2000,0.0,0.0
2024-04-10 12:30:00+08:00,9.260000228881836,9.260000228881836,9.260000228881836,9.260000228881836,9357,0.0,0.0
2024-04-10 12:35:00+08:00,9.260000228881836,9.260000228881836,9.260000228881836,9.260000228881836,1133,0.0,0.0
2024-04-10 12:40:00+08:00,9.25,9.25,9.239999771118164,9.239999771118164,90019,0.0,0.0
2024-04-10 12:45:00+08:00,9.239999771118164,9.25,9.239999771118164,9.25,28462,0.0,0.0
2024-04-10 12:50:00+08:00,9.25,9.25,9.25,9.25,19403,0.0,0.0
2024-04-10 12:55:00+08:00,9.260000228881836,9.260000228881836,9.25,9.25,10322,0.0,0.0
2024-04-10 13:00:00+08:00,9.260000228881836,9.260000228881836,9.260000228881836,9.260000228881836,10476,0.0,0.0
2024-04-10 13:05:00+08:00,9.25,9.260000228881836,9.25,9.260000228881836,10741,0.0,0.0
2024-04-10 13:10:00+08:00,9.25,9.260000228881836,9.25,9.260000228881836,10737,0.0,0.0
2024-04-10 13:15:00+08:00,9.260000228881836,9.260000228881836,9.25,9.260000228881836,16914,0.0,0.0
2024-04-10 13:20:00+08:00,9.260000228881836,9.260000228881836,9.260000228881836,9.260000228881836,1150,0.0,0.0
2024-04-11 09:00:00+08:00,9.270000457763672,9.270000457763672,9.239999771118164,9.239999771118164,0,0.0,0.0
2024-04-11 09:05:00+08:00,9.229999542236328,9.229999542236328,9.220000267028809,9.220000267028809,14000,0.0,0.0
2024-04-11 09:10:00+08:00,9.220000267028809,9.229999542236328,9.220000267028809,9.229999542236328,54490,0.0,0.0
2024-04-11 09:15:00+08:00,9.229999542236328,9.229999542236328,9.220000267028809,9.229999542236328,34090,0.0,0.0
2024-04-11 09:20:00+08:00,9.229999542236328,9.229999542236328,9.210000038146973,9.220000267028809,103721,0.0,0.0
2024-04-11 09:25:00+08:00,9.220000267028809,9.220000267028809,9.199999809265137,9.199999809265137,34214,0.0,0.0
2024-04-11 09:30:00+08:00,9.199999809265137,9.199999809265137,9.1899995803833,9.199999809265137,57556,0.0,0.0
2024-04-11 09:35:00+08:00,9.210000038146973,9.210000038146973,9.199999809265137,9.199999809265137,4059,0.0,0.0
2024-04-11 09:40:00+08:00,9.210000038146973,9.210000038146973,9.210000038146973,9.210000038146973,28656,0.0,0.0
2024-04-11 09:45:00+08:00,9.220000267028809,9.220000267028809,9.210000038146973,9.210000038146973,5515,0.0,0.0
2024-04-11 09:55:00+08:00,9.220000267028809,9.220000267028809,9.220000267028809,9.220000267028809,12299,0.0,0.0
2024-04-11 10:00:00+08:00,9.220000267028809,9.220000267028809,9.210000038146973,9.220000267028809,14380,0.0,0.0
2024-04-11 10:05:00+08:00,9.220000267028809,9.220000267028809,9.220000267028809,9.220000267028809,21000,0.0,0.0
2024-04-11 10:10:00+08:00,9.220000267028809,9.220000267028809,9.220000267028809,9.220000267028809,12078,0.0,0.0
2024-04-11 10:15:00+08:00,9.210000038146973,9.210000038146973,9.210000038146973,9.210000038146973,2535,0.0,0.0
2024-04-11 10:20:00+08:00,9.220000267028809,9.220000267028809,9.220000267028809,9.220000267028809,11557,0.0,0.0
2024-04-11 10:30:00+08:00,9.210000038146973,9.210000038146973,9.210000038146973,9.210000038146973,37414,0.0,0.0
2024-04-11 10:35:00+08:00,9.210000038146973,9.220000267028809,9.199999809265137,9.220000267028809,6050,0.0,0.0
2024-04-11 10:40:00+08:00,9.220000267028809,9.220000267028809,9.220000267028809,9.220000267028809,3993,0.0,0.0
2024-04-11 10:45:00+08:00,9.210000038146973,9.210000038146973,9.210000038146973,9.210000038146973,15322,0.0,0.0
2024-04-11 10:50:00+08:00,9.210000038146973,9.210000038146973,9.210000038146973,9.210000038146973,6200,0.0,0.0
2024-04-11 10:55:00+08:00,9.210000038146973,9.210000038146973,9.210000038146973,9.210000038146973,3837,0.0,0.0
2024-04-11 11:00:00+08:00,9.199999809265137,9.210000038146973,9.15999984741211,9.15999984741211,239568,0.0,0.0
2024-04-11 11:10:00+08:00,9.170000076293944,9.170000076293944,9.170000076293944,9.170000076293944,1155,0.0,0.0
2024-04-11 11:15:00+08:00,9.170000076293944,9.170000076293944,9.170000076293944,9.170000076293944,3181,0.0,0.0
2024-04-11 11:20:00+08:00,9.170000076293944,9.170000076293944,9.15999984741211,9.15999984741211,13032,0.0,0.0
2024-04-11 11:35:00+08:00,9.18000030517578,9.18000030517578,9.170000076293944,9.170000076293944,63050,0.0,0.0
2024-04-11 11:40:00+08:00,9.170000076293944,9.170000076293944,9.170000076293944,9.170000076293944,1400,0.0,0.0
2024-04-11 11:50:00+08:00,9.1899995803833,9.1899995803833,9.18000030517578,9.18000030517578,3257,0.0,0.0
2024-04-11 11:55:00+08:00,9.170000076293944,9.170000076293944,9.170000076293944,9.170000076293944,2000,0.0,0.0
2024-04-11 12:00:00+08:00,9.170000076293944,9.170000076293944,9.170000076293944,9.170000076293944,28801,0.0,0.0
2024-04-11 12:05:00+08:00,9.170000076293944,9.170000076293944,9.15999984741211,9.170000076293944,4000,0.0,0.0
2024-04-11 12:10:00+08:00,9.170000076293944,9.170000076293944,9.170000076293944,9.170000076293944,6360,0.0,0.0
2024-04-11 12:20:00+08:00,9.18000030517578,9.18000030517578,9.170000076293944,9.18000030517578,81018,0.0,0.0
2024-04-11 12:25:00+08:00,9.18000030517578,9.18000030517578,9.18000030517578,9.18000030517578,1000,0.0,0.0
2024-04-11 12:30:00+08:00,9.1899995803833,9.1899995803833,9.1899995803833,9.1899995803833,14510,0.0,0.0
2024-04-11 12:40:00+08:00,9.18000030517578,9.1899995803833,9.18000030517578,9.1899995803833,4271,0.0,0.0
2024-04-11 12:45:00+08:00,9.18000030517578,9.1899995803833,9.18000030517578,9.1899995803833,20827,0.0,0.0
2024-04-11 12:50:00+08:00,9.1899995803833,9.1899995803833,9.18000030517578,9.18000030517578,13076,0.0,0.0
2024-04-11 12:55:00+08:00,9.18000030517578,9.1899995803833,9.18000030517578,9.18000030517578,24737,0.0,0.0
2024-04-11 13:00:00+08:00,9.1899995803833,9.1899995803833,9.1899995803833,9.1899995803833,16205,0.0,0.0
2024-04-11 13:05:00+08:00,9.18000030517578,9.18000030517578,9.18000030517578,9.18000030517578,22576,0.0,0.0
2024-04-11 13:10:00+08:00,9.18000030517578,9.18000030517578,9.18000030517578,9.18000030517578,6130,0.0,0.0
2024-04-11 13:15:00+08:00,9.18000030517578,9.18000030517578,9.18000030517578,9.18000030517578,4119,0.0,0.0
2024-04-11 13:20:00+08:00,9.170000076293944,9.18000030517578,9.170000076293944,9.170000076293944,11381,0.0,0.0
2024-04-11 09:00:00+08:00,9.270000457763672,9.270000457763672,9.239999771118164,9.239999771118164,0,0.0,0.0
2024-04-11 09:05:00+08:00,9.229999542236328,9.229999542236328,9.220000267028809,9.220000267028809,14000,0.0,0.0
2024-04-11 09:10:00+08:00,9.220000267028809,9.229999542236328,9.220000267028809,9.229999542236328,54490,0.0,0.0
2024-04-11 09:15:00+08:00,9.229999542236328,9.229999542236328,9.220000267028809,9.229999542236328,34090,0.0,0.0
2024-04-11 09:20:00+08:00,9.229999542236328,9.229999542236328,9.210000038146973,9.220000267028809,103721,0.0,0.0
2024-04-11 09:25:00+08:00,9.220000267028809,9.220000267028809,9.199999809265137,9.199999809265137,34214,0.0,0.0
2024-04-11 09:30:00+08:00,9.199999809265137,9.199999809265137,9.1899995803833,9.199999809265137,57556,0.0,0.0
2024-04-11 09:35:00+08:00,9.210000038146973,9.210000038146973,9.199999809265137,9.199999809265137,4059,0.0,0.0
2024-04-11 09:40:00+08:00,9.210000038146973,9.210000038146973,9.210000038146973,9.210000038146973,28656,0.0,0.0
2024-04-11 09:45:00+08:00,9.220000267028809,9.220000267028809,9.210000038146973,9.210000038146973,5515,0.0,0.0
2024-04-11 09:55:00+08:00,9.220000267028809,9.220000267028809,9.220000267028809,9.220000267028809,12299,0.0,0.0
2024-04-11 10:00:00+08:00,9.220000267028809,9.220000267028809,9.210000038146973,9.220000267028809,14380,0.0,0.0
2024-04-11 10:05:00+08:00,9.220000267028809,9.220000267028809,9.220000267028809,9.220000267028809,21000,0.0,0.0
2024-04-11 10:10:00+08:00,9.220000267028809,9.220000267028809,9.220000267028809,9.220000267028809,12078,0.0,0.0
2024-04-11 10:15:00+08:00,9.210000038146973,9.210000038146973,9.210000038146973,9.210000038146973,2535,0.0,0.0
2024-04-11 10:20:00+08:00,9.220000267028809,9.220000267028809,9.220000267028809,9.220000267028809,11557,0.0,0.0
2024-04-11 10:30:00+08:00,9.210000038146973,9.210000038146973,9.210000038146973,9.210000038146973,37414,0.0,0.0
2024-04-11 10:35:00+08:00,9.210000038146973,9.220000267028809,9.199999809265137,9.220000267028809,6050,0.0,0.0
2024-04-11 10:40:00+08:00,9.220000267028809,9.220000267028809,9.220000267028809,9.220000267028809,3993,0.0,0.0
2024-04-11 10:45:00+08:00,9.210000038146973,9.210000038146973,9.210000038146973,9.210000038146973,15322,0.0,0.0
2024-04-11 10:50:00+08:00,9.210000038146973,9.210000038146973,9.210000038146973,9.210000038146973,6200,0.0,0.0
2024-04-11 10:55:00+08:00,9.210000038146973,9.210000038146973,9.210000038146973,9.210000038146973,3837,0.0,0.0
2024-04-11 11:00:00+08:00,9.199999809265137,9.210000038146973,9.15999984741211,9.15999984741211,239568,0.0,0.0
2024-04-11 11:10:00+08:00,9.170000076293944,9.170000076293944,9.170000076293944,9.170000076293944,1155,0.0,0.0
2024-04-11 11:15:00+08:00,9.170000076293944,9.170000076293944,9.170000076293944,9.170000076293944,3181,0.0,0.0
2024-04-11 11:20:00+08:00,9.170000076293944,9.170000076293944,9.15999984741211,9.15999984741211,13032,0.0,0.0
2024-04-11 11:35:00+08:00,9.18000030517578,9.18000030517578,9.170000076293944,9.170000076293944,63050,0.0,0.0
2024-04-11 11:40:00+08:00,9.170000076293944,9.170000076293944,9.170000076293944,9.170000076293944,1400,0.0,0.0
2024-04-11 11:50:00+08:00,9.1899995803833,9.1899995803833,9.18000030517578,9.18000030517578,3257,0.0,0.0
2024-04-11 11:55:00+08:00,9.170000076293944,9.170000076293944,9.170000076293944,9.170000076293944,2000,0.0,0.0
2024-04-11 12:00:00+08:00,9.170000076293944,9.170000076293944,9.170000076293944,9.170000076293944,28801,0.0,0.0
2024-04-11 12:05:00+08:00,9.170000076293944,9.170000076293944,9.15999984741211,9.170000076293944,4000,0.0,0.0
2024-04-11 12:10:00+08:00,9.170000076293944,9.170000076293944,9.170000076293944,9.170000076293944,6360,0.0,0.0
2024-04-11 12:20:00+08:00,9.18000030517578,9.18000030517578,9.170000076293944,9.18000030517578,81018,0.0,0.0
2024-04-11 12:25:00+08:00,9.18000030517578,9.18000030517578,9.18000030517578,9.18000030517578,1000,0.0,0.0
2024-04-11 12:30:00+08:00,9.1899995803833,9.1899995803833,9.1899995803833,9.1899995803833,14510,0.0,0.0
2024-04-11 12:40:00+08:00,9.18000030517578,9.1899995803833,9.18000030517578,9.1899995803833,4271,0.0,0.0
2024-04-11 12:45:00+08:00,9.18000030517578,9.1899995803833,9.18000030517578,9.1899995803833,20827,0.0,0.0
2024-04-11 12:50:00+08:00,9.1899995803833,9.1899995803833,9.18000030517578,9.18000030517578,13076,0.0,0.0
2024-04-11 12:55:00+08:00,9.18000030517578,9.1899995803833,9.18000030517578,9.18000030517578,24737,0.0,0.0
2024-04-11 13:00:00+08:00,9.1899995803833,9.1899995803833,9.1899995803833,9.1899995803833,16205,0.0,0.0
2024-04-11 13:05:00+08:00,9.18000030517578,9.18000030517578,9.18000030517578,9.18000030517578,22576,0.0,0.0
2024-04-11 13:10:00+08:00,9.18000030517578,9.18000030517578,9.18000030517578,9.18000030517578,6130,0.0,0.0
2024-04-11 13:15:00+08:00,9.18000030517578,9.18000030517578,9.18000030517578,9.18000030517578,4119,0.0,0.0
2024-04-11 13:20:00+08:00,9.170000076293944,9.18000030517578,9.170000076293944,9.170000076293944,11381,0.0,0.0
2024-04-12 09:00:00+08:00,9.18000030517578,9.18000030517578,9.140000343322754,9.140000343322754,182000,0.0,0.0
2024-04-12 09:05:00+08:00,9.130000114440918,9.130000114440918,9.130000114440918,9.130000114440918,20000,0.0,0.0
2024-04-12 09:10:00+08:00,9.140000343322754,9.149999618530272,9.140000343322754,9.149999618530272,23715,0.0,0.0
2024-04-12 09:15:00+08:00,9.149999618530272,9.149999618530272,9.149999618530272,9.149999618530272,6291,0.0,0.0
2024-04-12 09:20:00+08:00,9.149999618530272,9.149999618530272,9.109999656677246,9.109999656677246,131292,0.0,0.0
2024-04-12 09:25:00+08:00,9.130000114440918,9.130000114440918,9.130000114440918,9.130000114440918,9826,0.0,0.0
2024-04-12 09:30:00+08:00,9.130000114440918,9.130000114440918,9.130000114440918,9.130000114440918,26433,0.0,0.0
2024-04-12 09:35:00+08:00,9.130000114440918,9.130000114440918,9.130000114440918,9.130000114440918,1403,0.0,0.0
2024-04-12 09:40:00+08:00,9.140000343322754,9.140000343322754,9.130000114440918,9.130000114440918,26822,0.0,0.0
2024-04-12 09:45:00+08:00,9.119999885559082,9.130000114440918,9.119999885559082,9.130000114440918,25120,0.0,0.0
2024-04-12 09:50:00+08:00,9.140000343322754,9.140000343322754,9.140000343322754,9.140000343322754,9000,0.0,0.0
2024-04-12 09:55:00+08:00,9.140000343322754,9.140000343322754,9.140000343322754,9.140000343322754,1000,0.0,0.0
2024-04-12 10:00:00+08:00,9.130000114440918,9.140000343322754,9.130000114440918,9.140000343322754,13000,0.0,0.0
2024-04-12 10:05:00+08:00,9.130000114440918,9.130000114440918,9.130000114440918,9.130000114440918,24309,0.0,0.0
2024-04-12 10:10:00+08:00,9.130000114440918,9.140000343322754,9.130000114440918,9.130000114440918,19357,0.0,0.0
2024-04-12 10:15:00+08:00,9.119999885559082,9.119999885559082,9.119999885559082,9.119999885559082,52000,0.0,0.0
2024-04-12 10:20:00+08:00,9.119999885559082,9.119999885559082,9.119999885559082,9.119999885559082,36544,0.0,0.0
2024-04-12 10:30:00+08:00,9.130000114440918,9.130000114440918,9.109999656677246,9.119999885559082,80486,0.0,0.0
2024-04-12 10:35:00+08:00,9.119999885559082,9.119999885559082,9.119999885559082,9.119999885559082,10129,0.0,0.0
2024-04-12 10:40:00+08:00,9.119999885559082,9.130000114440918,9.119999885559082,9.130000114440918,8564,0.0,0.0
2024-04-12 10:45:00+08:00,9.119999885559082,9.119999885559082,9.119999885559082,9.119999885559082,3248,0.0,0.0
2024-04-12 10:55:00+08:00,9.130000114440918,9.130000114440918,9.130000114440918,9.130000114440918,1000,0.0,0.0
2024-04-12 11:00:00+08:00,9.119999885559082,9.140000343322754,9.119999885559082,9.140000343322754,28641,0.0,0.0
2024-04-12 11:10:00+08:00,9.130000114440918,9.130000114440918,9.130000114440918,9.130000114440918,15434,0.0,0.0
2024-04-12 11:15:00+08:00,9.130000114440918,9.130000114440918,9.130000114440918,9.130000114440918,1041,0.0,0.0
2024-04-12 11:20:00+08:00,9.130000114440918,9.130000114440918,9.130000114440918,9.130000114440918,1000,0.0,0.0
2024-04-12 11:25:00+08:00,9.140000343322754,9.140000343322754,9.130000114440918,9.130000114440918,7200,0.0,0.0
2024-04-12 11:30:00+08:00,9.130000114440918,9.130000114440918,9.130000114440918,9.130000114440918,5840,0.0,0.0
2024-04-12 11:35:00+08:00,9.130000114440918,9.130000114440918,9.119999885559082,9.119999885559082,17604,0.0,0.0
2024-04-12 11:40:00+08:00,9.119999885559082,9.119999885559082,9.119999885559082,9.119999885559082,26525,0.0,0.0
2024-04-12 11:45:00+08:00,9.119999885559082,9.119999885559082,9.119999885559082,9.119999885559082,13000,0.0,0.0
2024-04-12 11:50:00+08:00,9.119999885559082,9.119999885559082,9.119999885559082,9.119999885559082,2320,0.0,0.0
2024-04-12 11:55:00+08:00,9.119999885559082,9.119999885559082,9.119999885559082,9.119999885559082,6015,0.0,0.0
2024-04-12 12:00:00+08:00,9.119999885559082,9.119999885559082,9.119999885559082,9.119999885559082,1429,0.0,0.0
2024-04-12 12:05:00+08:00,9.130000114440918,9.130000114440918,9.130000114440918,9.130000114440918,1000,0.0,0.0
2024-04-12 12:10:00+08:00,9.130000114440918,9.130000114440918,9.119999885559082,9.119999885559082,63541,0.0,0.0
2024-04-12 12:15:00+08:00,9.119999885559082,9.119999885559082,9.119999885559082,9.119999885559082,9348,0.0,0.0
2024-04-12 12:20:00+08:00,9.109999656677246,9.119999885559082,9.109999656677246,9.119999885559082,4122,0.0,0.0
2024-04-12 12:25:00+08:00,9.119999885559082,9.140000343322754,9.119999885559082,9.140000343322754,121155,0.0,0.0
2024-04-12 12:30:00+08:00,9.140000343322754,9.140000343322754,9.140000343322754,9.140000343322754,2265,0.0,0.0
2024-04-12 12:35:00+08:00,9.140000343322754,9.140000343322754,9.109999656677246,9.109999656677246,21519,0.0,0.0
2024-04-12 12:45:00+08:00,9.119999885559082,9.119999885559082,9.119999885559082,9.119999885559082,1000,0.0,0.0
2024-04-12 12:50:00+08:00,9.119999885559082,9.130000114440918,9.119999885559082,9.130000114440918,6886,0.0,0.0
2024-04-12 12:55:00+08:00,9.130000114440918,9.130000114440918,9.130000114440918,9.130000114440918,8349,0.0,0.0
2024-04-12 13:00:00+08:00,9.140000343322754,9.140000343322754,9.140000343322754,9.140000343322754,6105,0.0,0.0
2024-04-12 13:05:00+08:00,9.140000343322754,9.140000343322754,9.140000343322754,9.140000343322754,1269,0.0,0.0
2024-04-12 13:20:00+08:00,9.130000114440918,9.140000343322754,9.119999885559082,9.119999885559082,29990,0.0,0.0
2024-04-12 09:00:00+08:00,9.18000030517578,9.18000030517578,9.140000343322754,9.140000343322754,0,0.0,0.0
2024-04-12 09:05:00+08:00,9.130000114440918,9.130000114440918,9.130000114440918,9.130000114440918,20000,0.0,0.0
2024-04-12 09:10:00+08:00,9.140000343322754,9.149999618530272,9.140000343322754,9.149999618530272,23715,0.0,0.0
2024-04-12 09:15:00+08:00,9.149999618530272,9.149999618530272,9.149999618530272,9.149999618530272,6291,0.0,0.0
2024-04-12 09:20:00+08:00,9.149999618530272,9.149999618530272,9.109999656677246,9.109999656677246,131292,0.0,0.0
2024-04-12 09:25:00+08:00,9.130000114440918,9.130000114440918,9.130000114440918,9.130000114440918,9826,0.0,0.0
2024-04-12 09:30:00+08:00,9.130000114440918,9.130000114440918,9.130000114440918,9.130000114440918,26433,0.0,0.0
2024-04-12 09:35:00+08:00,9.130000114440918,9.130000114440918,9.130000114440918,9.130000114440918,1403,0.0,0.0
2024-04-12 09:40:00+08:00,9.140000343322754,9.140000343322754,9.130000114440918,9.130000114440918,26822,0.0,0.0
2024-04-12 09:45:00+08:00,9.119999885559082,9.130000114440918,9.119999885559082,9.130000114440918,25120,0.0,0.0
2024-04-12 09:50:00+08:00,9.140000343322754,9.140000343322754,9.140000343322754,9.140000343322754,9000,0.0,0.0
2024-04-12 09:55:00+08:00,9.140000343322754,9.140000343322754,9.140000343322754,9.140000343322754,1000,0.0,0.0
2024-04-12 10:00:00+08:00,9.130000114440918,9.140000343322754,9.130000114440918,9.140000343322754,13000,0.0,0.0
2024-04-12 10:05:00+08:00,9.130000114440918,9.130000114440918,9.130000114440918,9.130000114440918,24309,0.0,0.0
2024-04-12 10:10:00+08:00,9.130000114440918,9.140000343322754,9.130000114440918,9.130000114440918,19357,0.0,0.0
2024-04-12 10:15:00+08:00,9.119999885559082,9.119999885559082,9.119999885559082,9.119999885559082,52000,0.0,0.0
2024-04-12 10:20:00+08:00,9.119999885559082,9.119999885559082,9.119999885559082,9.119999885559082,36544,0.0,0.0
2024-04-12 10:30:00+08:00,9.130000114440918,9.130000114440918,9.109999656677246,9.119999885559082,80486,0.0,0.0
2024-04-12 10:35:00+08:00,9.119999885559082,9.119999885559082,9.119999885559082,9.119999885559082,10129,0.0,0.0
2024-04-12 10:40:00+08:00,9.119999885559082,9.130000114440918,9.119999885559082,9.130000114440918,8564,0.0,0.0
2024-04-12 10:45:00+08:00,9.119999885559082,9.119999885559082,9.119999885559082,9.119999885559082,3248,0.0,0.0
2024-04-12 10:55:00+08:00,9.130000114440918,9.130000114440918,9.130000114440918,9.130000114440918,1000,0.0,0.0
2024-04-12 11:00:00+08:00,9.119999885559082,9.140000343322754,9.119999885559082,9.140000343322754,28641,0.0,0.0
2024-04-12 11:10:00+08:00,9.130000114440918,9.130000114440918,9.130000114440918,9.130000114440918,15434,0.0,0.0
2024-04-12 11:15:00+08:00,9.130000114440918,9.130000114440918,9.130000114440918,9.130000114440918,1041,0.0,0.0
2024-04-12 11:20:00+08:00,9.130000114440918,9.130000114440918,9.130000114440918,9.130000114440918,1000,0.0,0.0
2024-04-12 11:25:00+08:00,9.140000343322754,9.140000343322754,9.130000114440918,9.130000114440918,7200,0.0,0.0
2024-04-12 11:30:00+08:00,9.130000114440918,9.130000114440918,9.130000114440918,9.130000114440918,5840,0.0,0.0
2024-04-12 11:35:00+08:00,9.130000114440918,9.130000114440918,9.119999885559082,9.119999885559082,17604,0.0,0.0
2024-04-12 11:40:00+08:00,9.119999885559082,9.119999885559082,9.119999885559082,9.119999885559082,26525,0.0,0.0
2024-04-12 11:45:00+08:00,9.119999885559082,9.119999885559082,9.119999885559082,9.119999885559082,13000,0.0,0.0
2024-04-12 11:50:00+08:00,9.119999885559082,9.119999885559082,9.119999885559082,9.119999885559082,2320,0.0,0.0
2024-04-12 11:55:00+08:00,9.119999885559082,9.119999885559082,9.119999885559082,9.119999885559082,6015,0.0,0.0
2024-04-12 12:00:00+08:00,9.119999885559082,9.119999885559082,9.119999885559082,9.119999885559082,1429,0.0,0.0
2024-04-12 12:05:00+08:00,9.130000114440918,9.130000114440918,9.130000114440918,9.130000114440918,1000,0.0,0.0
2024-04-12 12:10:00+08:00,9.130000114440918,9.130000114440918,9.119999885559082,9.119999885559082,63541,0.0,0.0
2024-04-12 12:15:00+08:00,9.119999885559082,9.119999885559082,9.119999885559082,9.119999885559082,9348,0.0,0.0
2024-04-12 12:20:00+08:00,9.109999656677246,9.119999885559082,9.109999656677246,9.119999885559082,4122,0.0,0.0
2024-04-12 12:25:00+08:00,9.119999885559082,9.140000343322754,9.119999885559082,9.140000343322754,121155,0.0,0.0
2024-04-12 12:30:00+08:00,9.140000343322754,9.140000343322754,9.140000343322754,9.140000343322754,2265,0.0,0.0
2024-04-12 12:35:00+08:00,9.140000343322754,9.140000343322754,9.109999656677246,9.109999656677246,21519,0.0,0.0
2024-04-12 12:45:00+08:00,9.119999885559082,9.119999885559082,9.119999885559082,9.119999885559082,1000,0.0,0.0
2024-04-12 12:50:00+08:00,9.119999885559082,9.130000114440918,9.119999885559082,9.130000114440918,6886,0.0,0.0
2024-04-12 12:55:00+08:00,9.130000114440918,9.130000114440918,9.130000114440918,9.130000114440918,8349,0.0,0.0
2024-04-12 13:00:00+08:00,9.140000343322754,9.140000343322754,9.140000343322754,9.140000343322754,6105,0.0,0.0
2024-04-12 13:05:00+08:00,9.140000343322754,9.140000343322754,9.140000343322754,9.140000343322754,1269,0.0,0.0
2024-04-12 13:20:00+08:00,9.130000114440918,9.140000343322754,9.119999885559082,9.119999885559082,29990,0.0,0.0
2024-04-12 09:00:00+08:00,9.18000030517578,9.18000030517578,9.140000343322754,9.140000343322754,0,0.0,0.0
2024-04-12 09:05:00+08:00,9.130000114440918,9.130000114440918,9.130000114440918,9.130000114440918,20000,0.0,0.0
2024-04-12 09:10:00+08:00,9.140000343322754,9.149999618530272,9.140000343322754,9.149999618530272,23715,0.0,0.0
2024-04-12 09:15:00+08:00,9.149999618530272,9.149999618530272,9.149999618530272,9.149999618530272,6291,0.0,0.0
2024-04-12 09:20:00+08:00,9.149999618530272,9.149999618530272,9.109999656677246,9.109999656677246,131292,0.0,0.0
2024-04-12 09:25:00+08:00,9.130000114440918,9.130000114440918,9.130000114440918,9.130000114440918,9826,0.0,0.0
2024-04-12 09:30:00+08:00,9.130000114440918,9.130000114440918,9.130000114440918,9.130000114440918,26433,0.0,0.0
2024-04-12 09:35:00+08:00,9.130000114440918,9.130000114440918,9.130000114440918,9.130000114440918,1403,0.0,0.0
2024-04-12 09:40:00+08:00,9.140000343322754,9.140000343322754,9.130000114440918,9.130000114440918,26822,0.0,0.0
2024-04-12 09:45:00+08:00,9.119999885559082,9.130000114440918,9.119999885559082,9.130000114440918,25120,0.0,0.0
2024-04-12 09:50:00+08:00,9.140000343322754,9.140000343322754,9.140000343322754,9.140000343322754,9000,0.0,0.0
2024-04-12 09:55:00+08:00,9.140000343322754,9.140000343322754,9.140000343322754,9.140000343322754,1000,0.0,0.0
2024-04-12 10:00:00+08:00,9.130000114440918,9.140000343322754,9.130000114440918,9.140000343322754,13000,0.0,0.0
2024-04-12 10:05:00+08:00,9.130000114440918,9.130000114440918,9.130000114440918,9.130000114440918,24309,0.0,0.0
2024-04-12 10:10:00+08:00,9.130000114440918,9.140000343322754,9.130000114440918,9.130000114440918,19357,0.0,0.0
2024-04-12 10:15:00+08:00,9.119999885559082,9.119999885559082,9.119999885559082,9.119999885559082,52000,0.0,0.0
2024-04-12 10:20:00+08:00,9.119999885559082,9.119999885559082,9.119999885559082,9.119999885559082,36544,0.0,0.0
2024-04-12 10:30:00+08:00,9.130000114440918,9.130000114440918,9.109999656677246,9.119999885559082,80486,0.0,0.0
2024-04-12 10:35:00+08:00,9.119999885559082,9.119999885559082,9.119999885559082,9.119999885559082,10129,0.0,0.0
2024-04-12 10:40:00+08:00,9.119999885559082,9.130000114440918,9.119999885559082,9.130000114440918,8564,0.0,0.0
2024-04-12 10:45:00+08:00,9.119999885559082,9.119999885559082,9.119999885559082,9.119999885559082,3248,0.0,0.0
2024-04-12 10:55:00+08:00,9.130000114440918,9.130000114440918,9.130000114440918,9.130000114440918,1000,0.0,0.0
2024-04-12 11:00:00+08:00,9.119999885559082,9.140000343322754,9.119999885559082,9.140000343322754,28641,0.0,0.0
2024-04-12 11:10:00+08:00,9.130000114440918,9.130000114440918,9.130000114440918,9.130000114440918,15434,0.0,0.0
2024-04-12 11:15:00+08:00,9.130000114440918,9.130000114440918,9.130000114440918,9.130000114440918,1041,0.0,0.0
2024-04-12 11:20:00+08:00,9.130000114440918,9.130000114440918,9.130000114440918,9.130000114440918,1000,0.0,0.0
2024-04-12 11:25:00+08:00,9.140000343322754,9.140000343322754,9.130000114440918,9.130000114440918,7200,0.0,0.0
2024-04-12 11:30:00+08:00,9.130000114440918,9.130000114440918,9.130000114440918,9.130000114440918,5840,0.0,0.0
2024-04-12 11:35:00+08:00,9.130000114440918,9.130000114440918,9.119999885559082,9.119999885559082,17604,0.0,0.0
2024-04-12 11:40:00+08:00,9.119999885559082,9.119999885559082,9.119999885559082,9.119999885559082,26525,0.0,0.0
2024-04-12 11:45:00+08:00,9.119999885559082,9.119999885559082,9.119999885559082,9.119999885559082,13000,0.0,0.0
2024-04-12 11:50:00+08:00,9.119999885559082,9.119999885559082,9.119999885559082,9.119999885559082,2320,0.0,0.0
2024-04-12 11:55:00+08:00,9.119999885559082,9.119999885559082,9.119999885559082,9.119999885559082,6015,0.0,0.0
2024-04-12 12:00:00+08:00,9.119999885559082,9.119999885559082,9.119999885559082,9.119999885559082,1429,0.0,0.0
2024-04-12 12:05:00+08:00,9.130000114440918,9.130000114440918,9.130000114440918,9.130000114440918,1000,0.0,0.0
2024-04-12 12:10:00+08:00,9.130000114440918,9.130000114440918,9.119999885559082,9.119999885559082,63541,0.0,0.0
2024-04-12 12:15:00+08:00,9.119999885559082,9.119999885559082,9.119999885559082,9.119999885559082,9348,0.0,0.0
2024-04-12 12:20:00+08:00,9.109999656677246,9.119999885559082,9.109999656677246,9.119999885559082,4122,0.0,0.0
2024-04-12 12:25:00+08:00,9.119999885559082,9.140000343322754,9.119999885559082,9.140000343322754,121155,0.0,0.0
2024-04-12 12:30:00+08:00,9.140000343322754,9.140000343322754,9.140000343322754,9.140000343322754,2265,0.0,0.0
2024-04-12 12:35:00+08:00,9.140000343322754,9.140000343322754,9.109999656677246,9.109999656677246,21519,0.0,0.0
2024-04-12 12:45:00+08:00,9.119999885559082,9.119999885559082,9.119999885559082,9.119999885559082,1000,0.0,0.0
2024-04-12 12:50:00+08:00,9.119999885559082,9.130000114440918,9.119999885559082,9.130000114440918,6886,0.0,0.0
2024-04-12 12:55:00+08:00,9.130000114440918,9.130000114440918,9.130000114440918,9.130000114440918,8349,0.0,0.0
2024-04-12 13:00:00+08:00,9.140000343322754,9.140000343322754,9.140000343322754,9.140000343322754,6105,0.0,0.0
2024-04-12 13:05:00+08:00,9.140000343322754,9.140000343322754,9.140000343322754,9.140000343322754,1269,0.0,0.0
2024-04-12 13:20:00+08:00,9.130000114440918,9.140000343322754,9.119999885559082,9.119999885559082,29990,0.0,0.0
2024-04-12 09:00:00+08:00,9.18000030517578,9.18000030517578,9.140000343322754,9.140000343322754,0,0.0,0.0
2024-04-12 09:05:00+08:00,9.130000114440918,9.130000114440918,9.130000114440918,9.130000114440918,20000,0.0,0.0
2024-04-12 09:10:00+08:00,9.140000343322754,9.149999618530272,9.140000343322754,9.149999618530272,23715,0.0,0.0
2024-04-12 09:15:00+08:00,9.149999618530272,9.149999618530272,9.149999618530272,9.149999618530272,6291,0.0,0.0
2024-04-12 09:20:00+08:00,9.149999618530272,9.149999618530272,9.109999656677246,9.109999656677246,131292,0.0,0.0
2024-04-12 09:25:00+08:00,9.130000114440918,9.130000114440918,9.130000114440918,9.130000114440918,9826,0.0,0.0
2024-04-12 09:30:00+08:00,9.130000114440918,9.130000114440918,9.130000114440918,9.130000114440918,26433,0.0,0.0
2024-04-12 09:35:00+08:00,9.130000114440918,9.130000114440918,9.130000114440918,9.130000114440918,1403,0.0,0.0
2024-04-12 09:40:00+08:00,9.140000343322754,9.140000343322754,9.130000114440918,9.130000114440918,26822,0.0,0.0
2024-04-12 09:45:00+08:00,9.119999885559082,9.130000114440918,9.119999885559082,9.130000114440918,25120,0.0,0.0
2024-04-12 09:50:00+08:00,9.140000343322754,9.140000343322754,9.140000343322754,9.140000343322754,9000,0.0,0.0
2024-04-12 09:55:00+08:00,9.140000343322754,9.140000343322754,9.140000343322754,9.140000343322754,1000,0.0,0.0
2024-04-12 10:00:00+08:00,9.130000114440918,9.140000343322754,9.130000114440918,9.140000343322754,13000,0.0,0.0
2024-04-12 10:05:00+08:00,9.130000114440918,9.130000114440918,9.130000114440918,9.130000114440918,24309,0.0,0.0
2024-04-12 10:10:00+08:00,9.130000114440918,9.140000343322754,9.130000114440918,9.130000114440918,19357,0.0,0.0
2024-04-12 10:15:00+08:00,9.119999885559082,9.119999885559082,9.119999885559082,9.119999885559082,52000,0.0,0.0
2024-04-12 10:20:00+08:00,9.119999885559082,9.119999885559082,9.119999885559082,9.119999885559082,36544,0.0,0.0
2024-04-12 10:30:00+08:00,9.130000114440918,9.130000114440918,9.109999656677246,9.119999885559082,80486,0.0,0.0
2024-04-12 10:35:00+08:00,9.119999885559082,9.119999885559082,9.119999885559082,9.119999885559082,10129,0.0,0.0
2024-04-12 10:40:00+08:00,9.119999885559082,9.130000114440918,9.119999885559082,9.130000114440918,8564,0.0,0.0
2024-04-12 10:45:00+08:00,9.119999885559082,9.119999885559082,9.119999885559082,9.119999885559082,3248,0.0,0.0
2024-04-12 10:55:00+08:00,9.130000114440918,9.130000114440918,9.130000114440918,9.130000114440918,1000,0.0,0.0
2024-04-12 11:00:00+08:00,9.119999885559082,9.140000343322754,9.119999885559082,9.140000343322754,28641,0.0,0.0
2024-04-12 11:10:00+08:00,9.130000114440918,9.130000114440918,9.130000114440918,9.130000114440918,15434,0.0,0.0
2024-04-12 11:15:00+08:00,9.130000114440918,9.130000114440918,9.130000114440918,9.130000114440918,1041,0.0,0.0
2024-04-12 11:20:00+08:00,9.130000114440918,9.130000114440918,9.130000114440918,9.130000114440918,1000,0.0,0.0
2024-04-12 11:25:00+08:00,9.140000343322754,9.140000343322754,9.130000114440918,9.130000114440918,7200,0.0,0.0
2024-04-12 11:30:00+08:00,9.130000114440918,9.130000114440918,9.130000114440918,9.130000114440918,5840,0.0,0.0
2024-04-12 11:35:00+08:00,9.130000114440918,9.130000114440918,9.119999885559082,9.119999885559082,17604,0.0,0.0
2024-04-12 11:40:00+08:00,9.119999885559082,9.119999885559082,9.119999885559082,9.119999885559082,26525,0.0,0.0
2024-04-12 11:45:00+08:00,9.119999885559082,9.119999885559082,9.119999885559082,9.119999885559082,13000,0.0,0.0
2024-04-12 11:50:00+08:00,9.119999885559082,9.119999885559082,9.119999885559082,9.119999885559082,2320,0.0,0.0
2024-04-12 11:55:00+08:00,9.119999885559082,9.119999885559082,9.119999885559082,9.119999885559082,6015,0.0,0.0
2024-04-12 12:00:00+08:00,9.119999885559082,9.119999885559082,9.119999885559082,9.119999885559082,1429,0.0,0.0
2024-04-12 12:05:00+08:00,9.130000114440918,9.130000114440918,9.130000114440918,9.130000114440918,1000,0.0,0.0
2024-04-12 12:10:00+08:00,9.130000114440918,9.130000114440918,9.119999885559082,9.119999885559082,63541,0.0,0.0
2024-04-12 12:15:00+08:00,9.119999885559082,9.119999885559082,9.119999885559082,9.119999885559082,9348,0.0,0.0
2024-04-12 12:20:00+08:00,9.109999656677246,9.119999885559082,9.109999656677246,9.119999885559082,4122,0.0,0.0
2024-04-12 12:25:00+08:00,9.119999885559082,9.140000343322754,9.119999885559082,9.140000343322754,121155,0.0,0.0
2024-04-12 12:30:00+08:00,9.140000343322754,9.140000343322754,9.140000343322754,9.140000343322754,2265,0.0,0.0
2024-04-12 12:35:00+08:00,9.140000343322754,9.140000343322754,9.109999656677246,9.109999656677246,21519,0.0,0.0
2024-04-12 12:45:00+08:00,9.119999885559082,9.119999885559082,9.119999885559082,9.119999885559082,1000,0.0,0.0
2024-04-12 12:50:00+08:00,9.119999885559082,9.130000114440918,9.119999885559082,9.130000114440918,6886,0.0,0.0
2024-04-12 12:55:00+08:00,9.130000114440918,9.130000114440918,9.130000114440918,9.130000114440918,8349,0.0,0.0
2024-04-12 13:00:00+08:00,9.140000343322754,9.140000343322754,9.140000343322754,9.140000343322754,6105,0.0,0.0
2024-04-12 13:05:00+08:00,9.140000343322754,9.140000343322754,9.140000343322754,9.140000343322754,1269,0.0,0.0
2024-04-12 13:20:00+08:00,9.130000114440918,9.140000343322754,9.119999885559082,9.119999885559082,29990,0.0,0.0
2024-04-15 09:00:00+08:00,9.119999885559082,9.119999885559082,9.109999656677246,9.119999885559082,0,0.0,0.0
2024-04-15 09:05:00+08:00,9.109999656677246,9.119999885559082,9.109999656677246,9.119999885559082,29223,0.0,0.0
2024-04-15 09:10:00+08:00,9.119999885559082,9.119999885559082,9.119999885559082,9.119999885559082,46440,0.0,0.0
2024-04-15 09:15:00+08:00,9.130000114440918,9.130000114440918,9.130000114440918,9.130000114440918,9160,0.0,0.0
2024-04-15 09:20:00+08:00,9.130000114440918,9.140000343322754,9.130000114440918,9.140000343322754,23944,0.0,0.0
2024-04-15 09:30:00+08:00,9.140000343322754,9.149999618530272,9.140000343322754,9.149999618530272,26033,0.0,0.0
2024-04-15 09:35:00+08:00,9.149999618530272,9.15999984741211,9.149999618530272,9.15999984741211,18116,0.0,0.0
2024-04-15 09:40:00+08:00,9.15999984741211,9.15999984741211,9.15999984741211,9.15999984741211,1000,0.0,0.0
2024-04-15 09:45:00+08:00,9.149999618530272,9.149999618530272,9.149999618530272,9.149999618530272,3160,0.0,0.0
2024-04-15 09:50:00+08:00,9.149999618530272,9.149999618530272,9.149999618530272,9.149999618530272,1090,0.0,0.0
2024-04-15 10:00:00+08:00,9.149999618530272,9.149999618530272,9.149999618530272,9.149999618530272,12040,0.0,0.0
2024-04-15 10:05:00+08:00,9.149999618530272,9.15999984741211,9.149999618530272,9.15999984741211,7010,0.0,0.0
2024-04-15 10:10:00+08:00,9.15999984741211,9.15999984741211,9.15999984741211,9.15999984741211,1160,0.0,0.0
2024-04-15 10:15:00+08:00,9.15999984741211,9.170000076293944,9.15999984741211,9.170000076293944,34178,0.0,0.0
2024-04-15 10:25:00+08:00,9.15999984741211,9.15999984741211,9.15999984741211,9.15999984741211,12080,0.0,0.0
2024-04-15 10:30:00+08:00,9.170000076293944,9.170000076293944,9.170000076293944,9.170000076293944,37054,0.0,0.0
2024-04-15 10:35:00+08:00,9.170000076293944,9.170000076293944,9.170000076293944,9.170000076293944,1000,0.0,0.0
2024-04-15 10:40:00+08:00,9.170000076293944,9.170000076293944,9.170000076293944,9.170000076293944,2921,0.0,0.0
2024-04-15 10:50:00+08:00,9.15999984741211,9.15999984741211,9.15999984741211,9.15999984741211,8550,0.0,0.0
2024-04-15 10:55:00+08:00,9.15999984741211,9.15999984741211,9.15999984741211,9.15999984741211,3464,0.0,0.0
2024-04-15 11:00:00+08:00,9.15999984741211,9.15999984741211,9.15999984741211,9.15999984741211,3823,0.0,0.0
2024-04-15 11:10:00+08:00,9.149999618530272,9.15999984741211,9.149999618530272,9.149999618530272,34001,0.0,0.0
2024-04-15 11:15:00+08:00,9.149999618530272,9.149999618530272,9.149999618530272,9.149999618530272,26000,0.0,0.0
2024-04-15 11:20:00+08:00,9.149999618530272,9.149999618530272,9.149999618530272,9.149999618530272,3565,0.0,0.0
2024-04-15 11:25:00+08:00,9.149999618530272,9.149999618530272,9.149999618530272,9.149999618530272,6200,0.0,0.0
2024-04-15 11:30:00+08:00,9.140000343322754,9.140000343322754,9.140000343322754,9.140000343322754,20025,0.0,0.0
2024-04-15 11:40:00+08:00,9.140000343322754,9.15999984741211,9.140000343322754,9.15999984741211,60436,0.0,0.0
2024-04-15 11:45:00+08:00,9.15999984741211,9.170000076293944,9.15999984741211,9.170000076293944,34200,0.0,0.0
2024-04-15 11:50:00+08:00,9.170000076293944,9.170000076293944,9.170000076293944,9.170000076293944,1075,0.0,0.0
2024-04-15 11:55:00+08:00,9.170000076293944,9.170000076293944,9.170000076293944,9.170000076293944,1100,0.0,0.0
2024-04-15 12:00:00+08:00,9.170000076293944,9.170000076293944,9.170000076293944,9.170000076293944,22000,0.0,0.0
2024-04-15 12:05:00+08:00,9.15999984741211,9.170000076293944,9.15999984741211,9.170000076293944,3350,0.0,0.0
2024-04-15 12:10:00+08:00,9.15999984741211,9.170000076293944,9.15999984741211,9.170000076293944,6182,0.0,0.0
2024-04-15 12:20:00+08:00,9.15999984741211,9.15999984741211,9.15999984741211,9.15999984741211,1055,0.0,0.0
2024-04-15 12:25:00+08:00,9.15999984741211,9.15999984741211,9.15999984741211,9.15999984741211,17021,0.0,0.0
2024-04-15 12:30:00+08:00,9.149999618530272,9.149999618530272,9.149999618530272,9.149999618530272,2069,0.0,0.0
2024-04-15 12:35:00+08:00,9.15999984741211,9.15999984741211,9.149999618530272,9.149999618530272,7042,0.0,0.0
2024-04-15 12:45:00+08:00,9.149999618530272,9.149999618530272,9.149999618530272,9.149999618530272,3042,0.0,0.0
2024-04-15 12:50:00+08:00,9.149999618530272,9.149999618530272,9.149999618530272,9.149999618530272,5000,0.0,0.0
2024-04-15 12:55:00+08:00,9.149999618530272,9.149999618530272,9.149999618530272,9.149999618530272,2000,0.0,0.0
2024-04-15 13:00:00+08:00,9.149999618530272,9.15999984741211,9.149999618530272,9.15999984741211,9010,0.0,0.0
2024-04-15 13:05:00+08:00,9.15999984741211,9.15999984741211,9.149999618530272,9.149999618530272,18312,0.0,0.0
2024-04-15 13:10:00+08:00,9.149999618530272,9.149999618530272,9.140000343322754,9.140000343322754,46645,0.0,0.0
2024-04-15 13:15:00+08:00,9.140000343322754,9.140000343322754,9.140000343322754,9.140000343322754,5195,0.0,0.0
2024-04-15 13:20:00+08:00,9.130000114440918,9.130000114440918,9.130000114440918,9.130000114440918,25206,0.0,0.0
2024-04-15 09:00:00+08:00,9.119999885559082,9.119999885559082,9.109999656677246,9.119999885559082,0,0.0,0.0
2024-04-15 09:05:00+08:00,9.109999656677246,9.119999885559082,9.109999656677246,9.119999885559082,29223,0.0,0.0
2024-04-15 09:10:00+08:00,9.119999885559082,9.119999885559082,9.119999885559082,9.119999885559082,46440,0.0,0.0
2024-04-15 09:15:00+08:00,9.130000114440918,9.130000114440918,9.130000114440918,9.130000114440918,9160,0.0,0.0
2024-04-15 09:20:00+08:00,9.130000114440918,9.140000343322754,9.130000114440918,9.140000343322754,23944,0.0,0.0
2024-04-15 09:30:00+08:00,9.140000343322754,9.149999618530272,9.140000343322754,9.149999618530272,26033,0.0,0.0
2024-04-15 09:35:00+08:00,9.149999618530272,9.15999984741211,9.149999618530272,9.15999984741211,18116,0.0,0.0
2024-04-15 09:40:00+08:00,9.15999984741211,9.15999984741211,9.15999984741211,9.15999984741211,1000,0.0,0.0
2024-04-15 09:45:00+08:00,9.149999618530272,9.149999618530272,9.149999618530272,9.149999618530272,3160,0.0,0.0
2024-04-15 09:50:00+08:00,9.149999618530272,9.149999618530272,9.149999618530272,9.149999618530272,1090,0.0,0.0
2024-04-15 10:00:00+08:00,9.149999618530272,9.149999618530272,9.149999618530272,9.149999618530272,12040,0.0,0.0
2024-04-15 10:05:00+08:00,9.149999618530272,9.15999984741211,9.149999618530272,9.15999984741211,7010,0.0,0.0
2024-04-15 10:10:00+08:00,9.15999984741211,9.15999984741211,9.15999984741211,9.15999984741211,1160,0.0,0.0
2024-04-15 10:15:00+08:00,9.15999984741211,9.170000076293944,9.15999984741211,9.170000076293944,34178,0.0,0.0
2024-04-15 10:25:00+08:00,9.15999984741211,9.15999984741211,9.15999984741211,9.15999984741211,12080,0.0,0.0
2024-04-15 10:30:00+08:00,9.170000076293944,9.170000076293944,9.170000076293944,9.170000076293944,37054,0.0,0.0
2024-04-15 10:35:00+08:00,9.170000076293944,9.170000076293944,9.170000076293944,9.170000076293944,1000,0.0,0.0
2024-04-15 10:40:00+08:00,9.170000076293944,9.170000076293944,9.170000076293944,9.170000076293944,2921,0.0,0.0
2024-04-15 10:50:00+08:00,9.15999984741211,9.15999984741211,9.15999984741211,9.15999984741211,8550,0.0,0.0
2024-04-15 10:55:00+08:00,9.15999984741211,9.15999984741211,9.15999984741211,9.15999984741211,3464,0.0,0.0
2024-04-15 11:00:00+08:00,9.15999984741211,9.15999984741211,9.15999984741211,9.15999984741211,3823,0.0,0.0
2024-04-15 11:10:00+08:00,9.149999618530272,9.15999984741211,9.149999618530272,9.149999618530272,34001,0.0,0.0
2024-04-15 11:15:00+08:00,9.149999618530272,9.149999618530272,9.149999618530272,9.149999618530272,26000,0.0,0.0
2024-04-15 11:20:00+08:00,9.149999618530272,9.149999618530272,9.149999618530272,9.149999618530272,3565,0.0,0.0
2024-04-15 11:25:00+08:00,9.149999618530272,9.149999618530272,9.149999618530272,9.149999618530272,6200,0.0,0.0
2024-04-15 11:30:00+08:00,9.140000343322754,9.140000343322754,9.140000343322754,9.140000343322754,20025,0.0,0.0
2024-04-15 11:40:00+08:00,9.140000343322754,9.15999984741211,9.140000343322754,9.15999984741211,60436,0.0,0.0
2024-04-15 11:45:00+08:00,9.15999984741211,9.170000076293944,9.15999984741211,9.170000076293944,34200,0.0,0.0
2024-04-15 11:50:00+08:00,9.170000076293944,9.170000076293944,9.170000076293944,9.170000076293944,1075,0.0,0.0
2024-04-15 11:55:00+08:00,9.170000076293944,9.170000076293944,9.170000076293944,9.170000076293944,1100,0.0,0.0
2024-04-15 12:00:00+08:00,9.170000076293944,9.170000076293944,9.170000076293944,9.170000076293944,22000,0.0,0.0
2024-04-15 12:05:00+08:00,9.15999984741211,9.170000076293944,9.15999984741211,9.170000076293944,3350,0.0,0.0
2024-04-15 12:10:00+08:00,9.15999984741211,9.170000076293944,9.15999984741211,9.170000076293944,6182,0.0,0.0
2024-04-15 12:20:00+08:00,9.15999984741211,9.15999984741211,9.15999984741211,9.15999984741211,1055,0.0,0.0
2024-04-15 12:25:00+08:00,9.15999984741211,9.15999984741211,9.15999984741211,9.15999984741211,17021,0.0,0.0
2024-04-15 12:30:00+08:00,9.149999618530272,9.149999618530272,9.149999618530272,9.149999618530272,2069,0.0,0.0
2024-04-15 12:35:00+08:00,9.15999984741211,9.15999984741211,9.149999618530272,9.149999618530272,7042,0.0,0.0
2024-04-15 12:45:00+08:00,9.149999618530272,9.149999618530272,9.149999618530272,9.149999618530272,3042,0.0,0.0
2024-04-15 12:50:00+08:00,9.149999618530272,9.149999618530272,9.149999618530272,9.149999618530272,5000,0.0,0.0
2024-04-15 12:55:00+08:00,9.149999618530272,9.149999618530272,9.149999618530272,9.149999618530272,2000,0.0,0.0
2024-04-15 13:00:00+08:00,9.149999618530272,9.15999984741211,9.149999618530272,9.15999984741211,9010,0.0,0.0
2024-04-15 13:05:00+08:00,9.15999984741211,9.15999984741211,9.149999618530272,9.149999618530272,18312,0.0,0.0
2024-04-15 13:10:00+08:00,9.149999618530272,9.149999618530272,9.140000343322754,9.140000343322754,46645,0.0,0.0
2024-04-15 13:15:00+08:00,9.140000343322754,9.140000343322754,9.140000343322754,9.140000343322754,5195,0.0,0.0
2024-04-15 13:20:00+08:00,9.130000114440918,9.130000114440918,9.130000114440918,9.130000114440918,25206,0.0,0.0
2024-04-16 09:00:00+08:00,9.109999656677246,9.109999656677246,9.100000381469728,9.109999656677246,15000,0.0,0.0
2024-04-16 09:05:00+08:00,9.109999656677246,9.109999656677246,9.09000015258789,9.100000381469728,67038,0.0,0.0
2024-04-16 09:10:00+08:00,9.100000381469728,9.100000381469728,9.06999969482422,9.06999969482422,224164,0.0,0.0
2024-04-16 09:15:00+08:00,9.06999969482422,9.079999923706056,9.06999969482422,9.06999969482422,107113,0.0,0.0
2024-04-16 09:20:00+08:00,9.079999923706056,9.079999923706056,9.0600004196167,9.06999969482422,65207,0.0,0.0
2024-04-16 09:25:00+08:00,9.06999969482422,9.06999969482422,9.050000190734863,9.0600004196167,132942,0.0,0.0
2024-04-16 09:30:00+08:00,9.0600004196167,9.06999969482422,9.050000190734863,9.06999969482422,47680,0.0,0.0
2024-04-16 09:35:00+08:00,9.0600004196167,9.0600004196167,9.050000190734863,9.0600004196167,73626,0.0,0.0
2024-04-16 09:40:00+08:00,9.050000190734863,9.050000190734863,9.039999961853027,9.050000190734863,10781,0.0,0.0
2024-04-16 09:45:00+08:00,9.039999961853027,9.039999961853027,9.029999732971191,9.029999732971191,94682,0.0,0.0
2024-04-16 09:50:00+08:00,9.039999961853027,9.039999961853027,9.029999732971191,9.029999732971191,10801,0.0,0.0
2024-04-16 09:55:00+08:00,9.029999732971191,9.039999961853027,9.029999732971191,9.029999732971191,43617,0.0,0.0
2024-04-16 10:00:00+08:00,9.029999732971191,9.029999732971191,9.020000457763672,9.029999732971191,42124,0.0,0.0
2024-04-16 10:05:00+08:00,9.020000457763672,9.029999732971191,9.020000457763672,9.029999732971191,33475,0.0,0.0
2024-04-16 10:10:00+08:00,9.020000457763672,9.020000457763672,9.010000228881836,9.010000228881836,74279,0.0,0.0
2024-04-16 10:15:00+08:00,9.020000457763672,9.020000457763672,8.989999771118164,9.0,295207,0.0,0.0
2024-04-16 10:20:00+08:00,9.0,9.0,9.0,9.0,28914,0.0,0.0
2024-04-16 10:25:00+08:00,9.0,9.010000228881836,9.0,9.010000228881836,6395,0.0,0.0
2024-04-16 10:30:00+08:00,9.0,9.010000228881836,9.0,9.010000228881836,12441,0.0,0.0
2024-04-16 10:35:00+08:00,9.0,9.010000228881836,9.0,9.0,11580,0.0,0.0
2024-04-16 10:40:00+08:00,9.010000228881836,9.010000228881836,9.010000228881836,9.010000228881836,8811,0.0,0.0
2024-04-16 10:45:00+08:00,9.020000457763672,9.020000457763672,9.0,9.010000228881836,42662,0.0,0.0
2024-04-16 10:50:00+08:00,9.020000457763672,9.020000457763672,9.020000457763672,9.020000457763672,5734,0.0,0.0
2024-04-16 10:55:00+08:00,9.010000228881836,9.020000457763672,9.010000228881836,9.020000457763672,7193,0.0,0.0
2024-04-16 11:00:00+08:00,9.020000457763672,9.020000457763672,9.020000457763672,9.020000457763672,4816,0.0,0.0
2024-04-16 11:10:00+08:00,9.020000457763672,9.020000457763672,9.010000228881836,9.020000457763672,5155,0.0,0.0
2024-04-16 11:15:00+08:00,9.020000457763672,9.020000457763672,9.020000457763672,9.020000457763672,17283,0.0,0.0
2024-04-16 11:20:00+08:00,9.010000228881836,9.020000457763672,9.010000228881836,9.020000457763672,5451,0.0,0.0
2024-04-16 11:25:00+08:00,9.010000228881836,9.010000228881836,9.010000228881836,9.010000228881836,18945,0.0,0.0
2024-04-16 11:30:00+08:00,9.020000457763672,9.020000457763672,9.010000228881836,9.020000457763672,5000,0.0,0.0
2024-04-16 11:35:00+08:00,9.010000228881836,9.010000228881836,9.010000228881836,9.010000228881836,20946,0.0,0.0
2024-04-16 11:40:00+08:00,9.010000228881836,9.010000228881836,9.010000228881836,9.010000228881836,2161,0.0,0.0
2024-04-16 11:45:00+08:00,9.010000228881836,9.010000228881836,9.010000228881836,9.010000228881836,2267,0.0,0.0
2024-04-16 11:50:00+08:00,9.010000228881836,9.020000457763672,9.010000228881836,9.010000228881836,60347,0.0,0.0
2024-04-16 11:55:00+08:00,9.020000457763672,9.020000457763672,9.020000457763672,9.020000457763672,1217,0.0,0.0
2024-04-16 12:00:00+08:00,9.010000228881836,9.020000457763672,9.010000228881836,9.020000457763672,56422,0.0,0.0
2024-04-16 12:05:00+08:00,9.020000457763672,9.020000457763672,9.010000228881836,9.010000228881836,4063,0.0,0.0
2024-04-16 12:10:00+08:00,9.010000228881836,9.010000228881836,8.989999771118164,8.989999771118164,184053,0.0,0.0
2024-04-16 12:15:00+08:00,9.0,9.0,9.0,9.0,3715,0.0,0.0
2024-04-16 12:20:00+08:00,8.989999771118164,9.0,8.979999542236328,9.0,112374,0.0,0.0
2024-04-16 12:25:00+08:00,8.989999771118164,9.010000228881836,8.989999771118164,9.010000228881836,241000,0.0,0.0
2024-04-16 12:30:00+08:00,9.0,9.010000228881836,9.0,9.010000228881836,9080,0.0,0.0
2024-04-16 12:35:00+08:00,9.0,9.0,9.0,9.0,5685,0.0,0.0
2024-04-16 12:40:00+08:00,9.0,9.0,8.989999771118164,8.989999771118164,3344,0.0,0.0
2024-04-16 12:45:00+08:00,8.989999771118164,8.989999771118164,8.979999542236328,8.979999542236328,76684,0.0,0.0
2024-04-16 12:50:00+08:00,8.989999771118164,9.0,8.989999771118164,9.0,109779,0.0,0.0
2024-04-16 12:55:00+08:00,9.0,9.0,9.0,9.0,3000,0.0,0.0
2024-04-16 13:00:00+08:00,9.0,9.0,8.989999771118164,8.989999771118164,10859,0.0,0.0
2024-04-16 13:05:00+08:00,8.989999771118164,8.989999771118164,8.989999771118164,8.989999771118164,32000,0.0,0.0
2024-04-16 13:10:00+08:00,8.989999771118164,9.0,8.989999771118164,9.0,4100,0.0,0.0
2024-04-16 13:15:00+08:00,9.0,9.0,8.989999771118164,8.989999771118164,37676,0.0,0.0
2024-04-16 13:20:00+08:00,8.989999771118164,8.989999771118164,8.970000267028809,8.979999542236328,73346,0.0,0.0
2024-04-16 09:00:00+08:00,9.109999656677246,9.109999656677246,9.100000381469728,9.109999656677246,0,0.0,0.0
2024-04-16 09:05:00+08:00,9.109999656677246,9.109999656677246,9.09000015258789,9.100000381469728,67038,0.0,0.0
2024-04-16 09:10:00+08:00,9.100000381469728,9.100000381469728,9.06999969482422,9.06999969482422,224164,0.0,0.0
2024-04-16 09:15:00+08:00,9.06999969482422,9.079999923706056,9.06999969482422,9.06999969482422,107113,0.0,0.0
2024-04-16 09:20:00+08:00,9.079999923706056,9.079999923706056,9.0600004196167,9.06999969482422,65207,0.0,0.0
2024-04-16 09:25:00+08:00,9.06999969482422,9.06999969482422,9.050000190734863,9.0600004196167,132942,0.0,0.0
2024-04-16 09:30:00+08:00,9.0600004196167,9.06999969482422,9.050000190734863,9.06999969482422,47680,0.0,0.0
2024-04-16 09:35:00+08:00,9.0600004196167,9.0600004196167,9.050000190734863,9.0600004196167,73626,0.0,0.0
2024-04-16 09:40:00+08:00,9.050000190734863,9.050000190734863,9.039999961853027,9.050000190734863,10781,0.0,0.0
2024-04-16 09:45:00+08:00,9.039999961853027,9.039999961853027,9.029999732971191,9.029999732971191,94682,0.0,0.0
2024-04-16 09:50:00+08:00,9.039999961853027,9.039999961853027,9.029999732971191,9.029999732971191,10801,0.0,0.0
2024-04-16 09:55:00+08:00,9.029999732971191,9.039999961853027,9.029999732971191,9.029999732971191,43617,0.0,0.0
2024-04-16 10:00:00+08:00,9.029999732971191,9.029999732971191,9.020000457763672,9.029999732971191,42124,0.0,0.0
2024-04-16 10:05:00+08:00,9.020000457763672,9.029999732971191,9.020000457763672,9.029999732971191,33475,0.0,0.0
2024-04-16 10:10:00+08:00,9.020000457763672,9.020000457763672,9.010000228881836,9.010000228881836,74279,0.0,0.0
2024-04-16 10:15:00+08:00,9.020000457763672,9.020000457763672,8.989999771118164,9.0,295207,0.0,0.0
2024-04-16 10:20:00+08:00,9.0,9.0,9.0,9.0,28914,0.0,0.0
2024-04-16 10:25:00+08:00,9.0,9.010000228881836,9.0,9.010000228881836,6395,0.0,0.0
2024-04-16 10:30:00+08:00,9.0,9.010000228881836,9.0,9.010000228881836,12441,0.0,0.0
2024-04-16 10:35:00+08:00,9.0,9.010000228881836,9.0,9.0,11580,0.0,0.0
2024-04-16 10:40:00+08:00,9.010000228881836,9.010000228881836,9.010000228881836,9.010000228881836,8811,0.0,0.0
2024-04-16 10:45:00+08:00,9.020000457763672,9.020000457763672,9.0,9.010000228881836,42662,0.0,0.0
2024-04-16 10:50:00+08:00,9.020000457763672,9.020000457763672,9.020000457763672,9.020000457763672,5734,0.0,0.0
2024-04-16 10:55:00+08:00,9.010000228881836,9.020000457763672,9.010000228881836,9.020000457763672,7193,0.0,0.0
2024-04-16 11:00:00+08:00,9.020000457763672,9.020000457763672,9.020000457763672,9.020000457763672,4816,0.0,0.0
2024-04-16 11:10:00+08:00,9.020000457763672,9.020000457763672,9.010000228881836,9.020000457763672,5155,0.0,0.0
2024-04-16 11:15:00+08:00,9.020000457763672,9.020000457763672,9.020000457763672,9.020000457763672,17283,0.0,0.0
2024-04-16 11:20:00+08:00,9.010000228881836,9.020000457763672,9.010000228881836,9.020000457763672,5451,0.0,0.0
2024-04-16 11:25:00+08:00,9.010000228881836,9.010000228881836,9.010000228881836,9.010000228881836,18945,0.0,0.0
2024-04-16 11:30:00+08:00,9.020000457763672,9.020000457763672,9.010000228881836,9.020000457763672,5000,0.0,0.0
2024-04-16 11:35:00+08:00,9.010000228881836,9.010000228881836,9.010000228881836,9.010000228881836,20946,0.0,0.0
2024-04-16 11:40:00+08:00,9.010000228881836,9.010000228881836,9.010000228881836,9.010000228881836,2161,0.0,0.0
2024-04-16 11:45:00+08:00,9.010000228881836,9.010000228881836,9.010000228881836,9.010000228881836,2267,0.0,0.0
2024-04-16 11:50:00+08:00,9.010000228881836,9.020000457763672,9.010000228881836,9.010000228881836,60347,0.0,0.0
2024-04-16 11:55:00+08:00,9.020000457763672,9.020000457763672,9.020000457763672,9.020000457763672,1217,0.0,0.0
2024-04-16 12:00:00+08:00,9.010000228881836,9.020000457763672,9.010000228881836,9.020000457763672,56422,0.0,0.0
2024-04-16 12:05:00+08:00,9.020000457763672,9.020000457763672,9.010000228881836,9.010000228881836,4063,0.0,0.0
2024-04-16 12:10:00+08:00,9.010000228881836,9.010000228881836,8.989999771118164,8.989999771118164,184053,0.0,0.0
2024-04-16 12:15:00+08:00,9.0,9.0,9.0,9.0,3715,0.0,0.0
2024-04-16 12:20:00+08:00,8.989999771118164,9.0,8.979999542236328,9.0,112374,0.0,0.0
2024-04-16 12:25:00+08:00,8.989999771118164,9.010000228881836,8.989999771118164,9.010000228881836,241000,0.0,0.0
2024-04-16 12:30:00+08:00,9.0,9.010000228881836,9.0,9.010000228881836,9080,0.0,0.0
2024-04-16 12:35:00+08:00,9.0,9.0,9.0,9.0,5685,0.0,0.0
2024-04-16 12:40:00+08:00,9.0,9.0,8.989999771118164,8.989999771118164,3344,0.0,0.0
2024-04-16 12:45:00+08:00,8.989999771118164,8.989999771118164,8.979999542236328,8.979999542236328,76684,0.0,0.0
2024-04-16 12:50:00+08:00,8.989999771118164,9.0,8.989999771118164,9.0,109779,0.0,0.0
2024-04-16 12:55:00+08:00,9.0,9.0,9.0,9.0,3000,0.0,0.0
2024-04-16 13:00:00+08:00,9.0,9.0,8.989999771118164,8.989999771118164,10859,0.0,0.0
2024-04-16 13:05:00+08:00,8.989999771118164,8.989999771118164,8.989999771118164,8.989999771118164,32000,0.0,0.0
2024-04-16 13:10:00+08:00,8.989999771118164,9.0,8.989999771118164,9.0,4100,0.0,0.0
2024-04-16 13:15:00+08:00,9.0,9.0,8.989999771118164,8.989999771118164,37676,0.0,0.0
2024-04-16 13:20:00+08:00,8.989999771118164,8.989999771118164,8.970000267028809,8.979999542236328,73346,0.0,0.0
2024-04-17 09:00:00+08:00,8.960000038146973,9.0,8.960000038146973,8.989999771118164,0,0.0,0.0
2024-04-17 09:05:00+08:00,8.989999771118164,9.0,8.989999771118164,8.989999771118164,9359,0.0,0.0
2024-04-17 09:10:00+08:00,9.0,9.0,8.989999771118164,8.989999771118164,9456,0.0,0.0
2024-04-17 09:15:00+08:00,9.010000228881836,9.010000228881836,9.0,9.0,5000,0.0,0.0
2024-04-17 09:20:00+08:00,9.0,9.0,9.0,9.0,36261,0.0,0.0
2024-04-17 09:25:00+08:00,9.0,9.010000228881836,9.0,9.0,19060,0.0,0.0
2024-04-17 09:30:00+08:00,9.0,9.010000228881836,9.0,9.010000228881836,33558,0.0,0.0
2024-04-17 09:35:00+08:00,9.010000228881836,9.020000457763672,9.010000228881836,9.020000457763672,6064,0.0,0.0
2024-04-17 09:40:00+08:00,9.020000457763672,9.020000457763672,9.010000228881836,9.010000228881836,61845,0.0,0.0
2024-04-17 09:45:00+08:00,9.010000228881836,9.010000228881836,8.989999771118164,8.989999771118164,38338,0.0,0.0
2024-04-17 09:50:00+08:00,8.989999771118164,8.989999771118164,8.989999771118164,8.989999771118164,3081,0.0,0.0
2024-04-17 09:55:00+08:00,8.989999771118164,9.0,8.979999542236328,8.979999542236328,30065,0.0,0.0
2024-04-17 10:00:00+08:00,9.0,9.0,9.0,9.0,9512,0.0,0.0
2024-04-17 10:05:00+08:00,9.0,9.0,9.0,9.0,2940,0.0,0.0
2024-04-17 10:10:00+08:00,9.0,9.010000228881836,9.0,9.010000228881836,6559,0.0,0.0
2024-04-17 10:15:00+08:00,9.010000228881836,9.020000457763672,9.010000228881836,9.020000457763672,18204,0.0,0.0
2024-04-17 10:20:00+08:00,9.020000457763672,9.020000457763672,9.020000457763672,9.020000457763672,17874,0.0,0.0
2024-04-17 10:25:00+08:00,9.020000457763672,9.020000457763672,9.020000457763672,9.020000457763672,5041,0.0,0.0
2024-04-17 10:30:00+08:00,9.020000457763672,9.020000457763672,9.020000457763672,9.020000457763672,2261,0.0,0.0
2024-04-17 10:35:00+08:00,9.020000457763672,9.020000457763672,9.020000457763672,9.020000457763672,6185,0.0,0.0
2024-04-17 10:40:00+08:00,9.020000457763672,9.020000457763672,9.020000457763672,9.020000457763672,1126,0.0,0.0
2024-04-17 10:45:00+08:00,9.010000228881836,9.010000228881836,9.010000228881836,9.010000228881836,1000,0.0,0.0
2024-04-17 10:50:00+08:00,9.010000228881836,9.010000228881836,9.010000228881836,9.010000228881836,7259,0.0,0.0
2024-04-17 10:55:00+08:00,9.010000228881836,9.010000228881836,9.010000228881836,9.010000228881836,3012,0.0,0.0
2024-04-17 11:00:00+08:00,9.010000228881836,9.010000228881836,9.010000228881836,9.010000228881836,10040,0.0,0.0
2024-04-17 11:05:00+08:00,9.020000457763672,9.020000457763672,9.020000457763672,9.020000457763672,1487,0.0,0.0
2024-04-17 11:10:00+08:00,9.010000228881836,9.010000228881836,9.010000228881836,9.010000228881836,1000,0.0,0.0
2024-04-17 11:15:00+08:00,9.010000228881836,9.020000457763672,9.010000228881836,9.020000457763672,21464,0.0,0.0
2024-04-17 11:20:00+08:00,9.010000228881836,9.010000228881836,9.0,9.0,53073,0.0,0.0
2024-04-17 11:25:00+08:00,9.010000228881836,9.020000457763672,9.0,9.0,101930,0.0,0.0
2024-04-17 11:35:00+08:00,9.0,9.0,9.0,9.0,2173,0.0,0.0
2024-04-17 11:40:00+08:00,9.0,9.0,9.0,9.0,15100,0.0,0.0
2024-04-17 11:55:00+08:00,9.010000228881836,9.010000228881836,9.010000228881836,9.010000228881836,11166,0.0,0.0
2024-04-17 12:00:00+08:00,9.010000228881836,9.010000228881836,9.010000228881836,9.010000228881836,7190,0.0,0.0
2024-04-17 12:05:00+08:00,9.010000228881836,9.010000228881836,9.0,9.010000228881836,4050,0.0,0.0
2024-04-17 12:10:00+08:00,9.020000457763672,9.020000457763672,9.020000457763672,9.020000457763672,3316,0.0,0.0
2024-04-17 12:15:00+08:00,9.020000457763672,9.06999969482422,9.020000457763672,9.0600004196167,51812,0.0,0.0
2024-04-17 12:20:00+08:00,9.050000190734863,9.050000190734863,9.050000190734863,9.050000190734863,5100,0.0,0.0
2024-04-17 12:25:00+08:00,9.0600004196167,9.06999969482422,9.0600004196167,9.06999969482422,45080,0.0,0.0
2024-04-17 12:30:00+08:00,9.06999969482422,9.06999969482422,9.0600004196167,9.0600004196167,4258,0.0,0.0
2024-04-17 12:35:00+08:00,9.0600004196167,9.06999969482422,9.0600004196167,9.06999969482422,15276,0.0,0.0
2024-04-17 12:40:00+08:00,9.079999923706056,9.079999923706056,9.06999969482422,9.06999969482422,12105,0.0,0.0
2024-04-17 12:50:00+08:00,9.0600004196167,9.079999923706056,9.0600004196167,9.079999923706056,23402,0.0,0.0
2024-04-17 12:55:00+08:00,9.079999923706056,9.079999923706056,9.079999923706056,9.079999923706056,2050,0.0,0.0
2024-04-17 13:00:00+08:00,9.079999923706056,9.09000015258789,9.079999923706056,9.09000015258789,11000,0.0,0.0
2024-04-17 13:05:00+08:00,9.079999923706056,9.09000015258789,9.079999923706056,9.079999923706056,138000,0.0,0.0
2024-04-17 13:10:00+08:00,9.079999923706056,9.09000015258789,9.079999923706056,9.079999923706056,29040,0.0,0.0
2024-04-17 13:15:00+08:00,9.09000015258789,9.09000015258789,9.09000015258789,9.09000015258789,15200,0.0,0.0
2024-04-17 13:20:00+08:00,9.06999969482422,9.100000381469728,9.06999969482422,9.079999923706056,9978,0.0,0.0
2024-04-18 01:00:00+00:00,9.100000381469727,9.119999885559082,9.069999694824219,9.069999694824219,0,0.0,0.0
2024-04-18 01:05:00+00:00,9.100000381469727,9.119999885559082,9.100000381469727,9.119999885559082,13455,0.0,0.0
2024-04-18 01:10:00+00:00,9.130000114440918,9.149999618530273,9.130000114440918,9.140000343322754,24275,0.0,0.0
2024-04-18 01:15:00+00:00,9.140000343322754,9.140000343322754,9.119999885559082,9.130000114440918,38060,0.0,0.0
2024-04-18 01:25:00+00:00,9.149999618530273,9.149999618530273,9.140000343322754,9.140000343322754,5100,0.0,0.0
2024-04-18 01:30:00+00:00,9.140000343322754,9.149999618530273,9.140000343322754,9.149999618530273,24000,0.0,0.0
2024-04-18 01:35:00+00:00,9.15999984741211,9.1899995803833,9.15999984741211,9.1899995803833,91041,0.0,0.0
2024-04-18 01:40:00+00:00,9.199999809265137,9.199999809265137,9.1899995803833,9.199999809265137,24380,0.0,0.0
2024-04-18 01:45:00+00:00,9.1899995803833,9.300000190734863,9.1899995803833,9.289999961853027,289007,0.0,0.0
2024-04-18 01:50:00+00:00,9.289999961853027,9.380000114440918,9.289999961853027,9.319999694824219,176150,0.0,0.0
2024-04-18 01:55:00+00:00,9.300000190734863,9.359999656677246,9.300000190734863,9.359999656677246,121836,0.0,0.0
2024-04-18 02:00:00+00:00,9.369999885559082,9.40999984741211,9.359999656677246,9.390000343322754,164230,0.0,0.0
2024-04-18 02:05:00+00:00,9.390000343322754,9.399999618530273,9.3100004196167,9.319999694824219,116424,0.0,0.0
2024-04-18 02:10:00+00:00,9.319999694824219,9.350000381469727,9.279999732971191,9.289999961853027,86308,0.0,0.0
2024-04-18 02:15:00+00:00,9.279999732971191,9.3100004196167,9.279999732971191,9.3100004196167,46133,0.0,0.0
2024-04-18 02:20:00+00:00,9.3100004196167,9.3100004196167,9.300000190734863,9.300000190734863,19389,0.0,0.0
2024-04-18 02:25:00+00:00,9.300000190734863,9.300000190734863,9.300000190734863,9.300000190734863,4000,0.0,0.0
2024-04-18 02:30:00+00:00,9.300000190734863,9.300000190734863,9.289999961853027,9.289999961853027,16010,0.0,0.0
2024-04-18 02:35:00+00:00,9.300000190734863,9.300000190734863,9.300000190734863,9.300000190734863,5100,0.0,0.0
2024-04-18 02:40:00+00:00,9.300000190734863,9.300000190734863,9.300000190734863,9.300000190734863,25000,0.0,0.0
2024-04-18 02:45:00+00:00,9.300000190734863,9.3100004196167,9.300000190734863,9.300000190734863,13280,0.0,0.0
2024-04-18 02:50:00+00:00,9.300000190734863,9.3100004196167,9.300000190734863,9.300000190734863,14330,0.0,0.0
2024-04-18 02:55:00+00:00,9.300000190734863,9.300000190734863,9.300000190734863,9.300000190734863,8522,0.0,0.0
2024-04-18 03:00:00+00:00,9.300000190734863,9.300000190734863,9.289999961853027,9.289999961853027,15485,0.0,0.0
2024-04-18 03:05:00+00:00,9.289999961853027,9.289999961853027,9.289999961853027,9.289999961853027,2054,0.0,0.0
2024-04-18 03:10:00+00:00,9.279999732971191,9.289999961853027,9.279999732971191,9.289999961853027,16580,0.0,0.0
2024-04-18 03:15:00+00:00,9.289999961853027,9.300000190734863,9.289999961853027,9.300000190734863,13000,0.0,0.0
2024-04-18 03:20:00+00:00,9.300000190734863,9.300000190734863,9.300000190734863,9.300000190734863,11029,0.0,0.0
2024-04-18 03:25:00+00:00,9.289999961853027,9.300000190734863,9.289999961853027,9.300000190734863,13050,0.0,0.0
2024-04-18 03:30:00+00:00,9.300000190734863,9.3100004196167,9.300000190734863,9.3100004196167,31224,0.0,0.0
2024-04-18 03:40:00+00:00,9.300000190734863,9.3100004196167,9.289999961853027,9.289999961853027,44200,0.0,0.0
2024-04-18 03:45:00+00:00,9.289999961853027,9.300000190734863,9.289999961853027,9.300000190734863,12907,0.0,0.0
2024-04-18 03:50:00+00:00,9.289999961853027,9.3100004196167,9.289999961853027,9.3100004196167,56548,0.0,0.0
2024-04-18 04:00:00+00:00,9.3100004196167,9.3100004196167,9.3100004196167,9.3100004196167,1000,0.0,0.0
2024-04-18 04:05:00+00:00,9.300000190734863,9.300000190734863,9.300000190734863,9.300000190734863,2230,0.0,0.0
2024-04-18 04:15:00+00:00,9.289999961853027,9.300000190734863,9.289999961853027,9.289999961853027,26000,0.0,0.0
2024-04-18 04:20:00+00:00,9.289999961853027,9.300000190734863,9.279999732971191,9.279999732971191,27119,0.0,0.0
2024-04-18 04:25:00+00:00,9.279999732971191,9.279999732971191,9.279999732971191,9.279999732971191,1503,0.0,0.0
2024-04-18 04:30:00+00:00,9.279999732971191,9.279999732971191,9.279999732971191,9.279999732971191,10300,0.0,0.0
2024-04-18 04:35:00+00:00,9.289999961853027,9.289999961853027,9.279999732971191,9.279999732971191,5046,0.0,0.0
2024-04-18 04:40:00+00:00,9.289999961853027,9.289999961853027,9.279999732971191,9.279999732971191,6000,0.0,0.0
2024-04-18 04:45:00+00:00,9.279999732971191,9.289999961853027,9.279999732971191,9.289999961853027,21000,0.0,0.0
2024-04-18 04:50:00+00:00,9.289999961853027,9.289999961853027,9.279999732971191,9.279999732971191,24000,0.0,0.0
2024-04-18 04:55:00+00:00,9.289999961853027,9.289999961853027,9.289999961853027,9.289999961853027,2000,0.0,0.0
2024-04-18 05:00:00+00:00,9.279999732971191,9.279999732971191,9.279999732971191,9.279999732971191,20100,0.0,0.0
2024-04-18 05:05:00+00:00,9.279999732971191,9.279999732971191,9.279999732971191,9.279999732971191,1000,0.0,0.0
2024-04-18 05:10:00+00:00,9.289999961853027,9.300000190734863,9.289999961853027,9.300000190734863,50000,0.0,0.0
2024-04-18 05:15:00+00:00,9.300000190734863,9.300000190734863,9.300000190734863,9.300000190734863,32178,0.0,0.0
2024-04-18 05:20:00+00:00,9.3100004196167,9.369999885559082,9.3100004196167,9.319999694824219,287671,0.0,0.0
2024-04-19 01:00:00+00:00,9.329999923706055,9.329999923706055,9.25,9.300000190734863,0,0.0,0.0
2024-04-19 01:05:00+00:00,9.3100004196167,9.350000381469727,9.3100004196167,9.350000381469727,167174,0.0,0.0
2024-04-19 01:10:00+00:00,9.369999885559082,9.369999885559082,9.350000381469727,9.350000381469727,65119,0.0,0.0
2024-04-19 01:15:00+00:00,9.319999694824219,9.319999694824219,9.3100004196167,9.3100004196167,8032,0.0,0.0
2024-04-19 01:20:00+00:00,9.3100004196167,9.319999694824219,9.300000190734863,9.319999694824219,43123,0.0,0.0
2024-04-19 01:25:00+00:00,9.329999923706055,9.329999923706055,9.300000190734863,9.3100004196167,77749,0.0,0.0
2024-04-19 01:30:00+00:00,9.300000190734863,9.300000190734863,9.289999961853027,9.289999961853027,58260,0.0,0.0
2024-04-19 01:35:00+00:00,9.300000190734863,9.300000190734863,9.289999961853027,9.300000190734863,21857,0.0,0.0
2024-04-19 01:40:00+00:00,9.289999961853027,9.289999961853027,9.239999771118164,9.239999771118164,55906,0.0,0.0
2024-04-19 01:45:00+00:00,9.239999771118164,9.25,9.229999542236328,9.25,31626,0.0,0.0
2024-04-19 01:50:00+00:00,9.239999771118164,9.260000228881836,9.239999771118164,9.260000228881836,3000,0.0,0.0
2024-04-19 01:55:00+00:00,9.25,9.260000228881836,9.25,9.260000228881836,21670,0.0,0.0
2024-04-19 02:00:00+00:00,9.25,9.25,9.239999771118164,9.239999771118164,29310,0.0,0.0
2024-04-19 02:05:00+00:00,9.239999771118164,9.25,9.239999771118164,9.239999771118164,10051,0.0,0.0
2024-04-19 02:10:00+00:00,9.229999542236328,9.260000228881836,9.220000267028809,9.25,30630,0.0,0.0
2024-04-19 02:15:00+00:00,9.229999542236328,9.229999542236328,9.229999542236328,9.229999542236328,1000,0.0,0.0
2024-04-19 02:20:00+00:00,9.229999542236328,9.229999542236328,9.210000038146973,9.210000038146973,100623,0.0,0.0
2024-04-19 02:25:00+00:00,9.220000267028809,9.220000267028809,9.220000267028809,9.220000267028809,5000,0.0,0.0
2024-04-19 02:30:00+00:00,9.220000267028809,9.220000267028809,9.210000038146973,9.220000267028809,23355,0.0,0.0
2024-04-19 02:35:00+00:00,9.210000038146973,9.220000267028809,9.199999809265137,9.199999809265137,41441,0.0,0.0
2024-04-19 02:40:00+00:00,9.210000038146973,9.210000038146973,9.199999809265137,9.210000038146973,33421,0.0,0.0
2024-04-19 02:45:00+00:00,9.199999809265137,9.210000038146973,9.180000305175781,9.180000305175781,73004,0.0,0.0
2024-04-19 02:50:00+00:00,9.170000076293945,9.170000076293945,9.140000343322754,9.140000343322754,135850,0.0,0.0
2024-04-19 02:55:00+00:00,9.119999885559082,9.119999885559082,9.100000381469727,9.100000381469727,40375,0.0,0.0
2024-04-19 03:00:00+00:00,9.109999656677246,9.109999656677246,9.0600004196167,9.09000015258789,43147,0.0,0.0
2024-04-19 03:05:00+00:00,9.100000381469727,9.119999885559082,9.0600004196167,9.0600004196167,30377,0.0,0.0
2024-04-19 03:10:00+00:00,9.109999656677246,9.109999656677246,9.100000381469727,9.100000381469727,28000,0.0,0.0
2024-04-19 03:15:00+00:00,9.100000381469727,9.140000343322754,9.100000381469727,9.140000343322754,28187,0.0,0.0
2024-04-19 03:20:00+00:00,9.149999618530273,9.149999618530273,9.140000343322754,9.140000343322754,13321,0.0,0.0
2024-04-19 03:25:00+00:00,9.140000343322754,9.149999618530273,9.140000343322754,9.149999618530273,11099,0.0,0.0
2024-04-19 03:30:00+00:00,9.149999618530273,9.149999618530273,9.149999618530273,9.149999618530273,19142,0.0,0.0
2024-04-19 03:35:00+00:00,9.15999984741211,9.15999984741211,9.15999984741211,9.15999984741211,26603,0.0,0.0
2024-04-19 03:40:00+00:00,9.15999984741211,9.15999984741211,9.15999984741211,9.15999984741211,11077,0.0,0.0
2024-04-19 03:45:00+00:00,9.170000076293945,9.180000305175781,9.170000076293945,9.180000305175781,16020,0.0,0.0
2024-04-19 03:50:00+00:00,9.180000305175781,9.180000305175781,9.180000305175781,9.180000305175781,5487,0.0,0.0
2024-04-19 03:55:00+00:00,9.170000076293945,9.170000076293945,9.170000076293945,9.170000076293945,10500,0.0,0.0
2024-04-19 04:00:00+00:00,9.170000076293945,9.170000076293945,9.170000076293945,9.170000076293945,11100,0.0,0.0
2024-04-19 04:05:00+00:00,9.180000305175781,9.180000305175781,9.180000305175781,9.180000305175781,14000,0.0,0.0
2024-04-19 04:10:00+00:00,9.180000305175781,9.1899995803833,9.180000305175781,9.180000305175781,19440,0.0,0.0
2024-04-19 04:15:00+00:00,9.180000305175781,9.180000305175781,9.180000305175781,9.180000305175781,3100,0.0,0.0
2024-04-19 04:20:00+00:00,9.180000305175781,9.180000305175781,9.180000305175781,9.180000305175781,17188,0.0,0.0
2024-04-19 04:25:00+00:00,9.180000305175781,9.180000305175781,9.180000305175781,9.180000305175781,2111,0.0,0.0
2024-04-19 04:30:00+00:00,9.180000305175781,9.180000305175781,9.170000076293945,9.170000076293945,12418,0.0,0.0
2024-04-19 04:35:00+00:00,9.1899995803833,9.1899995803833,9.180000305175781,9.180000305175781,57174,0.0,0.0
2024-04-19 04:40:00+00:00,9.1899995803833,9.1899995803833,9.1899995803833,9.1899995803833,6131,0.0,0.0
2024-04-19 04:45:00+00:00,9.1899995803833,9.199999809265137,9.180000305175781,9.199999809265137,36101,0.0,0.0
2024-04-19 04:50:00+00:00,9.199999809265137,9.199999809265137,9.1899995803833,9.1899995803833,5004,0.0,0.0
2024-04-19 04:55:00+00:00,9.199999809265137,9.199999809265137,9.180000305175781,9.180000305175781,21152,0.0,0.0
2024-04-19 05:00:00+00:00,9.1899995803833,9.1899995803833,9.180000305175781,9.180000305175781,13145,0.0,0.0
2024-04-19 05:05:00+00:00,9.180000305175781,9.1899995803833,9.170000076293945,9.170000076293945,115015,0.0,0.0
2024-04-19 05:10:00+00:00,9.15999984741211,9.15999984741211,9.15999984741211,9.15999984741211,3776,0.0,0.0
2024-04-19 05:15:00+00:00,9.170000076293945,9.180000305175781,9.15999984741211,9.15999984741211,8016,0.0,0.0
2024-04-19 05:20:00+00:00,9.15999984741211,9.15999984741211,9.149999618530273,9.149999618530273,124873,0.0,0.0
2024-04-22 01:00:00+00:00,9.149999618530273,9.229999542236328,9.149999618530273,9.220000267028809,0,0.0,0.0
2024-04-22 01:05:00+00:00,9.220000267028809,9.260000228881836,9.220000267028809,9.260000228881836,99540,0.0,0.0
2024-04-22 01:10:00+00:00,9.260000228881836,9.350000381469727,9.260000228881836,9.319999694824219,177080,0.0,0.0
2024-04-22 01:15:00+00:00,9.329999923706055,9.350000381469727,9.25,9.25,175500,0.0,0.0
2024-04-22 01:20:00+00:00,9.260000228881836,9.260000228881836,9.260000228881836,9.260000228881836,2141,0.0,0.0
2024-04-22 01:30:00+00:00,9.289999961853027,9.289999961853027,9.270000457763672,9.270000457763672,14000,0.0,0.0
2024-04-22 01:35:00+00:00,9.270000457763672,9.270000457763672,9.270000457763672,9.270000457763672,2011,0.0,0.0
2024-04-22 01:40:00+00:00,9.270000457763672,9.270000457763672,9.25,9.25,21012,0.0,0.0
2024-04-22 01:45:00+00:00,9.25,9.25,9.229999542236328,9.25,12050,0.0,0.0
2024-04-22 01:50:00+00:00,9.25,9.25,9.25,9.25,5000,0.0,0.0
2024-04-22 01:55:00+00:00,9.25,9.279999732971191,9.25,9.279999732971191,47481,0.0,0.0
2024-04-22 02:00:00+00:00,9.279999732971191,9.329999923706055,9.279999732971191,9.319999694824219,68297,0.0,0.0
2024-04-22 02:05:00+00:00,9.319999694824219,9.319999694824219,9.289999961853027,9.289999961853027,31240,0.0,0.0
2024-04-22 02:10:00+00:00,9.300000190734863,9.319999694824219,9.300000190734863,9.3100004196167,74068,0.0,0.0
2024-04-22 02:15:00+00:00,9.3100004196167,9.34000015258789,9.3100004196167,9.329999923706055,96074,0.0,0.0
2024-04-22 02:20:00+00:00,9.329999923706055,9.369999885559082,9.329999923706055,9.350000381469727,166000,0.0,0.0
2024-04-22 02:25:00+00:00,9.34000015258789,9.34000015258789,9.319999694824219,9.319999694824219,55000,0.0,0.0
2024-04-22 02:30:00+00:00,9.319999694824219,9.34000015258789,9.300000190734863,9.300000190734863,41054,0.0,0.0
2024-04-22 02:35:00+00:00,9.289999961853027,9.300000190734863,9.289999961853027,9.289999961853027,11136,0.0,0.0
2024-04-22 02:40:00+00:00,9.289999961853027,9.289999961853027,9.279999732971191,9.279999732971191,28036,0.0,0.0
2024-04-22 02:45:00+00:00,9.270000457763672,9.289999961853027,9.270000457763672,9.289999961853027,66624,0.0,0.0
2024-04-22 02:50:00+00:00,9.300000190734863,9.319999694824219,9.289999961853027,9.319999694824219,82110,0.0,0.0
2024-04-22 02:55:00+00:00,9.3100004196167,9.359999656677246,9.3100004196167,9.359999656677246,71705,0.0,0.0
2024-04-22 03:00:00+00:00,9.350000381469727,9.350000381469727,9.34000015258789,9.34000015258789,35000,0.0,0.0
2024-04-22 03:05:00+00:00,9.350000381469727,9.359999656677246,9.34000015258789,9.359999656677246,28000,0.0,0.0
2024-04-22 03:10:00+00:00,9.359999656677246,9.399999618530273,9.359999656677246,9.390000343322754,144325,0.0,0.0
2024-04-22 03:15:00+00:00,9.380000114440918,9.380000114440918,9.359999656677246,9.380000114440918,43000,0.0,0.0
2024-04-22 03:20:00+00:00,9.359999656677246,9.359999656677246,9.350000381469727,9.359999656677246,9000,0.0,0.0
2024-04-22 03:25:00+00:00,9.359999656677246,9.359999656677246,9.34000015258789,9.34000015258789,17010,0.0,0.0
2024-04-22 03:30:00+00:00,9.34000015258789,9.34000015258789,9.319999694824219,9.319999694824219,12000,0.0,0.0
2024-04-22 03:35:00+00:00,9.3100004196167,9.3100004196167,9.3100004196167,9.3100004196167,8150,0.0,0.0
2024-04-22 03:40:00+00:00,9.300000190734863,9.319999694824219,9.300000190734863,9.3100004196167,23000,0.0,0.0
2024-04-22 03:45:00+00:00,9.3100004196167,9.34000015258789,9.300000190734863,9.34000015258789,23040,0.0,0.0
2024-04-22 03:50:00+00:00,9.34000015258789,9.34000015258789,9.34000015258789,9.34000015258789,9759,0.0,0.0
2024-04-22 03:55:00+00:00,9.34000015258789,9.34000015258789,9.34000015258789,9.34000015258789,16108,0.0,0.0
2024-04-22 04:00:00+00:00,9.34000015258789,9.350000381469727,9.34000015258789,9.350000381469727,31000,0.0,0.0
2024-04-22 04:05:00+00:00,9.350000381469727,9.369999885559082,9.350000381469727,9.369999885559082,36040,0.0,0.0
2024-04-22 04:10:00+00:00,9.369999885559082,9.399999618530273,9.369999885559082,9.380000114440918,86205,0.0,0.0
2024-04-22 04:15:00+00:00,9.390000343322754,9.399999618530273,9.390000343322754,9.390000343322754,26020,0.0,0.0
2024-04-22 04:20:00+00:00,9.399999618530273,9.399999618530273,9.390000343322754,9.390000343322754,31000,0.0,0.0
2024-04-22 04:25:00+00:00,9.390000343322754,9.399999618530273,9.390000343322754,9.390000343322754,18808,0.0,0.0
2024-04-22 04:30:00+00:00,9.390000343322754,9.390000343322754,9.380000114440918,9.390000343322754,84100,0.0,0.0
2024-04-22 04:35:00+00:00,9.399999618530273,9.399999618530273,9.399999618530273,9.399999618530273,91855,0.0,0.0
2024-04-22 04:40:00+00:00,9.399999618530273,9.399999618530273,9.390000343322754,9.390000343322754,22394,0.0,0.0
2024-04-22 04:45:00+00:00,9.390000343322754,9.399999618530273,9.390000343322754,9.390000343322754,43310,0.0,0.0
2024-04-22 04:50:00+00:00,9.399999618530273,9.399999618530273,9.399999618530273,9.399999618530273,6440,0.0,0.0
2024-04-22 04:55:00+00:00,9.390000343322754,9.399999618530273,9.380000114440918,9.380000114440918,40120,0.0,0.0
2024-04-22 05:00:00+00:00,9.369999885559082,9.380000114440918,9.369999885559082,9.369999885559082,27926,0.0,0.0
2024-04-22 05:05:00+00:00,9.369999885559082,9.390000343322754,9.359999656677246,9.380000114440918,15000,0.0,0.0
2024-04-22 05:10:00+00:00,9.380000114440918,9.380000114440918,9.359999656677246,9.359999656677246,50180,0.0,0.0
2024-04-22 05:15:00+00:00,9.380000114440918,9.380000114440918,9.359999656677246,9.369999885559082,15910,0.0,0.0
2024-04-22 05:20:00+00:00,9.369999885559082,9.380000114440918,9.350000381469727,9.369999885559082,100533,0.0,0.0
2024-04-23 01:00:00+00:00,9.380000114440918,9.390000343322754,9.359999656677246,9.369999885559082,0,0.0,0.0
2024-04-23 01:05:00+00:00,9.380000114440918,9.390000343322754,9.380000114440918,9.380000114440918,14863,0.0,0.0
2024-04-23 01:10:00+00:00,9.359999656677246,9.369999885559082,9.359999656677246,9.369999885559082,13000,0.0,0.0
2024-04-23 01:15:00+00:00,9.359999656677246,9.359999656677246,9.359999656677246,9.359999656677246,9067,0.0,0.0
2024-04-23 01:20:00+00:00,9.350000381469727,9.359999656677246,9.350000381469727,9.359999656677246,21000,0.0,0.0
2024-04-23 01:25:00+00:00,9.369999885559082,9.369999885559082,9.369999885559082,9.369999885559082,12113,0.0,0.0
2024-04-23 01:30:00+00:00,9.369999885559082,9.369999885559082,9.369999885559082,9.369999885559082,10020,0.0,0.0
2024-04-23 01:35:00+00:00,9.369999885559082,9.369999885559082,9.369999885559082,9.369999885559082,7600,0.0,0.0
2024-04-23 01:40:00+00:00,9.359999656677246,9.359999656677246,9.34000015258789,9.34000015258789,31212,0.0,0.0
2024-04-23 01:45:00+00:00,9.329999923706055,9.329999923706055,9.329999923706055,9.329999923706055,1000,0.0,0.0
2024-04-23 01:50:00+00:00,9.350000381469727,9.350000381469727,9.350000381469727,9.350000381469727,7450,0.0,0.0
2024-04-23 01:55:00+00:00,9.350000381469727,9.350000381469727,9.350000381469727,9.350000381469727,9162,0.0,0.0
2024-04-23 02:00:00+00:00,9.34000015258789,9.34000015258789,9.329999923706055,9.329999923706055,25248,0.0,0.0
2024-04-23 02:05:00+00:00,9.329999923706055,9.329999923706055,9.329999923706055,9.329999923706055,5000,0.0,0.0
2024-04-23 02:10:00+00:00,9.329999923706055,9.329999923706055,9.319999694824219,9.319999694824219,14544,0.0,0.0
2024-04-23 02:15:00+00:00,9.319999694824219,9.329999923706055,9.3100004196167,9.3100004196167,20169,0.0,0.0
2024-04-23 02:20:00+00:00,9.3100004196167,9.319999694824219,9.3100004196167,9.319999694824219,5100,0.0,0.0
2024-04-23 02:30:00+00:00,9.319999694824219,9.319999694824219,9.319999694824219,9.319999694824219,1000,0.0,0.0
2024-04-23 02:35:00+00:00,9.319999694824219,9.319999694824219,9.3100004196167,9.3100004196167,12000,0.0,0.0
2024-04-23 02:40:00+00:00,9.3100004196167,9.3100004196167,9.3100004196167,9.3100004196167,4146,0.0,0.0
2024-04-23 02:50:00+00:00,9.3100004196167,9.319999694824219,9.3100004196167,9.319999694824219,6000,0.0,0.0
2024-04-23 02:55:00+00:00,9.319999694824219,9.319999694824219,9.319999694824219,9.319999694824219,2759,0.0,0.0
2024-04-23 03:00:00+00:00,9.3100004196167,9.319999694824219,9.3100004196167,9.3100004196167,37173,0.0,0.0
2024-04-23 03:05:00+00:00,9.300000190734863,9.3100004196167,9.300000190734863,9.3100004196167,29019,0.0,0.0
2024-04-23 03:15:00+00:00,9.300000190734863,9.300000190734863,9.300000190734863,9.300000190734863,1020,0.0,0.0
2024-04-23 03:20:00+00:00,9.300000190734863,9.300000190734863,9.279999732971191,9.289999961853027,37000,0.0,0.0
2024-04-23 03:25:00+00:00,9.3100004196167,9.3100004196167,9.3100004196167,9.3100004196167,1000,0.0,0.0
2024-04-23 03:30:00+00:00,9.3100004196167,9.319999694824219,9.3100004196167,9.3100004196167,7618,0.0,0.0
2024-04-23 03:35:00+00:00,9.300000190734863,9.300000190734863,9.300000190734863,9.300000190734863,3000,0.0,0.0
2024-04-23 03:40:00+00:00,9.300000190734863,9.300000190734863,9.300000190734863,9.300000190734863,6000,0.0,0.0
2024-04-23 03:45:00+00:00,9.300000190734863,9.300000190734863,9.300000190734863,9.300000190734863,5560,0.0,0.0
2024-04-23 03:50:00+00:00,9.300000190734863,9.300000190734863,9.300000190734863,9.300000190734863,20011,0.0,0.0
2024-04-23 03:55:00+00:00,9.300000190734863,9.300000190734863,9.300000190734863,9.300000190734863,1000,0.0,0.0
2024-04-23 04:00:00+00:00,9.300000190734863,9.300000190734863,9.289999961853027,9.300000190734863,12037,0.0,0.0
2024-04-23 04:05:00+00:00,9.319999694824219,9.319999694824219,9.319999694824219,9.319999694824219,4000,0.0,0.0
2024-04-23 04:10:00+00:00,9.319999694824219,9.329999923706055,9.300000190734863,9.329999923706055,12604,0.0,0.0
2024-04-23 04:15:00+00:00,9.329999923706055,9.329999923706055,9.329999923706055,9.329999923706055,3509,0.0,0.0
2024-04-23 04:30:00+00:00,9.329999923706055,9.329999923706055,9.3100004196167,9.3100004196167,19017,0.0,0.0
2024-04-23 04:35:00+00:00,9.300000190734863,9.300000190734863,9.300000190734863,9.300000190734863,4000,0.0,0.0
2024-04-23 04:40:00+00:00,9.3100004196167,9.3100004196167,9.300000190734863,9.300000190734863,2054,0.0,0.0
2024-04-23 04:45:00+00:00,9.3100004196167,9.3100004196167,9.3100004196167,9.3100004196167,1150,0.0,0.0
2024-04-23 04:50:00+00:00,9.3100004196167,9.3100004196167,9.3100004196167,9.3100004196167,7000,0.0,0.0
2024-04-23 04:55:00+00:00,9.3100004196167,9.3100004196167,9.3100004196167,9.3100004196167,1000,0.0,0.0
2024-04-23 05:00:00+00:00,9.3100004196167,9.3100004196167,9.3100004196167,9.3100004196167,1793,0.0,0.0
2024-04-23 05:05:00+00:00,9.319999694824219,9.319999694824219,9.319999694824219,9.319999694824219,6171,0.0,0.0
2024-04-23 05:10:00+00:00,9.319999694824219,9.319999694824219,9.319999694824219,9.319999694824219,15320,0.0,0.0
2024-04-23 05:15:00+00:00,9.329999923706055,9.329999923706055,9.329999923706055,9.329999923706055,2000,0.0,0.0
2024-04-23 05:20:00+00:00,9.319999694824219,9.329999923706055,9.319999694824219,9.319999694824219,18145,0.0,0.0
2024-04-24 01:00:00+00:00,9.329999923706055,9.329999923706055,9.329999923706055,9.329999923706055,0,0.0,0.0
2024-04-24 01:05:00+00:00,9.329999923706055,9.329999923706055,9.329999923706055,9.329999923706055,10000,0.0,0.0
2024-04-24 01:10:00+00:00,9.350000381469727,9.369999885559082,9.34000015258789,9.359999656677246,36300,0.0,0.0
2024-04-24 01:15:00+00:00,9.350000381469727,9.350000381469727,9.34000015258789,9.350000381469727,18000,0.0,0.0
2024-04-24 01:20:00+00:00,9.350000381469727,9.359999656677246,9.350000381469727,9.350000381469727,9000,0.0,0.0
2024-04-24 01:25:00+00:00,9.350000381469727,9.359999656677246,9.350000381469727,9.350000381469727,18080,0.0,0.0
2024-04-24 01:30:00+00:00,9.350000381469727,9.350000381469727,9.34000015258789,9.34000015258789,22136,0.0,0.0
2024-04-24 01:40:00+00:00,9.350000381469727,9.350000381469727,9.350000381469727,9.350000381469727,1633,0.0,0.0
2024-04-24 01:50:00+00:00,9.329999923706055,9.329999923706055,9.329999923706055,9.329999923706055,13300,0.0,0.0
2024-04-24 01:55:00+00:00,9.329999923706055,9.34000015258789,9.329999923706055,9.34000015258789,3000,0.0,0.0
2024-04-24 02:00:00+00:00,9.329999923706055,9.329999923706055,9.329999923706055,9.329999923706055,3120,0.0,0.0
2024-04-24 02:05:00+00:00,9.329999923706055,9.34000015258789,9.329999923706055,9.34000015258789,9149,0.0,0.0
2024-04-24 02:10:00+00:00,9.329999923706055,9.329999923706055,9.319999694824219,9.329999923706055,23192,0.0,0.0
2024-04-24 02:15:00+00:00,9.319999694824219,9.319999694824219,9.319999694824219,9.319999694824219,13120,0.0,0.0
2024-04-24 02:25:00+00:00,9.329999923706055,9.34000015258789,9.329999923706055,9.329999923706055,9000,0.0,0.0
2024-04-24 02:30:00+00:00,9.329999923706055,9.34000015258789,9.329999923706055,9.34000015258789,40000,0.0,0.0
2024-04-24 02:35:00+00:00,9.34000015258789,9.34000015258789,9.34000015258789,9.34000015258789,3900,0.0,0.0
2024-04-24 02:40:00+00:00,9.350000381469727,9.350000381469727,9.350000381469727,9.350000381469727,3000,0.0,0.0
2024-04-24 02:50:00+00:00,9.34000015258789,9.34000015258789,9.329999923706055,9.329999923706055,12012,0.0,0.0
2024-04-24 03:00:00+00:00,9.329999923706055,9.329999923706055,9.329999923706055,9.329999923706055,1100,0.0,0.0
2024-04-24 03:05:00+00:00,9.329999923706055,9.329999923706055,9.329999923706055,9.329999923706055,1000,0.0,0.0
2024-04-24 03:10:00+00:00,9.319999694824219,9.319999694824219,9.319999694824219,9.319999694824219,15357,0.0,0.0
2024-04-24 03:15:00+00:00,9.319999694824219,9.319999694824219,9.319999694824219,9.319999694824219,2154,0.0,0.0
2024-04-24 03:20:00+00:00,9.319999694824219,9.319999694824219,9.3100004196167,9.3100004196167,16360,0.0,0.0
2024-04-24 03:25:00+00:00,9.3100004196167,9.3100004196167,9.300000190734863,9.300000190734863,16770,0.0,0.0
2024-04-24 03:30:00+00:00,9.3100004196167,9.329999923706055,9.3100004196167,9.329999923706055,76388,0.0,0.0
2024-04-24 03:35:00+00:00,9.329999923706055,9.329999923706055,9.329999923706055,9.329999923706055,4000,0.0,0.0
2024-04-24 03:40:00+00:00,9.34000015258789,9.34000015258789,9.329999923706055,9.329999923706055,6040,0.0,0.0
2024-04-24 03:50:00+00:00,9.329999923706055,9.34000015258789,9.329999923706055,9.329999923706055,38030,0.0,0.0
2024-04-24 03:55:00+00:00,9.34000015258789,9.34000015258789,9.34000015258789,9.34000015258789,16683,0.0,0.0
2024-04-24 04:05:00+00:00,9.34000015258789,9.34000015258789,9.34000015258789,9.34000015258789,1000,0.0,0.0
2024-04-24 04:10:00+00:00,9.34000015258789,9.359999656677246,9.34000015258789,9.359999656677246,143310,0.0,0.0
2024-04-24 04:15:00+00:00,9.359999656677246,9.359999656677246,9.359999656677246,9.359999656677246,17205,0.0,0.0
2024-04-24 04:20:00+00:00,9.359999656677246,9.359999656677246,9.350000381469727,9.350000381469727,23000,0.0,0.0
2024-04-24 04:25:00+00:00,9.350000381469727,9.350000381469727,9.350000381469727,9.350000381469727,10000,0.0,0.0
2024-04-24 04:30:00+00:00,9.350000381469727,9.350000381469727,9.350000381469727,9.350000381469727,13400,0.0,0.0
2024-04-24 04:35:00+00:00,9.34000015258789,9.34000015258789,9.34000015258789,9.34000015258789,5102,0.0,0.0
2024-04-24 04:40:00+00:00,9.34000015258789,9.34000015258789,9.34000015258789,9.34000015258789,5900,0.0,0.0
2024-04-24 04:45:00+00:00,9.329999923706055,9.329999923706055,9.319999694824219,9.319999694824219,30200,0.0,0.0
2024-04-24 04:50:00+00:00,9.319999694824219,9.319999694824219,9.319999694824219,9.319999694824219,5000,0.0,0.0
2024-04-24 04:55:00+00:00,9.329999923706055,9.329999923706055,9.329999923706055,9.329999923706055,1000,0.0,0.0
2024-04-24 05:00:00+00:00,9.319999694824219,9.350000381469727,9.319999694824219,9.350000381469727,13244,0.0,0.0
2024-04-24 05:05:00+00:00,9.350000381469727,9.359999656677246,9.350000381469727,9.359999656677246,19000,0.0,0.0
2024-04-24 05:10:00+00:00,9.350000381469727,9.359999656677246,9.34000015258789,9.359999656677246,29091,0.0,0.0
2024-04-24 05:15:00+00:00,9.359999656677246,9.359999656677246,9.34000015258789,9.359999656677246,11155,0.0,0.0
2024-04-24 05:20:00+00:00,9.359999656677246,9.359999656677246,9.329999923706055,9.34000015258789,29434,0.0,0.0
2024-04-25 01:00:00+00:00,9.319999694824219,9.319999694824219,9.3100004196167,9.3100004196167,9000,0.0,0.0
2024-04-25 01:05:00+00:00,9.319999694824219,9.319999694824219,9.319999694824219,9.319999694824219,5021,0.0,0.0
2024-04-25 01:10:00+00:00,9.3100004196167,9.3100004196167,9.3100004196167,9.3100004196167,11529,0.0,0.0
2024-04-25 01:15:00+00:00,9.3100004196167,9.3100004196167,9.3100004196167,9.3100004196167,3054,0.0,0.0
2024-04-25 01:20:00+00:00,9.3100004196167,9.34000015258789,9.3100004196167,9.34000015258789,59000,0.0,0.0
2024-04-25 01:25:00+00:00,9.329999923706055,9.329999923706055,9.329999923706055,9.329999923706055,7041,0.0,0.0
2024-04-25 01:30:00+00:00,9.34000015258789,9.34000015258789,9.329999923706055,9.329999923706055,21199,0.0,0.0
2024-04-25 01:35:00+00:00,9.350000381469727,9.350000381469727,9.350000381469727,9.350000381469727,15000,0.0,0.0
2024-04-25 01:40:00+00:00,9.350000381469727,9.350000381469727,9.34000015258789,9.34000015258789,13000,0.0,0.0
2024-04-25 01:45:00+00:00,9.350000381469727,9.350000381469727,9.34000015258789,9.34000015258789,13000,0.0,0.0
2024-04-25 01:50:00+00:00,9.359999656677246,9.359999656677246,9.359999656677246,9.359999656677246,1160,0.0,0.0
2024-04-25 01:55:00+00:00,9.359999656677246,9.359999656677246,9.359999656677246,9.359999656677246,2000,0.0,0.0
2024-04-25 02:00:00+00:00,9.359999656677246,9.359999656677246,9.350000381469727,9.350000381469727,3050,0.0,0.0
2024-04-25 02:05:00+00:00,9.350000381469727,9.350000381469727,9.34000015258789,9.34000015258789,7089,0.0,0.0
2024-04-25 02:15:00+00:00,9.34000015258789,9.34000015258789,9.34000015258789,9.34000015258789,12193,0.0,0.0
2024-04-25 02:20:00+00:00,9.329999923706055,9.34000015258789,9.329999923706055,9.34000015258789,3463,0.0,0.0
2024-04-25 02:25:00+00:00,9.34000015258789,9.350000381469727,9.34000015258789,9.350000381469727,2000,0.0,0.0
2024-04-25 02:30:00+00:00,9.350000381469727,9.359999656677246,9.350000381469727,9.359999656677246,31160,0.0,0.0
2024-04-25 02:35:00+00:00,9.369999885559082,9.369999885559082,9.369999885559082,9.369999885559082,2111,0.0,0.0
2024-04-25 02:40:00+00:00,9.369999885559082,9.380000114440918,9.369999885559082,9.380000114440918,51662,0.0,0.0
2024-04-25 02:45:00+00:00,9.390000343322754,9.390000343322754,9.390000343322754,9.390000343322754,11000,0.0,0.0
2024-04-25 02:50:00+00:00,9.390000343322754,9.390000343322754,9.380000114440918,9.380000114440918,27623,0.0,0.0
2024-04-25 02:55:00+00:00,9.369999885559082,9.380000114440918,9.369999885559082,9.380000114440918,25000,0.0,0.0
2024-04-25 03:00:00+00:00,9.390000343322754,9.4399995803833,9.390000343322754,9.420000076293945,155536,0.0,0.0
2024-04-25 03:05:00+00:00,9.430000305175781,9.430000305175781,9.430000305175781,9.430000305175781,73598,0.0,0.0
2024-04-25 03:10:00+00:00,9.430000305175781,9.430000305175781,9.40999984741211,9.40999984741211,36099,0.0,0.0
2024-04-25 03:15:00+00:00,9.40999984741211,9.430000305175781,9.40999984741211,9.430000305175781,5148,0.0,0.0
2024-04-25 03:20:00+00:00,9.420000076293945,9.420000076293945,9.420000076293945,9.420000076293945,612071,0.0,0.0
2024-04-25 03:25:00+00:00,9.40999984741211,9.40999984741211,9.399999618530273,9.399999618530273,6240,0.0,0.0
2024-04-25 03:30:00+00:00,9.399999618530273,9.40999984741211,9.399999618530273,9.40999984741211,7000,0.0,0.0
2024-04-25 03:35:00+00:00,9.40999984741211,9.40999984741211,9.399999618530273,9.399999618530273,9000,0.0,0.0
2024-04-25 03:40:00+00:00,9.40999984741211,9.40999984741211,9.40999984741211,9.40999984741211,0,0.0,0.0
2024-04-26 01:00:00+00:00,9.399999618530273,9.4399995803833,9.399999618530273,9.4399995803833,0,0.0,0.0
2024-04-26 01:05:00+00:00,9.4399995803833,9.489999771118164,9.4399995803833,9.470000267028809,173000,0.0,0.0
2024-04-26 01:10:00+00:00,9.470000267028809,9.470000267028809,9.449999809265137,9.460000038146973,27370,0.0,0.0
2024-04-26 01:15:00+00:00,9.460000038146973,9.460000038146973,9.460000038146973,9.460000038146973,2295,0.0,0.0
2024-04-26 01:20:00+00:00,9.460000038146973,9.460000038146973,9.449999809265137,9.460000038146973,22202,0.0,0.0
2024-04-26 01:25:00+00:00,9.460000038146973,9.460000038146973,9.460000038146973,9.460000038146973,22100,0.0,0.0
2024-04-26 01:30:00+00:00,9.449999809265137,9.449999809265137,9.4399995803833,9.4399995803833,19000,0.0,0.0
2024-04-26 01:35:00+00:00,9.449999809265137,9.449999809265137,9.4399995803833,9.449999809265137,49020,0.0,0.0
2024-04-26 01:40:00+00:00,9.4399995803833,9.449999809265137,9.430000305175781,9.430000305175781,97300,0.0,0.0
2024-04-26 01:45:00+00:00,9.449999809265137,9.449999809265137,9.449999809265137,9.449999809265137,34235,0.0,0.0
2024-04-26 01:50:00+00:00,9.449999809265137,9.479999542236328,9.449999809265137,9.479999542236328,150384,0.0,0.0
2024-04-26 01:55:00+00:00,9.470000267028809,9.479999542236328,9.470000267028809,9.470000267028809,39077,0.0,0.0
2024-04-26 02:00:00+00:00,9.460000038146973,9.470000267028809,9.460000038146973,9.470000267028809,30070,0.0,0.0
2024-04-26 02:05:00+00:00,9.470000267028809,9.470000267028809,9.449999809265137,9.460000038146973,48165,0.0,0.0
2024-04-26 02:10:00+00:00,9.460000038146973,9.460000038146973,9.449999809265137,9.449999809265137,20881,0.0,0.0
2024-04-26 02:15:00+00:00,9.449999809265137,9.460000038146973,9.4399995803833,9.4399995803833,19163,0.0,0.0
2024-04-26 02:20:00+00:00,9.430000305175781,9.460000038146973,9.430000305175781,9.460000038146973,73285,0.0,0.0
2024-04-26 02:25:00+00:00,9.449999809265137,9.449999809265137,9.449999809265137,9.449999809265137,3000,0.0,0.0
2024-04-26 02:30:00+00:00,9.449999809265137,9.449999809265137,9.449999809265137,9.449999809265137,16075,0.0,0.0
2024-04-26 02:35:00+00:00,9.460000038146973,9.470000267028809,9.460000038146973,9.470000267028809,33224,0.0,0.0
2024-04-26 02:45:00+00:00,9.460000038146973,9.470000267028809,9.460000038146973,9.470000267028809,21111,0.0,0.0
2024-04-26 02:50:00+00:00,9.460000038146973,9.470000267028809,9.460000038146973,9.460000038146973,21100,0.0,0.0
2024-04-26 02:55:00+00:00,9.460000038146973,9.460000038146973,9.460000038146973,9.460000038146973,12290,0.0,0.0
2024-04-26 03:00:00+00:00,9.460000038146973,9.460000038146973,9.460000038146973,9.460000038146973,5090,0.0,0.0
2024-04-26 03:05:00+00:00,9.460000038146973,9.470000267028809,9.460000038146973,9.470000267028809,35700,0.0,0.0
2024-04-26 03:10:00+00:00,9.460000038146973,9.460000038146973,9.460000038146973,9.460000038146973,5000,0.0,0.0
2024-04-26 03:15:00+00:00,9.460000038146973,9.460000038146973,9.460000038146973,9.460000038146973,14002,0.0,0.0
2024-04-26 03:20:00+00:00,9.460000038146973,9.460000038146973,9.460000038146973,9.460000038146973,11000,0.0,0.0
2024-04-26 03:35:00+00:00,9.460000038146973,9.470000267028809,9.460000038146973,9.470000267028809,26145,0.0,0.0
2024-04-26 03:40:00+00:00,9.470000267028809,9.489999771118164,9.470000267028809,9.489999771118164,157000,0.0,0.0
2024-04-26 03:45:00+00:00,9.489999771118164,9.489999771118164,9.479999542236328,9.479999542236328,24000,0.0,0.0
2024-04-26 03:50:00+00:00,9.479999542236328,9.479999542236328,9.479999542236328,9.479999542236328,2319,0.0,0.0
2024-04-26 03:55:00+00:00,9.489999771118164,9.489999771118164,9.479999542236328,9.479999542236328,18000,0.0,0.0
2024-04-26 04:00:00+00:00,9.479999542236328,9.489999771118164,9.479999542236328,9.489999771118164,13000,0.0,0.0
2024-04-26 04:05:00+00:00,9.479999542236328,9.479999542236328,9.479999542236328,9.479999542236328,16087,0.0,0.0
2024-04-26 04:10:00+00:00,9.489999771118164,9.489999771118164,9.489999771118164,9.489999771118164,43113,0.0,0.0
2024-04-26 04:15:00+00:00,9.479999542236328,9.489999771118164,9.479999542236328,9.479999542236328,13240,0.0,0.0
2024-04-26 04:20:00+00:00,9.479999542236328,9.479999542236328,9.479999542236328,9.479999542236328,6450,0.0,0.0
2024-04-26 04:30:00+00:00,9.489999771118164,9.489999771118164,9.489999771118164,9.489999771118164,53560,0.0,0.0
2024-04-26 04:35:00+00:00,9.479999542236328,9.489999771118164,9.479999542236328,9.479999542236328,13300,0.0,0.0
2024-04-26 04:40:00+00:00,9.479999542236328,9.489999771118164,9.479999542236328,9.489999771118164,92000,0.0,0.0
2024-04-26 04:45:00+00:00,9.5,9.5,9.479999542236328,9.489999771118164,13145,0.0,0.0
2024-04-26 04:50:00+00:00,9.479999542236328,9.489999771118164,9.479999542236328,9.489999771118164,9122,0.0,0.0
2024-04-26 04:55:00+00:00,9.489999771118164,9.489999771118164,9.479999542236328,9.489999771118164,9000,0.0,0.0
2024-04-26 05:00:00+00:00,9.489999771118164,9.489999771118164,9.489999771118164,9.489999771118164,31343,0.0,0.0
2024-04-26 05:05:00+00:00,9.489999771118164,9.5,9.489999771118164,9.489999771118164,21140,0.0,0.0
2024-04-26 05:10:00+00:00,9.489999771118164,9.489999771118164,9.479999542236328,9.489999771118164,8000,0.0,0.0
2024-04-26 05:15:00+00:00,9.489999771118164,9.5,9.489999771118164,9.5,13051,0.0,0.0
2024-04-26 05:20:00+00:00,9.5,9.5,9.489999771118164,9.489999771118164,30890,0.0,0.0
2024-04-29 01:00:00+00:00,9.539999961853027,9.649999618530273,9.529999732971191,9.609999656677246,0,0.0,0.0
2024-04-29 01:05:00+00:00,9.609999656677246,9.640000343322754,9.600000381469727,9.640000343322754,95626,0.0,0.0
2024-04-29 01:10:00+00:00,9.649999618530273,9.649999618530273,9.619999885559082,9.649999618530273,91812,0.0,0.0
2024-04-29 01:15:00+00:00,9.640000343322754,9.680000305175781,9.640000343322754,9.670000076293945,68306,0.0,0.0
2024-04-29 01:20:00+00:00,9.649999618530273,9.65999984741211,9.640000343322754,9.649999618530273,52392,0.0,0.0
2024-04-29 01:25:00+00:00,9.640000343322754,9.649999618530273,9.630000114440918,9.649999618530273,59087,0.0,0.0
2024-04-29 01:30:00+00:00,9.649999618530273,9.649999618530273,9.619999885559082,9.619999885559082,47210,0.0,0.0
2024-04-29 01:35:00+00:00,9.619999885559082,9.619999885559082,9.579999923706055,9.579999923706055,69173,0.0,0.0
2024-04-29 01:40:00+00:00,9.59000015258789,9.600000381469727,9.59000015258789,9.59000015258789,16195,0.0,0.0
2024-04-29 01:45:00+00:00,9.600000381469727,9.600000381469727,9.59000015258789,9.59000015258789,13721,0.0,0.0
2024-04-29 01:50:00+00:00,9.59000015258789,9.59000015258789,9.59000015258789,9.59000015258789,23180,0.0,0.0
2024-04-29 01:55:00+00:00,9.59000015258789,9.600000381469727,9.59000015258789,9.600000381469727,34163,0.0,0.0
2024-04-29 02:00:00+00:00,9.600000381469727,9.630000114440918,9.600000381469727,9.619999885559082,118112,0.0,0.0
2024-04-29 02:05:00+00:00,9.630000114440918,9.630000114440918,9.600000381469727,9.630000114440918,73382,0.0,0.0
2024-04-29 02:10:00+00:00,9.630000114440918,9.640000343322754,9.630000114440918,9.640000343322754,30424,0.0,0.0
2024-04-29 02:15:00+00:00,9.630000114440918,9.630000114440918,9.609999656677246,9.630000114440918,6942,0.0,0.0
2024-04-29 02:20:00+00:00,9.630000114440918,9.630000114440918,9.630000114440918,9.630000114440918,29020,0.0,0.0
2024-04-29 02:25:00+00:00,9.640000343322754,9.640000343322754,9.640000343322754,9.640000343322754,5000,0.0,0.0
2024-04-29 02:30:00+00:00,9.640000343322754,9.640000343322754,9.640000343322754,9.640000343322754,19399,0.0,0.0
2024-04-29 02:35:00+00:00,9.649999618530273,9.649999618530273,9.640000343322754,9.649999618530273,3001,0.0,0.0
2024-04-29 02:40:00+00:00,9.649999618530273,9.649999618530273,9.640000343322754,9.640000343322754,32001,0.0,0.0
2024-04-29 02:45:00+00:00,9.640000343322754,9.649999618530273,9.630000114440918,9.640000343322754,19107,0.0,0.0
2024-04-29 02:50:00+00:00,9.649999618530273,9.649999618530273,9.630000114440918,9.630000114440918,27000,0.0,0.0
2024-04-29 02:55:00+00:00,9.630000114440918,9.640000343322754,9.630000114440918,9.640000343322754,19101,0.0,0.0
2024-04-29 03:00:00+00:00,9.649999618530273,9.65999984741211,9.649999618530273,9.65999984741211,22140,0.0,0.0
2024-04-29 03:05:00+00:00,9.649999618530273,9.649999618530273,9.640000343322754,9.640000343322754,29340,0.0,0.0
2024-04-29 03:10:00+00:00,9.649999618530273,9.65999984741211,9.649999618530273,9.649999618530273,7800,0.0,0.0
2024-04-29 03:15:00+00:00,9.649999618530273,9.649999618530273,9.640000343322754,9.649999618530273,81450,0.0,0.0
2024-04-29 03:20:00+00:00,9.649999618530273,9.649999618530273,9.630000114440918,9.640000343322754,7200,0.0,0.0
2024-04-29 03:25:00+00:00,9.630000114440918,9.640000343322754,9.630000114440918,9.640000343322754,26000,0.0,0.0
2024-04-29 03:35:00+00:00,9.630000114440918,9.640000343322754,9.630000114440918,9.640000343322754,37100,0.0,0.0
2024-04-29 03:40:00+00:00,9.640000343322754,9.640000343322754,9.640000343322754,9.640000343322754,5000,0.0,0.0
2024-04-29 03:45:00+00:00,9.640000343322754,9.640000343322754,9.640000343322754,9.640000343322754,4140,0.0,0.0
2024-04-29 03:50:00+00:00,9.640000343322754,9.640000343322754,9.640000343322754,9.640000343322754,10758,0.0,0.0
2024-04-29 03:55:00+00:00,9.630000114440918,9.630000114440918,9.630000114440918,9.630000114440918,3100,0.0,0.0
2024-04-29 04:00:00+00:00,9.640000343322754,9.640000343322754,9.630000114440918,9.630000114440918,15000,0.0,0.0
2024-04-29 04:05:00+00:00,9.640000343322754,9.65999984741211,9.640000343322754,9.649999618530273,111000,0.0,0.0
2024-04-29 04:10:00+00:00,9.649999618530273,9.649999618530273,9.640000343322754,9.640000343322754,24000,0.0,0.0
2024-04-29 04:15:00+00:00,9.630000114440918,9.649999618530273,9.630000114440918,9.649999618530273,53765,0.0,0.0
2024-04-29 04:20:00+00:00,9.649999618530273,9.649999618530273,9.649999618530273,9.649999618530273,1020,0.0,0.0
2024-04-29 04:25:00+00:00,9.649999618530273,9.649999618530273,9.649999618530273,9.649999618530273,23000,0.0,0.0
2024-04-29 04:30:00+00:00,9.649999618530273,9.649999618530273,9.640000343322754,9.640000343322754,78324,0.0,0.0
2024-04-29 04:35:00+00:00,9.640000343322754,9.640000343322754,9.630000114440918,9.630000114440918,33300,0.0,0.0
2024-04-29 04:40:00+00:00,9.630000114440918,9.630000114440918,9.630000114440918,9.630000114440918,6380,0.0,0.0
2024-04-29 04:45:00+00:00,9.630000114440918,9.640000343322754,9.630000114440918,9.640000343322754,20866,0.0,0.0
2024-04-29 04:50:00+00:00,9.640000343322754,9.640000343322754,9.630000114440918,9.630000114440918,43000,0.0,0.0
2024-04-29 04:55:00+00:00,9.630000114440918,9.630000114440918,9.619999885559082,9.630000114440918,11345,0.0,0.0
2024-04-29 05:05:00+00:00,9.630000114440918,9.630000114440918,9.630000114440918,9.630000114440918,8356,0.0,0.0
2024-04-29 05:10:00+00:00,9.630000114440918,9.630000114440918,9.619999885559082,9.630000114440918,24330,0.0,0.0
2024-04-29 05:15:00+00:00,9.630000114440918,9.630000114440918,9.630000114440918,9.630000114440918,5010,0.0,0.0
2024-04-29 05:20:00+00:00,9.640000343322754,9.640000343322754,9.619999885559082,9.640000343322754,24040,0.0,0.0
2024-04-30 01:00:00+00:00,9.619999885559082,9.699999809265137,9.619999885559082,9.649999618530273,0,0.0,0.0
2024-04-30 01:05:00+00:00,9.640000343322754,9.640000343322754,9.600000381469727,9.600000381469727,143000,0.0,0.0
2024-04-30 01:10:00+00:00,9.600000381469727,9.600000381469727,9.600000381469727,9.600000381469727,24800,0.0,0.0
2024-04-30 01:15:00+00:00,9.59000015258789,9.59000015258789,9.569999694824219,9.579999923706055,47426,0.0,0.0
2024-04-30 01:20:00+00:00,9.579999923706055,9.59000015258789,9.579999923706055,9.59000015258789,14000,0.0,0.0
2024-04-30 01:25:00+00:00,9.59000015258789,9.600000381469727,9.59000015258789,9.600000381469727,3315,0.0,0.0
2024-04-30 01:30:00+00:00,9.600000381469727,9.600000381469727,9.5600004196167,9.5600004196167,88229,0.0,0.0
2024-04-30 01:35:00+00:00,9.579999923706055,9.579999923706055,9.579999923706055,9.579999923706055,1000,0.0,0.0
2024-04-30 01:40:00+00:00,9.579999923706055,9.579999923706055,9.579999923706055,9.579999923706055,13011,0.0,0.0
2024-04-30 01:45:00+00:00,9.579999923706055,9.579999923706055,9.569999694824219,9.569999694824219,12210,0.0,0.0
2024-04-30 01:50:00+00:00,9.569999694824219,9.569999694824219,9.5600004196167,9.5600004196167,41400,0.0,0.0
2024-04-30 01:55:00+00:00,9.569999694824219,9.569999694824219,9.569999694824219,9.569999694824219,9000,0.0,0.0
2024-04-30 02:00:00+00:00,9.569999694824219,9.569999694824219,9.5600004196167,9.569999694824219,42067,0.0,0.0
2024-04-30 02:05:00+00:00,9.5600004196167,9.579999923706055,9.5600004196167,9.579999923706055,27100,0.0,0.0
2024-04-30 02:10:00+00:00,9.5600004196167,9.569999694824219,9.5600004196167,9.569999694824219,32311,0.0,0.0
2024-04-30 02:15:00+00:00,9.5600004196167,9.569999694824219,9.5600004196167,9.5600004196167,5412,0.0,0.0
2024-04-30 02:20:00+00:00,9.5600004196167,9.5600004196167,9.5600004196167,9.5600004196167,5000,0.0,0.0
2024-04-30 02:25:00+00:00,9.5600004196167,9.569999694824219,9.5600004196167,9.569999694824219,20040,0.0,0.0
2024-04-30 02:30:00+00:00,9.579999923706055,9.579999923706055,9.579999923706055,9.579999923706055,1747,0.0,0.0
2024-04-30 02:35:00+00:00,9.569999694824219,9.579999923706055,9.569999694824219,9.579999923706055,15100,0.0,0.0
2024-04-30 02:40:00+00:00,9.579999923706055,9.579999923706055,9.569999694824219,9.569999694824219,20862,0.0,0.0
2024-04-30 02:50:00+00:00,9.579999923706055,9.579999923706055,9.579999923706055,9.579999923706055,1012,0.0,0.0
2024-04-30 02:55:00+00:00,9.569999694824219,9.569999694824219,9.569999694824219,9.569999694824219,10001,0.0,0.0
2024-04-30 03:00:00+00:00,9.569999694824219,9.569999694824219,9.569999694824219,9.569999694824219,6430,0.0,0.0
2024-04-30 03:05:00+00:00,9.569999694824219,9.569999694824219,9.5600004196167,9.5600004196167,8794,0.0,0.0
2024-04-30 03:10:00+00:00,9.5600004196167,9.5600004196167,9.5600004196167,9.5600004196167,7000,0.0,0.0
2024-04-30 03:15:00+00:00,9.5600004196167,9.5600004196167,9.5600004196167,9.5600004196167,1200,0.0,0.0
2024-04-30 03:25:00+00:00,9.569999694824219,9.569999694824219,9.569999694824219,9.569999694824219,20390,0.0,0.0
2024-04-30 03:30:00+00:00,9.5600004196167,9.5600004196167,9.5600004196167,9.5600004196167,3000,0.0,0.0
2024-04-30 03:35:00+00:00,9.5600004196167,9.5600004196167,9.5600004196167,9.5600004196167,3514,0.0,0.0
2024-04-30 03:40:00+00:00,9.5600004196167,9.5600004196167,9.550000190734863,9.550000190734863,72906,0.0,0.0
2024-04-30 03:45:00+00:00,9.550000190734863,9.5600004196167,9.550000190734863,9.5600004196167,9537,0.0,0.0
2024-04-30 03:50:00+00:00,9.5600004196167,9.5600004196167,9.5600004196167,9.5600004196167,8122,0.0,0.0
2024-04-30 03:55:00+00:00,9.5600004196167,9.5600004196167,9.5600004196167,9.5600004196167,4000,0.0,0.0
2024-04-30 04:00:00+00:00,9.550000190734863,9.550000190734863,9.550000190734863,9.550000190734863,3548,0.0,0.0
2024-04-30 04:05:00+00:00,9.5600004196167,9.5600004196167,9.5600004196167,9.5600004196167,2121,0.0,0.0
2024-04-30 04:10:00+00:00,9.5600004196167,9.5600004196167,9.5600004196167,9.5600004196167,10000,0.0,0.0
2024-04-30 04:15:00+00:00,9.5600004196167,9.5600004196167,9.5600004196167,9.5600004196167,7090,0.0,0.0
2024-04-30 04:20:00+00:00,9.550000190734863,9.550000190734863,9.550000190734863,9.550000190734863,15009,0.0,0.0
2024-04-30 04:25:00+00:00,9.550000190734863,9.550000190734863,9.539999961853027,9.550000190734863,66597,0.0,0.0
2024-04-30 04:30:00+00:00,9.550000190734863,9.550000190734863,9.550000190734863,9.550000190734863,17001,0.0,0.0
2024-04-30 04:35:00+00:00,9.550000190734863,9.550000190734863,9.550000190734863,9.550000190734863,26868,0.0,0.0
2024-04-30 04:40:00+00:00,9.539999961853027,9.550000190734863,9.539999961853027,9.550000190734863,28827,0.0,0.0
2024-04-30 04:45:00+00:00,9.5600004196167,9.5600004196167,9.5600004196167,9.5600004196167,2020,0.0,0.0
2024-04-30 04:50:00+00:00,9.550000190734863,9.5600004196167,9.550000190734863,9.5600004196167,4309,0.0,0.0
2024-04-30 05:00:00+00:00,9.5600004196167,9.5600004196167,9.5600004196167,9.5600004196167,9040,0.0,0.0
2024-04-30 05:05:00+00:00,9.5600004196167,9.5600004196167,9.5600004196167,9.5600004196167,3161,0.0,0.0
2024-04-30 05:10:00+00:00,9.569999694824219,9.569999694824219,9.5600004196167,9.5600004196167,11000,0.0,0.0
2024-04-30 05:15:00+00:00,9.5600004196167,9.5600004196167,9.550000190734863,9.550000190734863,46144,0.0,0.0
2024-04-30 05:20:00+00:00,9.550000190734863,9.550000190734863,9.539999961853027,9.539999961853027,14012,0.0,0.0
2024-05-02 01:00:00+00:00,9.539999961853027,9.569999694824219,9.529999732971191,9.569999694824219,0,0.0,0.0
2024-05-02 01:05:00+00:00,9.550000190734863,9.5600004196167,9.539999961853027,9.5600004196167,22792,0.0,0.0
2024-05-02 01:10:00+00:00,9.5600004196167,9.579999923706055,9.5600004196167,9.579999923706055,54143,0.0,0.0
2024-05-02 01:15:00+00:00,9.579999923706055,9.600000381469727,9.579999923706055,9.600000381469727,36836,0.0,0.0
2024-05-02 01:20:00+00:00,9.600000381469727,9.609999656677246,9.5600004196167,9.5600004196167,26383,0.0,0.0
2024-05-02 01:25:00+00:00,9.5600004196167,9.5600004196167,9.5600004196167,9.5600004196167,17033,0.0,0.0
2024-05-02 01:30:00+00:00,9.59000015258789,9.59000015258789,9.59000015258789,9.59000015258789,2274,0.0,0.0
2024-05-02 01:35:00+00:00,9.569999694824219,9.600000381469727,9.569999694824219,9.600000381469727,19280,0.0,0.0
2024-05-02 01:40:00+00:00,9.600000381469727,9.619999885559082,9.600000381469727,9.619999885559082,16634,0.0,0.0
2024-05-02 01:45:00+00:00,9.600000381469727,9.619999885559082,9.600000381469727,9.600000381469727,18186,0.0,0.0
2024-05-02 01:50:00+00:00,9.600000381469727,9.619999885559082,9.600000381469727,9.619999885559082,16853,0.0,0.0
2024-05-02 01:55:00+00:00,9.609999656677246,9.609999656677246,9.609999656677246,9.609999656677246,7047,0.0,0.0
2024-05-02 02:00:00+00:00,9.600000381469727,9.630000114440918,9.600000381469727,9.630000114440918,65500,0.0,0.0
2024-05-02 02:05:00+00:00,9.630000114440918,9.640000343322754,9.630000114440918,9.640000343322754,75023,0.0,0.0
2024-05-02 02:10:00+00:00,9.619999885559082,9.640000343322754,9.619999885559082,9.640000343322754,20000,0.0,0.0
2024-05-02 02:15:00+00:00,9.619999885559082,9.630000114440918,9.619999885559082,9.630000114440918,17080,0.0,0.0
2024-05-02 02:20:00+00:00,9.619999885559082,9.619999885559082,9.619999885559082,9.619999885559082,10288,0.0,0.0
2024-05-02 02:25:00+00:00,9.630000114440918,9.630000114440918,9.630000114440918,9.630000114440918,3266,0.0,0.0
2024-05-02 02:30:00+00:00,9.630000114440918,9.630000114440918,9.619999885559082,9.619999885559082,5810,0.0,0.0
2024-05-02 02:35:00+00:00,9.619999885559082,9.630000114440918,9.619999885559082,9.630000114440918,18770,0.0,0.0
2024-05-02 02:40:00+00:00,9.619999885559082,9.619999885559082,9.619999885559082,9.619999885559082,10000,0.0,0.0
2024-05-02 02:45:00+00:00,9.619999885559082,9.630000114440918,9.619999885559082,9.630000114440918,14255,0.0,0.0
2024-05-02 02:50:00+00:00,9.630000114440918,9.649999618530273,9.630000114440918,9.649999618530273,36000,0.0,0.0
2024-05-02 02:55:00+00:00,9.649999618530273,9.649999618530273,9.630000114440918,9.630000114440918,21000,0.0,0.0
2024-05-02 03:00:00+00:00,9.630000114440918,9.640000343322754,9.630000114440918,9.640000343322754,5200,0.0,0.0
2024-05-02 03:05:00+00:00,9.630000114440918,9.630000114440918,9.619999885559082,9.619999885559082,13000,0.0,0.0
2024-05-02 03:10:00+00:00,9.619999885559082,9.619999885559082,9.619999885559082,9.619999885559082,2155,0.0,0.0
2024-05-02 03:15:00+00:00,9.619999885559082,9.619999885559082,9.619999885559082,9.619999885559082,11759,0.0,0.0
2024-05-02 03:25:00+00:00,9.630000114440918,9.630000114440918,9.630000114440918,9.630000114440918,14280,0.0,0.0
2024-05-02 03:35:00+00:00,9.609999656677246,9.609999656677246,9.59000015258789,9.600000381469727,124233,0.0,0.0
2024-05-02 03:40:00+00:00,9.600000381469727,9.619999885559082,9.59000015258789,9.609999656677246,46058,0.0,0.0
2024-05-02 03:45:00+00:00,9.609999656677246,9.619999885559082,9.609999656677246,9.609999656677246,7400,0.0,0.0
2024-05-02 03:50:00+00:00,9.619999885559082,9.619999885559082,9.609999656677246,9.609999656677246,7020,0.0,0.0
2024-05-02 03:55:00+00:00,9.609999656677246,9.609999656677246,9.609999656677246,9.609999656677246,5180,0.0,0.0
2024-05-02 04:00:00+00:00,9.609999656677246,9.619999885559082,9.609999656677246,9.619999885559082,14002,0.0,0.0
2024-05-02 04:10:00+00:00,9.619999885559082,9.619999885559082,9.619999885559082,9.619999885559082,3000,0.0,0.0
2024-05-02 04:15:00+00:00,9.619999885559082,9.630000114440918,9.609999656677246,9.609999656677246,16000,0.0,0.0
2024-05-02 04:20:00+00:00,9.640000343322754,9.640000343322754,9.630000114440918,9.640000343322754,21100,0.0,0.0
2024-05-02 04:30:00+00:00,9.609999656677246,9.649999618530273,9.600000381469727,9.649999618530273,27000,0.0,0.0
2024-05-02 04:35:00+00:00,9.649999618530273,9.65999984741211,9.630000114440918,9.65999984741211,174000,0.0,0.0
2024-05-02 04:40:00+00:00,9.649999618530273,9.649999618530273,9.630000114440918,9.649999618530273,26120,0.0,0.0
2024-05-02 04:45:00+00:00,9.640000343322754,9.65999984741211,9.640000343322754,9.65999984741211,88000,0.0,0.0
2024-05-02 04:50:00+00:00,9.65999984741211,9.670000076293945,9.65999984741211,9.65999984741211,44020,0.0,0.0
2024-05-02 04:55:00+00:00,9.670000076293945,9.680000305175781,9.65999984741211,9.680000305175781,27257,0.0,0.0
2024-05-02 05:00:00+00:00,9.680000305175781,9.699999809265137,9.680000305175781,9.699999809265137,90000,0.0,0.0
2024-05-02 05:05:00+00:00,9.699999809265137,9.789999961853027,9.699999809265137,9.789999961853027,393571,0.0,0.0
2024-05-02 05:10:00+00:00,9.779999732971191,9.789999961853027,9.739999771118164,9.739999771118164,89255,0.0,0.0
2024-05-02 05:15:00+00:00,9.770000457763672,9.779999732971191,9.75,9.779999732971191,83100,0.0,0.0
2024-05-02 05:20:00+00:00,9.770000457763672,9.800000190734863,9.760000228881836,9.779999732971191,143557,0.0,0.0
2024-05-03 01:00:00+00:00,9.800000190734863,9.800000190734863,9.739999771118164,9.75,0,0.0,0.0
2024-05-03 01:05:00+00:00,9.760000228881836,9.760000228881836,9.760000228881836,9.760000228881836,30000,0.0,0.0
2024-05-03 01:10:00+00:00,9.739999771118164,9.739999771118164,9.720000267028809,9.729999542236328,241097,0.0,0.0
2024-05-03 01:15:00+00:00,9.729999542236328,9.729999542236328,9.720000267028809,9.729999542236328,57345,0.0,0.0
2024-05-03 01:20:00+00:00,9.729999542236328,9.729999542236328,9.710000038146973,9.729999542236328,46361,0.0,0.0
2024-05-03 01:30:00+00:00,9.739999771118164,9.739999771118164,9.739999771118164,9.739999771118164,7032,0.0,0.0
2024-05-03 01:35:00+00:00,9.739999771118164,9.760000228881836,9.720000267028809,9.720000267028809,88039,0.0,0.0
2024-05-03 01:40:00+00:00,9.729999542236328,9.729999542236328,9.710000038146973,9.710000038146973,118342,0.0,0.0
2024-05-03 01:45:00+00:00,9.710000038146973,9.710000038146973,9.6899995803833,9.6899995803833,100000,0.0,0.0
2024-05-03 01:50:00+00:00,9.6899995803833,9.699999809265137,9.6899995803833,9.6899995803833,33115,0.0,0.0
2024-05-03 01:55:00+00:00,9.6899995803833,9.6899995803833,9.670000076293945,9.670000076293945,70483,0.0,0.0
2024-05-03 02:00:00+00:00,9.670000076293945,9.729999542236328,9.670000076293945,9.699999809265137,73086,0.0,0.0
2024-05-03 02:05:00+00:00,9.710000038146973,9.720000267028809,9.710000038146973,9.720000267028809,11534,0.0,0.0
2024-05-03 02:15:00+00:00,9.699999809265137,9.699999809265137,9.680000305175781,9.680000305175781,26658,0.0,0.0
2024-05-03 02:20:00+00:00,9.680000305175781,9.680000305175781,9.670000076293945,9.680000305175781,19144,0.0,0.0
2024-05-03 02:25:00+00:00,9.680000305175781,9.680000305175781,9.670000076293945,9.680000305175781,21264,0.0,0.0
2024-05-03 02:30:00+00:00,9.680000305175781,9.680000305175781,9.670000076293945,9.670000076293945,37096,0.0,0.0
2024-05-03 02:35:00+00:00,9.65999984741211,9.670000076293945,9.65999984741211,9.670000076293945,12144,0.0,0.0
2024-05-03 02:40:00+00:00,9.670000076293945,9.670000076293945,9.65999984741211,9.65999984741211,43000,0.0,0.0
2024-05-03 02:45:00+00:00,9.65999984741211,9.65999984741211,9.640000343322754,9.640000343322754,55781,0.0,0.0
2024-05-03 02:50:00+00:00,9.649999618530273,9.649999618530273,9.640000343322754,9.649999618530273,22068,0.0,0.0
2024-05-03 02:55:00+00:00,9.649999618530273,9.649999618530273,9.640000343322754,9.649999618530273,34429,0.0,0.0
2024-05-03 03:00:00+00:00,9.649999618530273,9.649999618530273,9.640000343322754,9.649999618530273,35001,0.0,0.0
2024-05-03 03:05:00+00:00,9.649999618530273,9.65999984741211,9.649999618530273,9.65999984741211,15000,0.0,0.0
2024-05-03 03:10:00+00:00,9.670000076293945,9.670000076293945,9.65999984741211,9.65999984741211,4000,0.0,0.0
2024-05-03 03:15:00+00:00,9.670000076293945,9.680000305175781,9.65999984741211,9.65999984741211,25000,0.0,0.0
2024-05-03 03:20:00+00:00,9.65999984741211,9.670000076293945,9.65999984741211,9.670000076293945,3416,0.0,0.0
2024-05-03 03:25:00+00:00,9.65999984741211,9.65999984741211,9.65999984741211,9.65999984741211,17000,0.0,0.0
2024-05-03 03:30:00+00:00,9.65999984741211,9.65999984741211,9.65999984741211,9.65999984741211,3019,0.0,0.0
2024-05-03 03:35:00+00:00,9.65999984741211,9.65999984741211,9.649999618530273,9.65999984741211,10496,0.0,0.0
2024-05-03 03:40:00+00:00,9.649999618530273,9.649999618530273,9.649999618530273,9.649999618530273,12960,0.0,0.0
2024-05-03 03:45:00+00:00,9.65999984741211,9.65999984741211,9.640000343322754,9.649999618530273,59013,0.0,0.0
2024-05-03 03:50:00+00:00,9.649999618530273,9.649999618530273,9.640000343322754,9.640000343322754,9000,0.0,0.0
2024-05-03 03:55:00+00:00,9.649999618530273,9.649999618530273,9.640000343322754,9.640000343322754,54791,0.0,0.0
2024-05-03 04:00:00+00:00,9.640000343322754,9.640000343322754,9.640000343322754,9.640000343322754,3028,0.0,0.0
2024-05-03 04:05:00+00:00,9.640000343322754,9.640000343322754,9.640000343322754,9.640000343322754,14042,0.0,0.0
2024-05-03 04:10:00+00:00,9.630000114440918,9.640000343322754,9.630000114440918,9.630000114440918,34021,0.0,0.0
2024-05-03 04:15:00+00:00,9.640000343322754,9.640000343322754,9.630000114440918,9.640000343322754,17452,0.0,0.0
2024-05-03 04:25:00+00:00,9.630000114440918,9.630000114440918,9.630000114440918,9.630000114440918,1000,0.0,0.0
2024-05-03 04:30:00+00:00,9.630000114440918,9.640000343322754,9.619999885559082,9.630000114440918,41869,0.0,0.0
2024-05-03 04:35:00+00:00,9.619999885559082,9.619999885559082,9.609999656677246,9.609999656677246,97457,0.0,0.0
2024-05-03 04:40:00+00:00,9.619999885559082,9.630000114440918,9.619999885559082,9.630000114440918,23459,0.0,0.0
2024-05-03 04:45:00+00:00,9.630000114440918,9.630000114440918,9.630000114440918,9.630000114440918,6100,0.0,0.0
2024-05-03 04:50:00+00:00,9.630000114440918,9.630000114440918,9.609999656677246,9.609999656677246,8070,0.0,0.0
2024-05-03 04:55:00+00:00,9.619999885559082,9.619999885559082,9.609999656677246,9.609999656677246,14769,0.0,0.0
2024-05-03 05:00:00+00:00,9.619999885559082,9.619999885559082,9.609999656677246,9.619999885559082,31361,0.0,0.0
2024-05-03 05:05:00+00:00,9.609999656677246,9.609999656677246,9.609999656677246,9.609999656677246,39165,0.0,0.0
2024-05-03 05:10:00+00:00,9.609999656677246,9.609999656677246,9.600000381469727,9.600000381469727,67416,0.0,0.0
2024-05-03 05:15:00+00:00,9.600000381469727,9.609999656677246,9.600000381469727,9.609999656677246,38657,0.0,0.0
2024-05-03 05:20:00+00:00,9.600000381469727,9.609999656677246,9.600000381469727,9.609999656677246,44260,0.0,0.0
2024-05-06 01:00:00+00:00,9.640000343322754,9.6899995803833,9.640000343322754,9.6899995803833,0,0.0,0.0
2024-05-06 01:05:00+00:00,9.670000076293945,9.670000076293945,9.609999656677246,9.649999618530273,66739,0.0,0.0
2024-05-06 01:10:00+00:00,9.65999984741211,9.65999984741211,9.619999885559082,9.630000114440918,20525,0.0,0.0
2024-05-06 01:15:00+00:00,9.640000343322754,9.640000343322754,9.619999885559082,9.619999885559082,14118,0.0,0.0
2024-05-06 01:20:00+00:00,9.619999885559082,9.619999885559082,9.619999885559082,9.619999885559082,4000,0.0,0.0
2024-05-06 01:25:00+00:00,9.619999885559082,9.630000114440918,9.609999656677246,9.630000114440918,18120,0.0,0.0
2024-05-06 01:30:00+00:00,9.619999885559082,9.619999885559082,9.619999885559082,9.619999885559082,2090,0.0,0.0
2024-05-06 01:40:00+00:00,9.630000114440918,9.640000343322754,9.619999885559082,9.619999885559082,29225,0.0,0.0
2024-05-06 01:45:00+00:00,9.609999656677246,9.609999656677246,9.609999656677246,9.609999656677246,20240,0.0,0.0
2024-05-06 01:50:00+00:00,9.619999885559082,9.640000343322754,9.609999656677246,9.609999656677246,12300,0.0,0.0
2024-05-06 01:55:00+00:00,9.619999885559082,9.619999885559082,9.609999656677246,9.609999656677246,16297,0.0,0.0
2024-05-06 02:00:00+00:00,9.609999656677246,9.619999885559082,9.609999656677246,9.609999656677246,8310,0.0,0.0
2024-05-06 02:05:00+00:00,9.630000114440918,9.630000114440918,9.630000114440918,9.630000114440918,3200,0.0,0.0
2024-05-06 02:10:00+00:00,9.630000114440918,9.649999618530273,9.630000114440918,9.649999618530273,12004,0.0,0.0
2024-05-06 02:15:00+00:00,9.649999618530273,9.649999618530273,9.649999618530273,9.649999618530273,7167,0.0,0.0
2024-05-06 02:25:00+00:00,9.619999885559082,9.630000114440918,9.609999656677246,9.609999656677246,22357,0.0,0.0
2024-05-06 02:35:00+00:00,9.619999885559082,9.619999885559082,9.619999885559082,9.619999885559082,1000,0.0,0.0
2024-05-06 02:40:00+00:00,9.619999885559082,9.619999885559082,9.600000381469727,9.600000381469727,29129,0.0,0.0
2024-05-06 02:45:00+00:00,9.59000015258789,9.59000015258789,9.59000015258789,9.59000015258789,10210,0.0,0.0
2024-05-06 02:50:00+00:00,9.59000015258789,9.600000381469727,9.59000015258789,9.600000381469727,11200,0.0,0.0
2024-05-06 02:55:00+00:00,9.59000015258789,9.59000015258789,9.579999923706055,9.579999923706055,13619,0.0,0.0
2024-05-06 03:00:00+00:00,9.579999923706055,9.579999923706055,9.569999694824219,9.569999694824219,7018,0.0,0.0
2024-05-06 03:10:00+00:00,9.579999923706055,9.579999923706055,9.569999694824219,9.569999694824219,25661,0.0,0.0
2024-05-06 03:15:00+00:00,9.579999923706055,9.579999923706055,9.550000190734863,9.550000190734863,17149,0.0,0.0
2024-05-06 03:20:00+00:00,9.550000190734863,9.579999923706055,9.529999732971191,9.579999923706055,61713,0.0,0.0
2024-05-06 03:25:00+00:00,9.579999923706055,9.579999923706055,9.579999923706055,9.579999923706055,5000,0.0,0.0
2024-05-06 03:30:00+00:00,9.579999923706055,9.579999923706055,9.579999923706055,9.579999923706055,1000,0.0,0.0
2024-05-06 03:40:00+00:00,9.579999923706055,9.579999923706055,9.579999923706055,9.579999923706055,5000,0.0,0.0
2024-05-06 03:45:00+00:00,9.579999923706055,9.579999923706055,9.569999694824219,9.569999694824219,6080,0.0,0.0
2024-05-06 03:50:00+00:00,9.579999923706055,9.579999923706055,9.579999923706055,9.579999923706055,5040,0.0,0.0
2024-05-06 03:55:00+00:00,9.579999923706055,9.579999923706055,9.579999923706055,9.579999923706055,5000,0.0,0.0
2024-05-06 04:00:00+00:00,9.569999694824219,9.569999694824219,9.569999694824219,9.569999694824219,5520,0.0,0.0
2024-05-06 04:05:00+00:00,9.5600004196167,9.5600004196167,9.5600004196167,9.5600004196167,1000,0.0,0.0
2024-05-06 04:10:00+00:00,9.5600004196167,9.5600004196167,9.5600004196167,9.5600004196167,15671,0.0,0.0
2024-05-06 04:15:00+00:00,9.5600004196167,9.5600004196167,9.5600004196167,9.5600004196167,6065,0.0,0.0
2024-05-06 04:20:00+00:00,9.550000190734863,9.550000190734863,9.550000190734863,9.550000190734863,20290,0.0,0.0
2024-05-06 04:25:00+00:00,9.550000190734863,9.550000190734863,9.550000190734863,9.550000190734863,8100,0.0,0.0
2024-05-06 04:30:00+00:00,9.550000190734863,9.5600004196167,9.539999961853027,9.550000190734863,11021,0.0,0.0
2024-05-06 04:35:00+00:00,9.550000190734863,9.550000190734863,9.550000190734863,9.550000190734863,13300,0.0,0.0
2024-05-06 04:45:00+00:00,9.550000190734863,9.5600004196167,9.539999961853027,9.5600004196167,15051,0.0,0.0
2024-05-06 05:05:00+00:00,9.5600004196167,9.569999694824219,9.5600004196167,9.569999694824219,5169,0.0,0.0
2024-05-06 05:10:00+00:00,9.5600004196167,9.5600004196167,9.529999732971191,9.550000190734863,71327,0.0,0.0
2024-05-06 05:15:00+00:00,9.550000190734863,9.550000190734863,9.539999961853027,9.539999961853027,14804,0.0,0.0
2024-05-06 05:20:00+00:00,9.539999961853027,9.539999961853027,9.529999732971191,9.539999961853027,15841,0.0,0.0
2024-05-07 01:00:00+00:00,9.600000381469727,9.630000114440918,9.600000381469727,9.630000114440918,0,0.0,0.0
2024-05-07 01:10:00+00:00,9.609999656677246,9.609999656677246,9.579999923706055,9.579999923706055,18000,0.0,0.0
2024-05-07 01:15:00+00:00,9.569999694824219,9.569999694824219,9.550000190734863,9.550000190734863,22545,0.0,0.0
2024-05-07 01:20:00+00:00,9.550000190734863,9.5600004196167,9.550000190734863,9.5600004196167,7071,0.0,0.0
2024-05-07 01:25:00+00:00,9.5600004196167,9.569999694824219,9.5600004196167,9.5600004196167,8020,0.0,0.0
2024-05-07 01:30:00+00:00,9.550000190734863,9.550000190734863,9.539999961853027,9.539999961853027,19173,0.0,0.0
2024-05-07 01:35:00+00:00,9.550000190734863,9.550000190734863,9.529999732971191,9.529999732971191,26312,0.0,0.0
2024-05-07 01:40:00+00:00,9.539999961853027,9.539999961853027,9.529999732971191,9.529999732971191,9062,0.0,0.0
2024-05-07 01:45:00+00:00,9.529999732971191,9.529999732971191,9.529999732971191,9.529999732971191,9544,0.0,0.0
2024-05-07 01:50:00+00:00,9.520000457763672,9.520000457763672,9.510000228881836,9.520000457763672,20356,0.0,0.0
2024-05-07 01:55:00+00:00,9.510000228881836,9.520000457763672,9.510000228881836,9.520000457763672,33000,0.0,0.0
2024-05-07 02:00:00+00:00,9.520000457763672,9.520000457763672,9.520000457763672,9.520000457763672,4480,0.0,0.0
2024-05-07 02:05:00+00:00,9.520000457763672,9.520000457763672,9.5,9.5,60000,0.0,0.0
2024-05-07 02:10:00+00:00,9.5,9.5,9.479999542236328,9.479999542236328,63837,0.0,0.0
2024-05-07 02:15:00+00:00,9.479999542236328,9.479999542236328,9.479999542236328,9.479999542236328,3000,0.0,0.0
2024-05-07 02:20:00+00:00,9.479999542236328,9.479999542236328,9.460000038146973,9.460000038146973,63000,0.0,0.0
2024-05-07 02:25:00+00:00,9.460000038146973,9.520000457763672,9.460000038146973,9.520000457763672,36000,0.0,0.0
2024-05-07 02:30:00+00:00,9.5,9.5,9.479999542236328,9.479999542236328,11131,0.0,0.0
2024-05-07 02:35:00+00:00,9.479999542236328,9.479999542236328,9.479999542236328,9.479999542236328,20875,0.0,0.0
2024-05-07 02:40:00+00:00,9.479999542236328,9.5,9.479999542236328,9.5,4188,0.0,0.0
2024-05-07 02:45:00+00:00,9.5,9.5,9.5,9.5,1400,0.0,0.0
2024-05-07 02:50:00+00:00,9.479999542236328,9.489999771118164,9.479999542236328,9.489999771118164,4000,0.0,0.0
2024-05-07 02:55:00+00:00,9.5,9.5,9.5,9.5,1000,0.0,0.0
2024-05-07 03:00:00+00:00,9.5,9.5,9.5,9.5,7000,0.0,0.0
2024-05-07 03:05:00+00:00,9.5,9.5,9.5,9.5,1000,0.0,0.0
2024-05-07 03:10:00+00:00,9.510000228881836,9.510000228881836,9.510000228881836,9.510000228881836,2000,0.0,0.0
2024-05-07 03:15:00+00:00,9.510000228881836,9.510000228881836,9.510000228881836,9.510000228881836,2000,0.0,0.0
2024-05-07 03:20:00+00:00,9.510000228881836,9.510000228881836,9.510000228881836,9.510000228881836,2000,0.0,0.0
2024-05-07 03:25:00+00:00,9.510000228881836,9.510000228881836,9.510000228881836,9.510000228881836,2000,0.0,0.0
2024-05-07 03:30:00+00:00,9.510000228881836,9.510000228881836,9.510000228881836,9.510000228881836,2000,0.0,0.0
2024-05-07 03:35:00+00:00,9.520000457763672,9.520000457763672,9.520000457763672,9.520000457763672,5110,0.0,0.0
2024-05-07 03:40:00+00:00,9.510000228881836,9.520000457763672,9.510000228881836,9.520000457763672,3000,0.0,0.0
2024-05-07 03:45:00+00:00,9.510000228881836,9.510000228881836,9.510000228881836,9.510000228881836,6472,0.0,0.0
2024-05-07 04:00:00+00:00,9.5,9.5,9.5,9.5,4000,0.0,0.0
2024-05-07 04:05:00+00:00,9.5,9.5,9.5,9.5,9303,0.0,0.0
2024-05-07 04:10:00+00:00,9.5,9.5,9.5,9.5,7050,0.0,0.0
2024-05-07 04:20:00+00:00,9.5,9.5,9.489999771118164,9.489999771118164,17267,0.0,0.0
2024-05-07 04:30:00+00:00,9.489999771118164,9.489999771118164,9.479999542236328,9.479999542236328,46000,0.0,0.0
2024-05-07 04:35:00+00:00,9.479999542236328,9.479999542236328,9.470000267028809,9.470000267028809,10656,0.0,0.0
2024-05-07 04:40:00+00:00,9.5,9.5,9.5,9.5,38144,0.0,0.0
2024-05-07 04:50:00+00:00,9.5,9.5,9.470000267028809,9.470000267028809,44000,0.0,0.0
2024-05-07 04:55:00+00:00,9.5,9.5,9.479999542236328,9.5,5110,0.0,0.0
2024-05-07 05:00:00+00:00,9.5,9.5,9.489999771118164,9.489999771118164,23119,0.0,0.0
2024-05-07 05:05:00+00:00,9.5,9.5,9.5,9.5,1046,0.0,0.0
2024-05-07 05:10:00+00:00,9.489999771118164,9.489999771118164,9.489999771118164,9.489999771118164,12086,0.0,0.0
2024-05-07 05:15:00+00:00,9.489999771118164,9.489999771118164,9.479999542236328,9.489999771118164,4157,0.0,0.0
2024-05-07 05:20:00+00:00,9.479999542236328,9.489999771118164,9.470000267028809,9.479999542236328,19489,0.0,0.0
2024-05-08 01:00:00+00:00,9.489999771118164,9.489999771118164,9.489999771118164,9.489999771118164,0,0.0,0.0
2024-05-08 01:05:00+00:00,9.489999771118164,9.489999771118164,9.489999771118164,9.489999771118164,4886,0.0,0.0
2024-05-08 01:10:00+00:00,9.479999542236328,9.479999542236328,9.479999542236328,9.479999542236328,2244,0.0,0.0
2024-05-08 01:15:00+00:00,9.489999771118164,9.489999771118164,9.489999771118164,9.489999771118164,10000,0.0,0.0
2024-05-08 01:20:00+00:00,9.479999542236328,9.479999542236328,9.470000267028809,9.470000267028809,12000,0.0,0.0
2024-05-08 01:25:00+00:00,9.470000267028809,9.470000267028809,9.470000267028809,9.470000267028809,5540,0.0,0.0
2024-05-08 01:35:00+00:00,9.470000267028809,9.470000267028809,9.470000267028809,9.470000267028809,9039,0.0,0.0
2024-05-08 01:40:00+00:00,9.460000038146973,9.460000038146973,9.460000038146973,9.460000038146973,1598,0.0,0.0
2024-05-08 01:45:00+00:00,9.460000038146973,9.460000038146973,9.460000038146973,9.460000038146973,6027,0.0,0.0
2024-05-08 01:50:00+00:00,9.460000038146973,9.460000038146973,9.449999809265137,9.460000038146973,20279,0.0,0.0
2024-05-08 02:00:00+00:00,9.470000267028809,9.470000267028809,9.470000267028809,9.470000267028809,1027,0.0,0.0
2024-05-08 02:05:00+00:00,9.470000267028809,9.470000267028809,9.470000267028809,9.470000267028809,2000,0.0,0.0
2024-05-08 02:10:00+00:00,9.470000267028809,9.470000267028809,9.460000038146973,9.460000038146973,44638,0.0,0.0
2024-05-08 02:15:00+00:00,9.449999809265137,9.460000038146973,9.449999809265137,9.460000038146973,4129,0.0,0.0
2024-05-08 02:20:00+00:00,9.449999809265137,9.449999809265137,9.449999809265137,9.449999809265137,51452,0.0,0.0
2024-05-08 02:25:00+00:00,9.460000038146973,9.460000038146973,9.460000038146973,9.460000038146973,1000,0.0,0.0
2024-05-08 02:30:00+00:00,9.449999809265137,9.449999809265137,9.449999809265137,9.449999809265137,3000,0.0,0.0
2024-05-08 02:35:00+00:00,9.460000038146973,9.460000038146973,9.460000038146973,9.460000038146973,2000,0.0,0.0
2024-05-08 02:40:00+00:00,9.460000038146973,9.460000038146973,9.4399995803833,9.4399995803833,43000,0.0,0.0
2024-05-08 02:45:00+00:00,9.4399995803833,9.4399995803833,9.4399995803833,9.4399995803833,5881,0.0,0.0
2024-05-08 02:50:00+00:00,9.4399995803833,9.4399995803833,9.430000305175781,9.430000305175781,46148,0.0,0.0
2024-05-08 02:55:00+00:00,9.4399995803833,9.4399995803833,9.4399995803833,9.4399995803833,3162,0.0,0.0
2024-05-08 03:05:00+00:00,9.4399995803833,9.4399995803833,9.430000305175781,9.430000305175781,10110,0.0,0.0
2024-05-08 03:10:00+00:00,9.430000305175781,9.430000305175781,9.430000305175781,9.430000305175781,6000,0.0,0.0
2024-05-08 03:15:00+00:00,9.449999809265137,9.449999809265137,9.449999809265137,9.449999809265137,43000,0.0,0.0
2024-05-08 03:25:00+00:00,9.449999809265137,9.449999809265137,9.430000305175781,9.430000305175781,7037,0.0,0.0
2024-05-08 03:40:00+00:00,9.449999809265137,9.470000267028809,9.449999809265137,9.470000267028809,12019,0.0,0.0
2024-05-08 03:50:00+00:00,9.470000267028809,9.470000267028809,9.470000267028809,9.470000267028809,2470,0.0,0.0
2024-05-08 03:55:00+00:00,9.449999809265137,9.449999809265137,9.449999809265137,9.449999809265137,5020,0.0,0.0
2024-05-08 04:00:00+00:00,9.449999809265137,9.449999809265137,9.449999809265137,9.449999809265137,2000,0.0,0.0
2024-05-08 04:05:00+00:00,9.4399995803833,9.449999809265137,9.4399995803833,9.449999809265137,21000,0.0,0.0
2024-05-08 04:15:00+00:00,9.460000038146973,9.460000038146973,9.460000038146973,9.460000038146973,1000,0.0,0.0
2024-05-08 04:20:00+00:00,9.460000038146973,9.470000267028809,9.460000038146973,9.470000267028809,25400,0.0,0.0
2024-05-08 04:25:00+00:00,9.470000267028809,9.470000267028809,9.470000267028809,9.470000267028809,1000,0.0,0.0
2024-05-08 04:30:00+00:00,9.449999809265137,9.449999809265137,9.449999809265137,9.449999809265137,2654,0.0,0.0
2024-05-08 04:40:00+00:00,9.460000038146973,9.460000038146973,9.460000038146973,9.460000038146973,1012,0.0,0.0
2024-05-08 04:45:00+00:00,9.460000038146973,9.460000038146973,9.460000038146973,9.460000038146973,10319,0.0,0.0
2024-05-08 04:50:00+00:00,9.460000038146973,9.460000038146973,9.460000038146973,9.460000038146973,5000,0.0,0.0
2024-05-08 04:55:00+00:00,9.470000267028809,9.479999542236328,9.470000267028809,9.479999542236328,35088,0.0,0.0
2024-05-08 05:05:00+00:00,9.479999542236328,9.479999542236328,9.479999542236328,9.479999542236328,1000,0.0,0.0
2024-05-08 05:10:00+00:00,9.460000038146973,9.479999542236328,9.460000038146973,9.479999542236328,3292,0.0,0.0
2024-05-08 05:20:00+00:00,9.460000038146973,9.460000038146973,9.460000038146973,9.460000038146973,9500,0.0,0.0
2024-05-09 01:00:00+00:00,9.470000267028809,9.5,9.470000267028809,9.5,0,0.0,0.0
2024-05-09 01:05:00+00:00,9.489999771118164,9.489999771118164,9.489999771118164,9.489999771118164,4676,0.0,0.0
2024-05-09 01:10:00+00:00,9.489999771118164,9.489999771118164,9.489999771118164,9.489999771118164,5000,0.0,0.0
2024-05-09 01:15:00+00:00,9.489999771118164,9.489999771118164,9.489999771118164,9.489999771118164,2000,0.0,0.0
2024-05-09 01:25:00+00:00,9.5,9.510000228881836,9.5,9.5,32000,0.0,0.0
2024-05-09 01:30:00+00:00,9.520000457763672,9.539999961853027,9.510000228881836,9.529999732971191,91080,0.0,0.0
2024-05-09 01:35:00+00:00,9.520000457763672,9.520000457763672,9.520000457763672,9.520000457763672,8000,0.0,0.0
2024-05-09 01:40:00+00:00,9.520000457763672,9.520000457763672,9.510000228881836,9.510000228881836,13000,0.0,0.0
2024-05-09 01:45:00+00:00,9.510000228881836,9.510000228881836,9.510000228881836,9.510000228881836,1342,0.0,0.0
2024-05-09 01:55:00+00:00,9.510000228881836,9.510000228881836,9.510000228881836,9.510000228881836,1199,0.0,0.0
2024-05-09 02:00:00+00:00,9.510000228881836,9.510000228881836,9.510000228881836,9.510000228881836,1010,0.0,0.0
2024-05-09 02:05:00+00:00,9.510000228881836,9.510000228881836,9.510000228881836,9.510000228881836,4458,0.0,0.0
2024-05-09 02:15:00+00:00,9.5,9.5,9.5,9.5,8110,0.0,0.0
2024-05-09 02:20:00+00:00,9.5,9.5,9.5,9.5,3672,0.0,0.0
2024-05-09 02:30:00+00:00,9.489999771118164,9.489999771118164,9.489999771118164,9.489999771118164,1180,0.0,0.0
2024-05-09 02:35:00+00:00,9.489999771118164,9.489999771118164,9.489999771118164,9.489999771118164,7000,0.0,0.0
2024-05-09 02:45:00+00:00,9.479999542236328,9.479999542236328,9.470000267028809,9.470000267028809,7000,0.0,0.0
2024-05-09 02:50:00+00:00,9.470000267028809,9.470000267028809,9.460000038146973,9.460000038146973,2600,0.0,0.0
2024-05-09 02:55:00+00:00,9.470000267028809,9.479999542236328,9.470000267028809,9.479999542236328,14200,0.0,0.0
2024-05-09 03:00:00+00:00,9.479999542236328,9.489999771118164,9.479999542236328,9.489999771118164,48102,0.0,0.0
2024-05-09 03:05:00+00:00,9.479999542236328,9.479999542236328,9.479999542236328,9.479999542236328,13000,0.0,0.0
2024-05-09 03:15:00+00:00,9.479999542236328,9.479999542236328,9.460000038146973,9.460000038146973,41100,0.0,0.0
2024-05-09 03:20:00+00:00,9.470000267028809,9.470000267028809,9.460000038146973,9.470000267028809,25266,0.0,0.0
2024-05-09 03:25:00+00:00,9.470000267028809,9.470000267028809,9.460000038146973,9.460000038146973,80000,0.0,0.0
2024-05-09 03:30:00+00:00,9.460000038146973,9.470000267028809,9.460000038146973,9.470000267028809,4000,0.0,0.0
2024-05-09 03:35:00+00:00,9.460000038146973,9.460000038146973,9.460000038146973,9.460000038146973,6000,0.0,0.0
2024-05-09 03:40:00+00:00,9.460000038146973,9.460000038146973,9.460000038146973,9.460000038146973,30798,0.0,0.0
2024-05-09 03:55:00+00:00,9.460000038146973,9.460000038146973,9.460000038146973,9.460000038146973,2000,0.0,0.0
2024-05-09 04:00:00+00:00,9.460000038146973,9.460000038146973,9.460000038146973,9.460000038146973,4120,0.0,0.0
2024-05-09 04:05:00+00:00,9.460000038146973,9.470000267028809,9.460000038146973,9.470000267028809,36000,0.0,0.0
2024-05-09 04:10:00+00:00,9.460000038146973,9.479999542236328,9.460000038146973,9.479999542236328,5100,0.0,0.0
2024-05-09 04:15:00+00:00,9.479999542236328,9.479999542236328,9.479999542236328,9.479999542236328,4069,0.0,0.0
2024-05-09 04:20:00+00:00,9.460000038146973,9.460000038146973,9.460000038146973,9.460000038146973,7814,0.0,0.0
2024-05-09 04:25:00+00:00,9.460000038146973,9.470000267028809,9.449999809265137,9.449999809265137,50120,0.0,0.0
2024-05-09 04:40:00+00:00,9.460000038146973,9.460000038146973,9.449999809265137,9.449999809265137,57619,0.0,0.0
2024-05-09 04:45:00+00:00,9.4399995803833,9.449999809265137,9.430000305175781,9.430000305175781,17657,0.0,0.0
2024-05-09 04:50:00+00:00,9.430000305175781,9.4399995803833,9.430000305175781,9.4399995803833,18688,0.0,0.0
2024-05-09 04:55:00+00:00,9.4399995803833,9.4399995803833,9.430000305175781,9.430000305175781,7455,0.0,0.0
2024-05-09 05:00:00+00:00,9.430000305175781,9.430000305175781,9.430000305175781,9.430000305175781,8097,0.0,0.0
2024-05-09 05:05:00+00:00,9.430000305175781,9.430000305175781,9.430000305175781,9.430000305175781,10160,0.0,0.0
2024-05-09 05:10:00+00:00,9.4399995803833,9.4399995803833,9.4399995803833,9.4399995803833,26320,0.0,0.0
2024-05-09 05:15:00+00:00,9.449999809265137,9.449999809265137,9.449999809265137,9.449999809265137,23260,0.0,0.0
2024-05-09 05:20:00+00:00,9.449999809265137,9.460000038146973,9.4399995803833,9.4399995803833,27131,0.0,0.0
2024-05-10 01:00:00+00:00,9.430000305175781,9.449999809265137,9.420000076293945,9.4399995803833,0,0.0,0.0
2024-05-10 01:05:00+00:00,9.4399995803833,9.4399995803833,9.430000305175781,9.430000305175781,5151,0.0,0.0
2024-05-10 01:10:00+00:00,9.460000038146973,9.460000038146973,9.449999809265137,9.449999809265137,5039,0.0,0.0
2024-05-10 01:15:00+00:00,9.470000267028809,9.470000267028809,9.470000267028809,9.470000267028809,2045,0.0,0.0
2024-05-10 01:20:00+00:00,9.489999771118164,9.489999771118164,9.489999771118164,9.489999771118164,8000,0.0,0.0
2024-05-10 01:25:00+00:00,9.479999542236328,9.479999542236328,9.460000038146973,9.460000038146973,7000,0.0,0.0
2024-05-10 01:30:00+00:00,9.460000038146973,9.460000038146973,9.460000038146973,9.460000038146973,9259,0.0,0.0
2024-05-10 01:35:00+00:00,9.460000038146973,9.489999771118164,9.449999809265137,9.470000267028809,45080,0.0,0.0
2024-05-10 01:40:00+00:00,9.489999771118164,9.5,9.479999542236328,9.5,23280,0.0,0.0
2024-05-10 01:45:00+00:00,9.5,9.5,9.5,9.5,1005,0.0,0.0
2024-05-10 01:50:00+00:00,9.489999771118164,9.5,9.489999771118164,9.5,20300,0.0,0.0
2024-05-10 01:55:00+00:00,9.5,9.5,9.5,9.5,2520,0.0,0.0
2024-05-10 02:05:00+00:00,9.5,9.5,9.5,9.5,5723,0.0,0.0
2024-05-10 02:20:00+00:00,9.479999542236328,9.489999771118164,9.479999542236328,9.489999771118164,5540,0.0,0.0
2024-05-10 02:25:00+00:00,9.489999771118164,9.489999771118164,9.489999771118164,9.489999771118164,1000,0.0,0.0
2024-05-10 02:30:00+00:00,9.489999771118164,9.489999771118164,9.489999771118164,9.489999771118164,1125,0.0,0.0
2024-05-10 02:40:00+00:00,9.479999542236328,9.479999542236328,9.470000267028809,9.470000267028809,15000,0.0,0.0
2024-05-10 02:45:00+00:00,9.460000038146973,9.460000038146973,9.449999809265137,9.449999809265137,8400,0.0,0.0
2024-05-10 02:50:00+00:00,9.479999542236328,9.489999771118164,9.479999542236328,9.489999771118164,20260,0.0,0.0
2024-05-10 03:00:00+00:00,9.460000038146973,9.460000038146973,9.460000038146973,9.460000038146973,1000,0.0,0.0
2024-05-10 03:05:00+00:00,9.470000267028809,9.489999771118164,9.470000267028809,9.489999771118164,2000,0.0,0.0
2024-05-10 03:10:00+00:00,9.489999771118164,9.489999771118164,9.489999771118164,9.489999771118164,1155,0.0,0.0
2024-05-10 03:20:00+00:00,9.489999771118164,9.489999771118164,9.479999542236328,9.479999542236328,2171,0.0,0.0
2024-05-10 03:40:00+00:00,9.470000267028809,9.470000267028809,9.470000267028809,9.470000267028809,3156,0.0,0.0
2024-05-10 03:45:00+00:00,9.470000267028809,9.470000267028809,9.470000267028809,9.470000267028809,4060,0.0,0.0
2024-05-10 03:50:00+00:00,9.470000267028809,9.470000267028809,9.470000267028809,9.470000267028809,4024,0.0,0.0
2024-05-10 03:55:00+00:00,9.470000267028809,9.470000267028809,9.470000267028809,9.470000267028809,6030,0.0,0.0
2024-05-10 04:00:00+00:00,9.470000267028809,9.479999542236328,9.470000267028809,9.479999542236328,35105,0.0,0.0
2024-05-10 04:05:00+00:00,9.479999542236328,9.489999771118164,9.479999542236328,9.489999771118164,2000,0.0,0.0
2024-05-10 04:10:00+00:00,9.479999542236328,9.479999542236328,9.479999542236328,9.479999542236328,8100,0.0,0.0
2024-05-10 04:15:00+00:00,9.479999542236328,9.479999542236328,9.470000267028809,9.470000267028809,24010,0.0,0.0
2024-05-10 04:20:00+00:00,9.479999542236328,9.539999961853027,9.479999542236328,9.539999961853027,150209,0.0,0.0
2024-05-10 04:25:00+00:00,9.520000457763672,9.520000457763672,9.5,9.5,15001,0.0,0.0
2024-05-10 04:30:00+00:00,9.5,9.5,9.5,9.5,25000,0.0,0.0
2024-05-10 04:35:00+00:00,9.520000457763672,9.520000457763672,9.520000457763672,9.520000457763672,2000,0.0,0.0
2024-05-10 04:40:00+00:00,9.520000457763672,9.520000457763672,9.520000457763672,9.520000457763672,5084,0.0,0.0
2024-05-10 04:50:00+00:00,9.5,9.520000457763672,9.5,9.520000457763672,5390,0.0,0.0
2024-05-10 04:55:00+00:00,9.5,9.5,9.5,9.5,2000,0.0,0.0
2024-05-10 05:00:00+00:00,9.520000457763672,9.520000457763672,9.510000228881836,9.520000457763672,7044,0.0,0.0
2024-05-10 05:05:00+00:00,9.520000457763672,9.520000457763672,9.520000457763672,9.520000457763672,6000,0.0,0.0
2024-05-10 05:10:00+00:00,9.520000457763672,9.520000457763672,9.510000228881836,9.510000228881836,7000,0.0,0.0
2024-05-10 05:15:00+00:00,9.520000457763672,9.529999732971191,9.520000457763672,9.520000457763672,19228,0.0,0.0
2024-05-10 05:20:00+00:00,9.520000457763672,9.529999732971191,9.510000228881836,9.510000228881836,5133,0.0,0.0
2024-05-13 01:00:00+00:00,9.670000076293945,9.789999961853027,9.670000076293945,9.739999771118164,0,0.0,0.0
2024-05-13 01:05:00+00:00,9.760000228881836,9.770000457763672,9.729999542236328,9.729999542236328,96867,0.0,0.0
2024-05-13 01:10:00+00:00,9.729999542236328,9.899999618530273,9.729999542236328,9.859999656677246,640372,0.0,0.0
2024-05-13 01:15:00+00:00,9.899999618530273,9.9399995803833,9.8100004196167,9.8100004196167,637270,0.0,0.0
2024-05-13 01:20:00+00:00,9.8100004196167,9.8100004196167,9.770000457763672,9.779999732971191,112200,0.0,0.0
2024-05-13 01:25:00+00:00,9.779999732971191,9.850000381469727,9.779999732971191,9.829999923706055,151120,0.0,0.0
2024-05-13 01:30:00+00:00,9.829999923706055,9.850000381469727,9.819999694824219,9.850000381469727,47135,0.0,0.0
2024-05-13 01:35:00+00:00,9.850000381469727,9.859999656677246,9.8100004196167,9.819999694824219,114000,0.0,0.0
2024-05-13 01:40:00+00:00,9.859999656677246,9.859999656677246,9.84000015258789,9.84000015258789,12356,0.0,0.0
2024-05-13 01:45:00+00:00,9.829999923706055,9.829999923706055,9.8100004196167,9.8100004196167,22352,0.0,0.0
2024-05-13 01:50:00+00:00,9.8100004196167,9.819999694824219,9.800000190734863,9.800000190734863,66981,0.0,0.0
2024-05-13 01:55:00+00:00,9.800000190734863,9.84000015258789,9.800000190734863,9.84000015258789,70340,0.0,0.0
2024-05-13 02:00:00+00:00,9.829999923706055,9.84000015258789,9.8100004196167,9.84000015258789,39055,0.0,0.0
2024-05-13 02:05:00+00:00,9.84000015258789,9.84000015258789,9.8100004196167,9.819999694824219,106385,0.0,0.0
2024-05-13 02:10:00+00:00,9.8100004196167,9.8100004196167,9.8100004196167,9.8100004196167,1000,0.0,0.0
2024-05-13 02:15:00+00:00,9.8100004196167,9.819999694824219,9.8100004196167,9.8100004196167,19195,0.0,0.0
2024-05-13 02:20:00+00:00,9.800000190734863,9.8100004196167,9.800000190734863,9.8100004196167,18385,0.0,0.0
2024-05-13 02:25:00+00:00,9.8100004196167,9.8100004196167,9.800000190734863,9.8100004196167,56115,0.0,0.0
2024-05-13 02:30:00+00:00,9.800000190734863,9.8100004196167,9.800000190734863,9.800000190734863,37051,0.0,0.0
2024-05-13 02:35:00+00:00,9.789999961853027,9.789999961853027,9.789999961853027,9.789999961853027,12310,0.0,0.0
2024-05-13 02:40:00+00:00,9.779999732971191,9.789999961853027,9.779999732971191,9.789999961853027,11452,0.0,0.0
2024-05-13 02:45:00+00:00,9.789999961853027,9.789999961853027,9.779999732971191,9.779999732971191,69022,0.0,0.0
2024-05-13 02:50:00+00:00,9.779999732971191,9.779999732971191,9.779999732971191,9.779999732971191,14095,0.0,0.0
2024-05-13 02:55:00+00:00,9.779999732971191,9.779999732971191,9.779999732971191,9.779999732971191,5120,0.0,0.0
2024-05-13 03:00:00+00:00,9.789999961853027,9.789999961853027,9.779999732971191,9.779999732971191,4257,0.0,0.0
2024-05-13 03:05:00+00:00,9.789999961853027,9.84000015258789,9.789999961853027,9.84000015258789,148181,0.0,0.0
2024-05-13 03:10:00+00:00,9.829999923706055,9.829999923706055,9.829999923706055,9.829999923706055,37000,0.0,0.0
2024-05-13 03:15:00+00:00,9.829999923706055,9.829999923706055,9.829999923706055,9.829999923706055,1500,0.0,0.0
2024-05-13 03:20:00+00:00,9.819999694824219,9.819999694824219,9.800000190734863,9.800000190734863,11267,0.0,0.0
2024-05-13 03:25:00+00:00,9.8100004196167,9.829999923706055,9.8100004196167,9.829999923706055,99147,0.0,0.0
2024-05-13 03:30:00+00:00,9.84000015258789,9.850000381469727,9.84000015258789,9.850000381469727,68273,0.0,0.0
2024-05-13 03:35:00+00:00,9.850000381469727,9.850000381469727,9.84000015258789,9.84000015258789,13171,0.0,0.0
2024-05-13 03:40:00+00:00,9.84000015258789,9.84000015258789,9.84000015258789,9.84000015258789,16378,0.0,0.0
2024-05-13 03:45:00+00:00,9.84000015258789,9.850000381469727,9.84000015258789,9.850000381469727,2375,0.0,0.0
2024-05-13 03:50:00+00:00,9.84000015258789,9.84000015258789,9.84000015258789,9.84000015258789,19100,0.0,0.0
2024-05-13 03:55:00+00:00,9.84000015258789,9.84000015258789,9.829999923706055,9.829999923706055,22120,0.0,0.0
2024-05-13 04:00:00+00:00,9.84000015258789,9.84000015258789,9.829999923706055,9.829999923706055,5457,0.0,0.0
2024-05-13 04:05:00+00:00,9.829999923706055,9.829999923706055,9.829999923706055,9.829999923706055,5624,0.0,0.0
2024-05-13 04:10:00+00:00,9.819999694824219,9.829999923706055,9.8100004196167,9.829999923706055,12153,0.0,0.0
2024-05-13 04:15:00+00:00,9.8100004196167,9.819999694824219,9.8100004196167,9.819999694824219,67473,0.0,0.0
2024-05-13 04:20:00+00:00,9.819999694824219,9.819999694824219,9.8100004196167,9.8100004196167,8350,0.0,0.0
2024-05-13 04:25:00+00:00,9.8100004196167,9.8100004196167,9.8100004196167,9.8100004196167,7043,0.0,0.0
2024-05-13 04:30:00+00:00,9.8100004196167,9.8100004196167,9.800000190734863,9.800000190734863,70481,0.0,0.0
2024-05-13 04:35:00+00:00,9.800000190734863,9.800000190734863,9.800000190734863,9.800000190734863,28000,0.0,0.0
2024-05-13 04:40:00+00:00,9.800000190734863,9.819999694824219,9.800000190734863,9.8100004196167,13000,0.0,0.0
2024-05-13 04:45:00+00:00,9.8100004196167,9.819999694824219,9.8100004196167,9.819999694824219,5207,0.0,0.0
2024-05-13 04:50:00+00:00,9.819999694824219,9.819999694824219,9.819999694824219,9.819999694824219,5320,0.0,0.0
2024-05-13 04:55:00+00:00,9.819999694824219,9.819999694824219,9.800000190734863,9.8100004196167,53029,0.0,0.0
2024-05-13 05:00:00+00:00,9.8100004196167,9.8100004196167,9.8100004196167,9.8100004196167,7050,0.0,0.0
2024-05-13 05:05:00+00:00,9.8100004196167,9.819999694824219,9.8100004196167,9.8100004196167,33077,0.0,0.0
2024-05-13 05:10:00+00:00,9.8100004196167,9.829999923706055,9.8100004196167,9.829999923706055,11026,0.0,0.0
2024-05-13 05:15:00+00:00,9.829999923706055,9.829999923706055,9.800000190734863,9.800000190734863,20740,0.0,0.0
2024-05-13 05:20:00+00:00,9.8100004196167,9.819999694824219,9.800000190734863,9.819999694824219,46138,0.0,0.0
2024-05-14 01:00:00+00:00,9.899999618530273,9.899999618530273,9.819999694824219,9.829999923706055,0,0.0,0.0
2024-05-14 01:05:00+00:00,9.829999923706055,9.829999923706055,9.8100004196167,9.819999694824219,32102,0.0,0.0
2024-05-14 01:10:00+00:00,9.819999694824219,9.850000381469727,9.819999694824219,9.84000015258789,37008,0.0,0.0
2024-05-14 01:15:00+00:00,9.84000015258789,9.84000015258789,9.789999961853027,9.789999961853027,70829,0.0,0.0
2024-05-14 01:20:00+00:00,9.789999961853027,9.800000190734863,9.789999961853027,9.800000190734863,25102,0.0,0.0
2024-05-14 01:25:00+00:00,9.800000190734863,9.800000190734863,9.770000457763672,9.770000457763672,51510,0.0,0.0
2024-05-14 01:30:00+00:00,9.800000190734863,9.8100004196167,9.75,9.75,76100,0.0,0.0
2024-05-14 01:35:00+00:00,9.779999732971191,9.779999732971191,9.779999732971191,9.779999732971191,4196,0.0,0.0
2024-05-14 01:40:00+00:00,9.789999961853027,9.800000190734863,9.789999961853027,9.800000190734863,5076,0.0,0.0
2024-05-14 01:45:00+00:00,9.800000190734863,9.8100004196167,9.800000190734863,9.800000190734863,12224,0.0,0.0
2024-05-14 01:50:00+00:00,9.800000190734863,9.800000190734863,9.770000457763672,9.770000457763672,17055,0.0,0.0
2024-05-14 01:55:00+00:00,9.789999961853027,9.789999961853027,9.789999961853027,9.789999961853027,2174,0.0,0.0
2024-05-14 02:00:00+00:00,9.779999732971191,9.779999732971191,9.770000457763672,9.770000457763672,18063,0.0,0.0
2024-05-14 02:05:00+00:00,9.779999732971191,9.779999732971191,9.779999732971191,9.779999732971191,10001,0.0,0.0
2024-05-14 02:10:00+00:00,9.779999732971191,9.779999732971191,9.779999732971191,9.779999732971191,6001,0.0,0.0
2024-05-14 02:15:00+00:00,9.779999732971191,9.800000190734863,9.779999732971191,9.800000190734863,30131,0.0,0.0
2024-05-14 02:20:00+00:00,9.800000190734863,9.800000190734863,9.779999732971191,9.789999961853027,79252,0.0,0.0
2024-05-14 02:25:00+00:00,9.779999732971191,9.779999732971191,9.779999732971191,9.779999732971191,2000,0.0,0.0
2024-05-14 02:30:00+00:00,9.779999732971191,9.779999732971191,9.779999732971191,9.779999732971191,30003,0.0,0.0
2024-05-14 02:40:00+00:00,9.779999732971191,9.779999732971191,9.770000457763672,9.770000457763672,3477,0.0,0.0
2024-05-14 02:50:00+00:00,9.779999732971191,9.779999732971191,9.779999732971191,9.779999732971191,5034,0.0,0.0
2024-05-14 02:55:00+00:00,9.779999732971191,9.789999961853027,9.779999732971191,9.789999961853027,2191,0.0,0.0
2024-05-14 03:05:00+00:00,9.789999961853027,9.789999961853027,9.779999732971191,9.779999732971191,20067,0.0,0.0
2024-05-14 03:15:00+00:00,9.770000457763672,9.770000457763672,9.770000457763672,9.770000457763672,1200,0.0,0.0
2024-05-14 03:20:00+00:00,9.770000457763672,9.770000457763672,9.770000457763672,9.770000457763672,12089,0.0,0.0
2024-05-14 03:25:00+00:00,9.770000457763672,9.770000457763672,9.770000457763672,9.770000457763672,47614,0.0,0.0
2024-05-14 03:35:00+00:00,9.770000457763672,9.770000457763672,9.770000457763672,9.770000457763672,3346,0.0,0.0
2024-05-14 03:40:00+00:00,9.770000457763672,9.770000457763672,9.770000457763672,9.770000457763672,1191,0.0,0.0
2024-05-14 03:45:00+00:00,9.770000457763672,9.770000457763672,9.760000228881836,9.760000228881836,4309,0.0,0.0
2024-05-14 03:50:00+00:00,9.770000457763672,9.770000457763672,9.770000457763672,9.770000457763672,4000,0.0,0.0
2024-05-14 03:55:00+00:00,9.770000457763672,9.779999732971191,9.770000457763672,9.779999732971191,3000,0.0,0.0
2024-05-14 04:00:00+00:00,9.770000457763672,9.770000457763672,9.770000457763672,9.770000457763672,2000,0.0,0.0
2024-05-14 04:05:00+00:00,9.760000228881836,9.770000457763672,9.760000228881836,9.770000457763672,13233,0.0,0.0
2024-05-14 04:10:00+00:00,9.770000457763672,9.770000457763672,9.770000457763672,9.770000457763672,7194,0.0,0.0
2024-05-14 04:15:00+00:00,9.760000228881836,9.760000228881836,9.760000228881836,9.760000228881836,20658,0.0,0.0
2024-05-14 04:20:00+00:00,9.75,9.75,9.75,9.75,11089,0.0,0.0
2024-05-14 04:30:00+00:00,9.75,9.75,9.75,9.75,14100,0.0,0.0
2024-05-14 04:35:00+00:00,9.75,9.75,9.739999771118164,9.75,37128,0.0,0.0
2024-05-14 04:40:00+00:00,9.75,9.75,9.729999542236328,9.75,27650,0.0,0.0
2024-05-14 04:45:00+00:00,9.75,9.75,9.739999771118164,9.739999771118164,6099,0.0,0.0
2024-05-14 04:50:00+00:00,9.739999771118164,9.75,9.739999771118164,9.739999771118164,23205,0.0,0.0
2024-05-14 04:55:00+00:00,9.75,9.75,9.75,9.75,3075,0.0,0.0
2024-05-14 05:05:00+00:00,9.75,9.75,9.739999771118164,9.739999771118164,18142,0.0,0.0
2024-05-14 05:10:00+00:00,9.739999771118164,9.739999771118164,9.739999771118164,9.739999771118164,14618,0.0,0.0
2024-05-14 05:15:00+00:00,9.75,9.75,9.75,9.75,40055,0.0,0.0
2024-05-14 05:20:00+00:00,9.760000228881836,9.760000228881836,9.739999771118164,9.75,28181,0.0,0.0
2024-05-15 01:00:00+00:00,9.8100004196167,9.869999885559082,9.8100004196167,9.850000381469727,0,0.0,0.0
2024-05-15 01:05:00+00:00,9.859999656677246,9.859999656677246,9.850000381469727,9.850000381469727,33049,0.0,0.0
2024-05-15 01:10:00+00:00,9.850000381469727,9.880000114440918,9.850000381469727,9.880000114440918,77631,0.0,0.0
2024-05-15 01:15:00+00:00,9.880000114440918,9.880000114440918,9.859999656677246,9.869999885559082,79100,0.0,0.0
2024-05-15 01:20:00+00:00,9.869999885559082,9.920000076293945,9.869999885559082,9.899999618530273,193466,0.0,0.0
2024-05-15 01:25:00+00:00,9.899999618530273,9.930000305175781,9.890000343322754,9.930000305175781,217394,0.0,0.0
2024-05-15 01:30:00+00:00,9.930000305175781,9.970000267028809,9.930000305175781,9.970000267028809,350616,0.0,0.0
2024-05-15 01:35:00+00:00,9.970000267028809,9.989999771118164,9.960000038146973,9.970000267028809,264400,0.0,0.0
2024-05-15 01:40:00+00:00,9.970000267028809,9.970000267028809,9.9399995803833,9.9399995803833,80725,0.0,0.0
2024-05-15 01:45:00+00:00,9.9399995803833,9.9399995803833,9.899999618530273,9.899999618530273,56316,0.0,0.0
2024-05-15 01:50:00+00:00,9.899999618530273,9.90999984741211,9.899999618530273,9.90999984741211,53100,0.0,0.0
2024-05-15 01:55:00+00:00,9.899999618530273,9.920000076293945,9.899999618530273,9.920000076293945,68168,0.0,0.0
2024-05-15 02:00:00+00:00,9.920000076293945,9.930000305175781,9.899999618530273,9.899999618530273,28402,0.0,0.0
2024-05-15 02:05:00+00:00,9.899999618530273,9.90999984741211,9.890000343322754,9.890000343322754,26592,0.0,0.0
2024-05-15 02:10:00+00:00,9.890000343322754,9.899999618530273,9.890000343322754,9.899999618530273,6000,0.0,0.0
2024-05-15 02:15:00+00:00,9.899999618530273,9.90999984741211,9.880000114440918,9.90999984741211,111054,0.0,0.0
2024-05-15 02:20:00+00:00,9.90999984741211,9.949999809265137,9.899999618530273,9.949999809265137,105160,0.0,0.0
2024-05-15 02:25:00+00:00,9.949999809265137,9.949999809265137,9.90999984741211,9.90999984741211,66100,0.0,0.0
2024-05-15 02:30:00+00:00,9.9399995803833,9.9399995803833,9.930000305175781,9.930000305175781,12050,0.0,0.0
2024-05-15 02:35:00+00:00,9.930000305175781,9.9399995803833,9.930000305175781,9.9399995803833,57047,0.0,0.0
2024-05-15 02:40:00+00:00,9.920000076293945,9.930000305175781,9.90999984741211,9.930000305175781,17200,0.0,0.0
2024-05-15 02:45:00+00:00,9.899999618530273,9.899999618530273,9.899999618530273,9.899999618530273,50720,0.0,0.0
2024-05-15 02:50:00+00:00,9.899999618530273,9.899999618530273,9.890000343322754,9.890000343322754,13861,0.0,0.0
2024-05-15 02:55:00+00:00,9.890000343322754,9.890000343322754,9.880000114440918,9.890000343322754,26085,0.0,0.0
2024-05-15 03:00:00+00:00,9.869999885559082,9.869999885559082,9.869999885559082,9.869999885559082,8001,0.0,0.0
2024-05-15 03:05:00+00:00,9.869999885559082,9.880000114440918,9.869999885559082,9.880000114440918,7065,0.0,0.0
2024-05-15 03:10:00+00:00,9.880000114440918,9.899999618530273,9.880000114440918,9.899999618530273,13784,0.0,0.0
2024-05-15 03:15:00+00:00,9.899999618530273,9.960000038146973,9.899999618530273,9.960000038146973,392291,0.0,0.0
2024-05-15 03:20:00+00:00,9.949999809265137,9.960000038146973,9.9399995803833,9.9399995803833,143218,0.0,0.0
2024-05-15 03:25:00+00:00,9.9399995803833,9.9399995803833,9.899999618530273,9.920000076293945,12313,0.0,0.0
2024-05-15 03:30:00+00:00,9.930000305175781,9.930000305175781,9.930000305175781,9.930000305175781,15288,0.0,0.0
2024-05-15 03:35:00+00:00,9.930000305175781,9.9399995803833,9.930000305175781,9.9399995803833,31000,0.0,0.0
2024-05-15 03:40:00+00:00,9.920000076293945,9.920000076293945,9.920000076293945,9.920000076293945,4110,0.0,0.0
2024-05-15 03:45:00+00:00,9.920000076293945,9.920000076293945,9.920000076293945,9.920000076293945,5000,0.0,0.0
2024-05-15 03:50:00+00:00,9.920000076293945,9.920000076293945,9.899999618530273,9.899999618530273,38000,0.0,0.0
2024-05-15 03:55:00+00:00,9.899999618530273,9.899999618530273,9.899999618530273,9.899999618530273,24000,0.0,0.0
2024-05-15 04:00:00+00:00,9.899999618530273,9.899999618530273,9.880000114440918,9.890000343322754,48620,0.0,0.0
2024-05-15 04:05:00+00:00,9.890000343322754,9.890000343322754,9.880000114440918,9.890000343322754,33418,0.0,0.0
2024-05-15 04:10:00+00:00,9.890000343322754,9.890000343322754,9.890000343322754,9.890000343322754,6064,0.0,0.0
2024-05-15 04:15:00+00:00,9.890000343322754,9.890000343322754,9.890000343322754,9.890000343322754,15815,0.0,0.0
2024-05-15 04:20:00+00:00,9.890000343322754,9.899999618530273,9.890000343322754,9.899999618530273,13000,0.0,0.0
2024-05-15 04:25:00+00:00,9.90999984741211,9.90999984741211,9.899999618530273,9.899999618530273,2000,0.0,0.0
2024-05-15 04:30:00+00:00,9.899999618530273,9.899999618530273,9.880000114440918,9.880000114440918,37139,0.0,0.0
2024-05-15 04:35:00+00:00,9.880000114440918,9.880000114440918,9.850000381469727,9.880000114440918,60647,0.0,0.0
2024-05-15 04:40:00+00:00,9.859999656677246,9.859999656677246,9.850000381469727,9.859999656677246,23869,0.0,0.0
2024-05-15 04:45:00+00:00,9.859999656677246,9.859999656677246,9.84000015258789,9.850000381469727,31568,0.0,0.0
2024-05-15 04:50:00+00:00,9.850000381469727,9.850000381469727,9.84000015258789,9.84000015258789,14000,0.0,0.0
2024-05-15 04:55:00+00:00,9.84000015258789,9.84000015258789,9.84000015258789,9.84000015258789,42161,0.0,0.0
2024-05-15 05:00:00+00:00,9.84000015258789,9.859999656677246,9.84000015258789,9.859999656677246,15000,0.0,0.0
2024-05-15 05:05:00+00:00,9.859999656677246,9.869999885559082,9.850000381469727,9.869999885559082,76010,0.0,0.0
2024-05-15 05:10:00+00:00,9.869999885559082,9.869999885559082,9.859999656677246,9.869999885559082,13103,0.0,0.0
2024-05-15 05:15:00+00:00,9.869999885559082,9.869999885559082,9.859999656677246,9.859999656677246,15015,0.0,0.0
2024-05-15 05:20:00+00:00,9.859999656677246,9.859999656677246,9.850000381469727,9.859999656677246,33203,0.0,0.0
2024-05-16 01:00:00+00:00,9.9399995803833,9.9399995803833,9.899999618530273,9.920000076293945,0,0.0,0.0
2024-05-16 01:05:00+00:00,9.90999984741211,9.920000076293945,9.899999618530273,9.920000076293945,38387,0.0,0.0
2024-05-16 01:10:00+00:00,9.90999984741211,9.979999542236328,9.899999618530273,9.979999542236328,155690,0.0,0.0
2024-05-16 01:15:00+00:00,9.979999542236328,9.979999542236328,9.949999809265137,9.960000038146973,149199,0.0,0.0
2024-05-16 01:20:00+00:00,9.949999809265137,9.970000267028809,9.9399995803833,9.970000267028809,172700,0.0,0.0
2024-05-16 01:25:00+00:00,9.960000038146973,9.989999771118164,9.960000038146973,9.989999771118164,307741,0.0,0.0
2024-05-16 01:30:00+00:00,10.0,10.050000190734863,10.0,10.050000190734863,657627,0.0,0.0
2024-05-16 01:35:00+00:00,10.0,10.050000190734863,9.989999771118164,10.0,304870,0.0,0.0
2024-05-16 01:40:00+00:00,10.0,10.0,9.989999771118164,10.0,171356,0.0,0.0
2024-05-16 01:45:00+00:00,10.0,10.050000190734863,10.0,10.0,69793,0.0,0.0
2024-05-16 01:50:00+00:00,10.0,10.0,10.0,10.0,201345,0.0,0.0
2024-05-16 01:55:00+00:00,10.0,10.050000190734863,9.989999771118164,10.050000190734863,157159,0.0,0.0
2024-05-16 02:00:00+00:00,10.0,10.050000190734863,10.0,10.050000190734863,64426,0.0,0.0
2024-05-16 02:05:00+00:00,10.050000190734863,10.100000381469727,10.0,10.100000381469727,664914,0.0,0.0
2024-05-16 02:10:00+00:00,10.100000381469727,10.100000381469727,10.050000190734863,10.100000381469727,29089,0.0,0.0
2024-05-16 02:15:00+00:00,10.050000190734863,10.100000381469727,10.050000190734863,10.100000381469727,113100,0.0,0.0
2024-05-16 02:20:00+00:00,10.100000381469727,10.100000381469727,10.050000190734863,10.050000190734863,225661,0.0,0.0
2024-05-16 02:25:00+00:00,10.050000190734863,10.100000381469727,10.0,10.100000381469727,342100,0.0,0.0
2024-05-16 02:30:00+00:00,10.100000381469727,10.100000381469727,10.050000190734863,10.100000381469727,78040,0.0,0.0
2024-05-16 02:35:00+00:00,10.050000190734863,10.100000381469727,10.050000190734863,10.050000190734863,114200,0.0,0.0
2024-05-16 02:40:00+00:00,10.100000381469727,10.100000381469727,10.050000190734863,10.100000381469727,69132,0.0,0.0
2024-05-16 02:45:00+00:00,10.100000381469727,10.100000381469727,10.050000190734863,10.050000190734863,72000,0.0,0.0
2024-05-16 02:50:00+00:00,10.050000190734863,10.100000381469727,10.050000190734863,10.100000381469727,81200,0.0,0.0
2024-05-16 02:55:00+00:00,10.050000190734863,10.100000381469727,10.050000190734863,10.050000190734863,157080,0.0,0.0
2024-05-16 03:00:00+00:00,10.100000381469727,10.100000381469727,10.050000190734863,10.100000381469727,23080,0.0,0.0
2024-05-16 03:05:00+00:00,10.100000381469727,10.100000381469727,10.050000190734863,10.100000381469727,37375,0.0,0.0
2024-05-16 03:10:00+00:00,10.100000381469727,10.100000381469727,10.050000190734863,10.100000381469727,39530,0.0,0.0
2024-05-16 03:15:00+00:00,10.100000381469727,10.100000381469727,10.050000190734863,10.100000381469727,6000,0.0,0.0
2024-05-16 03:20:00+00:00,10.100000381469727,10.100000381469727,10.050000190734863,10.100000381469727,35000,0.0,0.0
2024-05-16 03:25:00+00:00,10.100000381469727,10.100000381469727,10.100000381469727,10.100000381469727,7220,0.0,0.0
2024-05-16 03:30:00+00:00,10.100000381469727,10.100000381469727,10.050000190734863,10.100000381469727,8080,0.0,0.0
2024-05-16 03:35:00+00:00,10.100000381469727,10.100000381469727,10.100000381469727,10.100000381469727,21000,0.0,0.0
2024-05-16 03:40:00+00:00,10.100000381469727,10.100000381469727,10.050000190734863,10.100000381469727,38900,0.0,0.0
2024-05-16 03:45:00+00:00,10.100000381469727,10.100000381469727,10.100000381469727,10.100000381469727,46200,0.0,0.0
2024-05-16 03:50:00+00:00,10.100000381469727,10.100000381469727,10.050000190734863,10.100000381469727,11400,0.0,0.0
2024-05-16 03:55:00+00:00,10.100000381469727,10.100000381469727,10.100000381469727,10.100000381469727,50000,0.0,0.0
2024-05-16 04:00:00+00:00,10.100000381469727,10.100000381469727,10.050000190734863,10.100000381469727,54200,0.0,0.0
2024-05-16 04:05:00+00:00,10.100000381469727,10.100000381469727,10.050000190734863,10.100000381469727,14000,0.0,0.0
2024-05-16 04:10:00+00:00,10.050000190734863,10.100000381469727,10.050000190734863,10.100000381469727,42080,0.0,0.0
2024-05-16 04:15:00+00:00,10.050000190734863,10.100000381469727,10.050000190734863,10.100000381469727,34000,0.0,0.0
2024-05-16 04:20:00+00:00,10.050000190734863,10.100000381469727,10.050000190734863,10.100000381469727,9769,0.0,0.0
2024-05-16 04:25:00+00:00,10.050000190734863,10.100000381469727,10.0,10.050000190734863,227035,0.0,0.0
2024-05-16 04:30:00+00:00,10.100000381469727,10.100000381469727,10.050000190734863,10.100000381469727,34108,0.0,0.0
2024-05-16 04:35:00+00:00,10.100000381469727,10.100000381469727,10.050000190734863,10.100000381469727,20341,0.0,0.0
2024-05-16 04:40:00+00:00,10.100000381469727,10.100000381469727,10.050000190734863,10.050000190734863,29154,0.0,0.0
2024-05-16 04:45:00+00:00,10.050000190734863,10.050000190734863,10.0,10.050000190734863,31252,0.0,0.0
2024-05-16 04:50:00+00:00,10.050000190734863,10.050000190734863,10.050000190734863,10.050000190734863,8120,0.0,0.0
2024-05-16 04:55:00+00:00,10.050000190734863,10.050000190734863,10.050000190734863,10.050000190734863,20538,0.0,0.0
2024-05-16 05:00:00+00:00,10.050000190734863,10.050000190734863,10.050000190734863,10.050000190734863,106300,0.0,0.0
2024-05-16 05:05:00+00:00,10.050000190734863,10.100000381469727,10.050000190734863,10.050000190734863,34059,0.0,0.0
2024-05-16 05:10:00+00:00,10.050000190734863,10.050000190734863,10.050000190734863,10.050000190734863,21400,0.0,0.0
2024-05-16 05:15:00+00:00,10.050000190734863,10.100000381469727,10.050000190734863,10.100000381469727,59380,0.0,0.0
2024-05-16 05:20:00+00:00,10.100000381469727,10.100000381469727,10.050000190734863,10.100000381469727,46190,0.0,0.0
2024-05-17 01:00:00+00:00,10.100000381469727,10.149999618530273,10.0,10.0,0,0.0,0.0
2024-05-17 01:05:00+00:00,10.0,10.050000190734863,10.0,10.050000190734863,15000,0.0,0.0
2024-05-17 01:10:00+00:00,10.0,10.0,9.979999542236328,10.0,230249,0.0,0.0
2024-05-17 01:15:00+00:00,10.050000190734863,10.050000190734863,10.0,10.0,17257,0.0,0.0
2024-05-17 01:20:00+00:00,10.0,10.050000190734863,10.0,10.050000190734863,57000,0.0,0.0
2024-05-17 01:25:00+00:00,10.0,10.0,10.0,10.0,52956,0.0,0.0
2024-05-17 01:30:00+00:00,10.050000190734863,10.050000190734863,10.0,10.050000190734863,16350,0.0,0.0
2024-05-17 01:35:00+00:00,10.050000190734863,10.100000381469727,10.050000190734863,10.100000381469727,57550,0.0,0.0
2024-05-17 01:40:00+00:00,10.100000381469727,10.100000381469727,10.050000190734863,10.100000381469727,12020,0.0,0.0
2024-05-17 01:45:00+00:00,10.100000381469727,10.100000381469727,10.050000190734863,10.100000381469727,6069,0.0,0.0
2024-05-17 01:50:00+00:00,10.100000381469727,10.100000381469727,10.100000381469727,10.100000381469727,11130,0.0,0.0
2024-05-17 01:55:00+00:00,10.050000190734863,10.100000381469727,10.050000190734863,10.050000190734863,82522,0.0,0.0
2024-05-17 02:00:00+00:00,10.100000381469727,10.100000381469727,10.050000190734863,10.100000381469727,28050,0.0,0.0
2024-05-17 02:05:00+00:00,10.100000381469727,10.100000381469727,10.100000381469727,10.100000381469727,7000,0.0,0.0
2024-05-17 02:10:00+00:00,10.100000381469727,10.100000381469727,10.050000190734863,10.050000190734863,98426,0.0,0.0
2024-05-17 02:15:00+00:00,10.050000190734863,10.100000381469727,10.050000190734863,10.100000381469727,44015,0.0,0.0
2024-05-17 02:20:00+00:00,10.100000381469727,10.100000381469727,10.100000381469727,10.100000381469727,8010,0.0,0.0
2024-05-17 02:25:00+00:00,10.100000381469727,10.100000381469727,10.100000381469727,10.100000381469727,25040,0.0,0.0
2024-05-17 02:30:00+00:00,10.050000190734863,10.100000381469727,10.050000190734863,10.050000190734863,58199,0.0,0.0
2024-05-17 02:35:00+00:00,10.050000190734863,10.050000190734863,10.0,10.050000190734863,19511,0.0,0.0
2024-05-17 02:40:00+00:00,10.050000190734863,10.050000190734863,10.0,10.050000190734863,6396,0.0,0.0
2024-05-17 02:45:00+00:00,10.050000190734863,10.050000190734863,10.0,10.050000190734863,9132,0.0,0.0
2024-05-17 02:50:00+00:00,10.050000190734863,10.050000190734863,10.0,10.050000190734863,25109,0.0,0.0
2024-05-17 02:55:00+00:00,10.050000190734863,10.050000190734863,10.050000190734863,10.050000190734863,7745,0.0,0.0
2024-05-17 03:00:00+00:00,10.050000190734863,10.050000190734863,10.050000190734863,10.050000190734863,7260,0.0,0.0
2024-05-17 03:05:00+00:00,10.0,10.050000190734863,10.0,10.050000190734863,13259,0.0,0.0
2024-05-17 03:10:00+00:00,10.050000190734863,10.050000190734863,10.0,10.050000190734863,6362,0.0,0.0
2024-05-17 03:15:00+00:00,10.050000190734863,10.050000190734863,10.0,10.050000190734863,40331,0.0,0.0
2024-05-17 03:20:00+00:00,10.050000190734863,10.050000190734863,10.0,10.0,17090,0.0,0.0
2024-05-17 03:25:00+00:00,10.050000190734863,10.050000190734863,10.050000190734863,10.050000190734863,15160,0.0,0.0
2024-05-17 03:30:00+00:00,10.050000190734863,10.050000190734863,10.0,10.050000190734863,17000,0.0,0.0
2024-05-17 03:35:00+00:00,10.050000190734863,10.050000190734863,10.0,10.0,7230,0.0,0.0
2024-05-17 03:40:00+00:00,10.0,10.050000190734863,10.0,10.050000190734863,68270,0.0,0.0
2024-05-17 03:45:00+00:00,10.050000190734863,10.050000190734863,10.0,10.0,15454,0.0,0.0
2024-05-17 03:50:00+00:00,10.0,10.050000190734863,10.0,10.050000190734863,15086,0.0,0.0
2024-05-17 03:55:00+00:00,10.050000190734863,10.050000190734863,10.0,10.050000190734863,39041,0.0,0.0
2024-05-17 04:00:00+00:00,10.050000190734863,10.050000190734863,10.050000190734863,10.050000190734863,16100,0.0,0.0
2024-05-17 04:05:00+00:00,10.050000190734863,10.050000190734863,10.050000190734863,10.050000190734863,5000,0.0,0.0
2024-05-17 04:10:00+00:00,10.050000190734863,10.050000190734863,10.050000190734863,10.050000190734863,7000,0.0,0.0
2024-05-17 04:15:00+00:00,10.050000190734863,10.050000190734863,10.0,10.050000190734863,14120,0.0,0.0
2024-05-17 04:20:00+00:00,10.050000190734863,10.050000190734863,10.0,10.050000190734863,16241,0.0,0.0
2024-05-17 04:25:00+00:00,10.0,10.050000190734863,10.0,10.050000190734863,8000,0.0,0.0
2024-05-17 04:30:00+00:00,10.050000190734863,10.050000190734863,10.050000190734863,10.050000190734863,18464,0.0,0.0
2024-05-17 04:35:00+00:00,10.050000190734863,10.050000190734863,10.0,10.0,30174,0.0,0.0
2024-05-17 04:40:00+00:00,10.0,10.050000190734863,10.0,10.050000190734863,16000,0.0,0.0
2024-05-17 04:45:00+00:00,10.050000190734863,10.050000190734863,10.050000190734863,10.050000190734863,28788,0.0,0.0
2024-05-17 04:50:00+00:00,10.050000190734863,10.050000190734863,10.0,10.050000190734863,11979,0.0,0.0
2024-05-17 04:55:00+00:00,10.0,10.050000190734863,10.0,10.050000190734863,12000,0.0,0.0
2024-05-17 05:00:00+00:00,10.050000190734863,10.050000190734863,10.050000190734863,10.050000190734863,48000,0.0,0.0
2024-05-17 05:05:00+00:00,10.0,10.050000190734863,10.0,10.050000190734863,26015,0.0,0.0
2024-05-17 05:10:00+00:00,10.050000190734863,10.050000190734863,10.0,10.050000190734863,12550,0.0,0.0
2024-05-17 05:15:00+00:00,10.050000190734863,10.050000190734863,10.0,10.050000190734863,46515,0.0,0.0
2024-05-17 05:20:00+00:00,10.050000190734863,10.100000381469727,10.0,10.0,131029,0.0,0.0
2024-05-20 01:00:00+00:00,10.100000381469727,10.100000381469727,10.050000190734863,10.050000190734863,0,0.0,0.0
2024-05-20 01:05:00+00:00,10.050000190734863,10.050000190734863,10.0,10.050000190734863,136030,0.0,0.0
2024-05-20 01:10:00+00:00,10.0,10.050000190734863,10.0,10.050000190734863,89000,0.0,0.0
2024-05-20 01:15:00+00:00,10.050000190734863,10.050000190734863,10.0,10.0,8000,0.0,0.0
2024-05-20 01:20:00+00:00,10.0,10.0,10.0,10.0,11199,0.0,0.0
2024-05-20 01:25:00+00:00,10.0,10.050000190734863,10.0,10.050000190734863,11000,0.0,0.0
2024-05-20 01:30:00+00:00,10.050000190734863,10.050000190734863,10.050000190734863,10.050000190734863,3280,0.0,0.0
2024-05-20 01:35:00+00:00,10.050000190734863,10.050000190734863,10.050000190734863,10.050000190734863,170000,0.0,0.0
2024-05-20 01:40:00+00:00,10.050000190734863,10.050000190734863,10.0,10.050000190734863,29000,0.0,0.0
2024-05-20 01:45:00+00:00,10.0,10.0,10.0,10.0,1600,0.0,0.0
2024-05-20 01:55:00+00:00,10.050000190734863,10.050000190734863,10.0,10.050000190734863,13024,0.0,0.0
2024-05-20 02:00:00+00:00,10.050000190734863,10.050000190734863,10.050000190734863,10.050000190734863,6070,0.0,0.0
2024-05-20 02:05:00+00:00,10.050000190734863,10.050000190734863,10.0,10.050000190734863,71060,0.0,0.0
2024-05-20 02:10:00+00:00,10.050000190734863,10.050000190734863,10.050000190734863,10.050000190734863,5120,0.0,0.0
2024-05-20 02:15:00+00:00,10.0,10.050000190734863,10.0,10.050000190734863,21544,0.0,0.0
2024-05-20 02:20:00+00:00,10.050000190734863,10.050000190734863,10.0,10.0,16000,0.0,0.0
2024-05-20 02:25:00+00:00,10.050000190734863,10.050000190734863,10.050000190734863,10.050000190734863,11200,0.0,0.0
2024-05-20 02:30:00+00:00,10.050000190734863,10.050000190734863,10.050000190734863,10.050000190734863,3000,0.0,0.0
2024-05-20 02:35:00+00:00,10.050000190734863,10.050000190734863,10.050000190734863,10.050000190734863,12127,0.0,0.0
2024-05-20 02:40:00+00:00,10.050000190734863,10.050000190734863,10.050000190734863,10.050000190734863,4000,0.0,0.0
2024-05-20 02:45:00+00:00,10.050000190734863,10.050000190734863,10.0,10.0,34000,0.0,0.0
2024-05-20 02:50:00+00:00,10.050000190734863,10.050000190734863,10.050000190734863,10.050000190734863,5224,0.0,0.0
2024-05-20 02:55:00+00:00,10.050000190734863,10.050000190734863,10.050000190734863,10.050000190734863,10067,0.0,0.0
2024-05-20 03:00:00+00:00,10.100000381469727,10.100000381469727,10.100000381469727,10.100000381469727,1133,0.0,0.0
2024-05-20 03:05:00+00:00,10.050000190734863,10.050000190734863,10.050000190734863,10.050000190734863,19440,0.0,0.0
2024-05-20 03:15:00+00:00,10.050000190734863,10.050000190734863,10.050000190734863,10.050000190734863,1101,0.0,0.0
2024-05-20 03:25:00+00:00,10.050000190734863,10.050000190734863,10.050000190734863,10.050000190734863,2000,0.0,0.0
2024-05-20 03:30:00+00:00,10.050000190734863,10.050000190734863,10.0,10.0,57060,0.0,0.0
2024-05-20 03:35:00+00:00,10.050000190734863,10.050000190734863,10.0,10.0,38000,0.0,0.0
2024-05-20 03:40:00+00:00,10.0,10.0,10.0,10.0,16000,0.0,0.0
2024-05-20 03:45:00+00:00,10.0,10.0,9.930000305175781,9.949999809265137,466200,0.0,0.0
2024-05-20 03:50:00+00:00,9.979999542236328,9.989999771118164,9.970000267028809,9.989999771118164,21648,0.0,0.0
2024-05-20 03:55:00+00:00,9.989999771118164,9.989999771118164,9.960000038146973,9.970000267028809,51378,0.0,0.0
2024-05-20 04:00:00+00:00,10.0,10.0,10.0,10.0,1100,0.0,0.0
2024-05-20 04:05:00+00:00,10.0,10.0,10.0,10.0,12114,0.0,0.0
2024-05-20 04:10:00+00:00,10.0,10.0,9.979999542236328,10.0,12200,0.0,0.0
2024-05-20 04:15:00+00:00,9.979999542236328,10.0,9.979999542236328,10.0,10059,0.0,0.0
2024-05-20 04:20:00+00:00,10.0,10.0,10.0,10.0,1000,0.0,0.0
2024-05-20 04:25:00+00:00,9.979999542236328,9.989999771118164,9.979999542236328,9.989999771118164,11015,0.0,0.0
2024-05-20 04:30:00+00:00,9.989999771118164,9.989999771118164,9.989999771118164,9.989999771118164,1000,0.0,0.0
2024-05-20 04:35:00+00:00,9.979999542236328,9.979999542236328,9.979999542236328,9.979999542236328,1000,0.0,0.0
2024-05-20 04:40:00+00:00,9.979999542236328,9.979999542236328,9.970000267028809,9.970000267028809,31189,0.0,0.0
2024-05-20 04:45:00+00:00,9.970000267028809,9.970000267028809,9.949999809265137,9.960000038146973,49000,0.0,0.0
2024-05-20 04:50:00+00:00,9.960000038146973,9.960000038146973,9.960000038146973,9.960000038146973,4000,0.0,0.0
2024-05-20 04:55:00+00:00,9.960000038146973,9.960000038146973,9.960000038146973,9.960000038146973,8750,0.0,0.0
2024-05-20 05:00:00+00:00,9.960000038146973,9.979999542236328,9.960000038146973,9.970000267028809,6450,0.0,0.0
2024-05-20 05:05:00+00:00,9.970000267028809,9.970000267028809,9.960000038146973,9.970000267028809,13110,0.0,0.0
2024-05-20 05:10:00+00:00,9.970000267028809,9.970000267028809,9.960000038146973,9.970000267028809,22000,0.0,0.0
2024-05-20 05:15:00+00:00,9.970000267028809,9.970000267028809,9.960000038146973,9.970000267028809,31000,0.0,0.0
2024-05-20 05:20:00+00:00,9.970000267028809,9.970000267028809,9.960000038146973,9.960000038146973,12425,0.0,0.0
2024-05-21 01:00:00+00:00,9.970000267028809,9.970000267028809,9.90999984741211,9.90999984741211,0,0.0,0.0
2024-05-21 01:05:00+00:00,9.90999984741211,9.949999809265137,9.90999984741211,9.949999809265137,9417,0.0,0.0
2024-05-21 01:10:00+00:00,9.9399995803833,9.949999809265137,9.9399995803833,9.949999809265137,14000,0.0,0.0
2024-05-21 01:15:00+00:00,9.949999809265137,9.949999809265137,9.90999984741211,9.90999984741211,42346,0.0,0.0
2024-05-21 01:20:00+00:00,9.90999984741211,9.930000305175781,9.90999984741211,9.90999984741211,39409,0.0,0.0
2024-05-21 01:25:00+00:00,9.899999618530273,9.899999618530273,9.869999885559082,9.869999885559082,94145,0.0,0.0
2024-05-21 01:30:00+00:00,9.859999656677246,9.869999885559082,9.850000381469727,9.859999656677246,72074,0.0,0.0
2024-05-21 01:35:00+00:00,9.859999656677246,9.869999885559082,9.859999656677246,9.859999656677246,25120,0.0,0.0
2024-05-21 01:40:00+00:00,9.859999656677246,9.859999656677246,9.829999923706055,9.829999923706055,68734,0.0,0.0
2024-05-21 01:45:00+00:00,9.829999923706055,9.829999923706055,9.800000190734863,9.8100004196167,115819,0.0,0.0
2024-05-21 01:50:00+00:00,9.819999694824219,9.819999694824219,9.819999694824219,9.819999694824219,14000,0.0,0.0
2024-05-21 01:55:00+00:00,9.819999694824219,9.819999694824219,9.8100004196167,9.819999694824219,37200,0.0,0.0
2024-05-21 02:00:00+00:00,9.8100004196167,9.8100004196167,9.779999732971191,9.789999961853027,104957,0.0,0.0
2024-05-21 02:05:00+00:00,9.789999961853027,9.789999961853027,9.760000228881836,9.779999732971191,51001,0.0,0.0
2024-05-21 02:10:00+00:00,9.760000228881836,9.779999732971191,9.760000228881836,9.779999732971191,14710,0.0,0.0
2024-05-21 02:15:00+00:00,9.779999732971191,9.800000190734863,9.779999732971191,9.800000190734863,12090,0.0,0.0
2024-05-21 02:20:00+00:00,9.800000190734863,9.800000190734863,9.800000190734863,9.800000190734863,13054,0.0,0.0
2024-05-21 02:25:00+00:00,9.800000190734863,9.800000190734863,9.800000190734863,9.800000190734863,5000,0.0,0.0
2024-05-21 02:30:00+00:00,9.819999694824219,9.819999694824219,9.789999961853027,9.800000190734863,29570,0.0,0.0
2024-05-21 02:35:00+00:00,9.800000190734863,9.800000190734863,9.789999961853027,9.789999961853027,24139,0.0,0.0
2024-05-21 02:40:00+00:00,9.800000190734863,9.800000190734863,9.789999961853027,9.789999961853027,13000,0.0,0.0
2024-05-21 02:45:00+00:00,9.800000190734863,9.800000190734863,9.779999732971191,9.779999732971191,16645,0.0,0.0
2024-05-21 02:50:00+00:00,9.779999732971191,9.779999732971191,9.779999732971191,9.779999732971191,32777,0.0,0.0
2024-05-21 02:55:00+00:00,9.800000190734863,9.800000190734863,9.800000190734863,9.800000190734863,1041,0.0,0.0
2024-05-21 03:00:00+00:00,9.779999732971191,9.779999732971191,9.779999732971191,9.779999732971191,7000,0.0,0.0
2024-05-21 03:05:00+00:00,9.770000457763672,9.779999732971191,9.760000228881836,9.760000228881836,20483,0.0,0.0
2024-05-21 03:10:00+00:00,9.760000228881836,9.760000228881836,9.760000228881836,9.760000228881836,2911,0.0,0.0
2024-05-21 03:15:00+00:00,9.779999732971191,9.779999732971191,9.779999732971191,9.779999732971191,7010,0.0,0.0
2024-05-21 03:20:00+00:00,9.770000457763672,9.770000457763672,9.770000457763672,9.770000457763672,5306,0.0,0.0
2024-05-21 03:25:00+00:00,9.770000457763672,9.779999732971191,9.770000457763672,9.770000457763672,18169,0.0,0.0
2024-05-21 03:30:00+00:00,9.770000457763672,9.779999732971191,9.770000457763672,9.779999732971191,2000,0.0,0.0
2024-05-21 03:35:00+00:00,9.779999732971191,9.800000190734863,9.779999732971191,9.800000190734863,82105,0.0,0.0
2024-05-21 03:40:00+00:00,9.819999694824219,9.819999694824219,9.819999694824219,9.819999694824219,16122,0.0,0.0
2024-05-21 03:45:00+00:00,9.819999694824219,9.819999694824219,9.8100004196167,9.8100004196167,13000,0.0,0.0
2024-05-21 03:50:00+00:00,9.800000190734863,9.800000190734863,9.779999732971191,9.779999732971191,18200,0.0,0.0
2024-05-21 03:55:00+00:00,9.800000190734863,9.800000190734863,9.779999732971191,9.779999732971191,2000,0.0,0.0
2024-05-21 04:00:00+00:00,9.800000190734863,9.800000190734863,9.800000190734863,9.800000190734863,2020,0.0,0.0
2024-05-21 04:05:00+00:00,9.800000190734863,9.800000190734863,9.800000190734863,9.800000190734863,7180,0.0,0.0
2024-05-21 04:10:00+00:00,9.800000190734863,9.800000190734863,9.800000190734863,9.800000190734863,2280,0.0,0.0
2024-05-21 04:15:00+00:00,9.800000190734863,9.800000190734863,9.789999961853027,9.789999961853027,8000,0.0,0.0
2024-05-21 04:20:00+00:00,9.779999732971191,9.779999732971191,9.770000457763672,9.770000457763672,33020,0.0,0.0
2024-05-21 04:25:00+00:00,9.770000457763672,9.770000457763672,9.770000457763672,9.770000457763672,2063,0.0,0.0
2024-05-21 04:30:00+00:00,9.779999732971191,9.779999732971191,9.770000457763672,9.770000457763672,4280,0.0,0.0
2024-05-21 04:40:00+00:00,9.770000457763672,9.789999961853027,9.770000457763672,9.770000457763672,18286,0.0,0.0
2024-05-21 04:50:00+00:00,9.789999961853027,9.789999961853027,9.789999961853027,9.789999961853027,3000,0.0,0.0
2024-05-21 04:55:00+00:00,9.789999961853027,9.789999961853027,9.779999732971191,9.779999732971191,6124,0.0,0.0
2024-05-21 05:00:00+00:00,9.779999732971191,9.779999732971191,9.779999732971191,9.779999732971191,5000,0.0,0.0
2024-05-21 05:05:00+00:00,9.789999961853027,9.789999961853027,9.789999961853027,9.789999961853027,14869,0.0,0.0
2024-05-21 05:10:00+00:00,9.789999961853027,9.789999961853027,9.789999961853027,9.789999961853027,2000,0.0,0.0
2024-05-21 05:15:00+00:00,9.779999732971191,9.800000190734863,9.779999732971191,9.800000190734863,6000,0.0,0.0
2024-05-21 05:20:00+00:00,9.800000190734863,9.800000190734863,9.789999961853027,9.789999961853027,34650,0.0,0.0
2024-05-22 01:00:00+00:00,9.800000190734863,9.859999656677246,9.789999961853027,9.859999656677246,0,0.0,0.0
2024-05-22 01:05:00+00:00,9.859999656677246,9.899999618530273,9.859999656677246,9.869999885559082,30000,0.0,0.0
2024-05-22 01:10:00+00:00,9.869999885559082,9.869999885559082,9.829999923706055,9.829999923706055,41134,0.0,0.0
2024-05-22 01:15:00+00:00,9.850000381469727,9.850000381469727,9.84000015258789,9.84000015258789,6020,0.0,0.0
2024-05-22 01:20:00+00:00,9.850000381469727,9.850000381469727,9.84000015258789,9.84000015258789,7000,0.0,0.0
2024-05-22 01:25:00+00:00,9.84000015258789,9.850000381469727,9.829999923706055,9.850000381469727,52041,0.0,0.0
2024-05-22 01:30:00+00:00,9.850000381469727,9.850000381469727,9.829999923706055,9.829999923706055,2000,0.0,0.0
2024-05-22 01:35:00+00:00,9.829999923706055,9.829999923706055,9.8100004196167,9.8100004196167,6100,0.0,0.0
2024-05-22 01:40:00+00:00,9.84000015258789,9.880000114440918,9.84000015258789,9.850000381469727,38000,0.0,0.0
2024-05-22 01:45:00+00:00,9.850000381469727,9.850000381469727,9.84000015258789,9.84000015258789,3000,0.0,0.0
2024-05-22 01:50:00+00:00,9.84000015258789,9.84000015258789,9.84000015258789,9.84000015258789,1100,0.0,0.0
2024-05-22 01:55:00+00:00,9.84000015258789,9.890000343322754,9.84000015258789,9.890000343322754,62000,0.0,0.0
2024-05-22 02:00:00+00:00,9.869999885559082,9.880000114440918,9.859999656677246,9.880000114440918,13007,0.0,0.0
2024-05-22 02:05:00+00:00,9.859999656677246,9.859999656677246,9.850000381469727,9.850000381469727,31400,0.0,0.0
2024-05-22 02:10:00+00:00,9.850000381469727,9.850000381469727,9.850000381469727,9.850000381469727,6000,0.0,0.0
2024-05-22 02:15:00+00:00,9.850000381469727,9.869999885559082,9.850000381469727,9.869999885559082,23383,0.0,0.0
2024-05-22 02:20:00+00:00,9.869999885559082,9.899999618530273,9.869999885559082,9.899999618530273,39000,0.0,0.0
2024-05-22 02:25:00+00:00,9.880000114440918,9.880000114440918,9.880000114440918,9.880000114440918,10496,0.0,0.0
2024-05-22 02:30:00+00:00,9.880000114440918,9.899999618530273,9.880000114440918,9.899999618530273,20000,0.0,0.0
2024-05-22 02:35:00+00:00,9.880000114440918,9.880000114440918,9.869999885559082,9.869999885559082,5040,0.0,0.0
2024-05-22 02:40:00+00:00,9.869999885559082,9.890000343322754,9.869999885559082,9.890000343322754,7000,0.0,0.0
2024-05-22 02:45:00+00:00,9.890000343322754,9.890000343322754,9.869999885559082,9.890000343322754,18089,0.0,0.0
2024-05-22 02:50:00+00:00,9.890000343322754,9.890000343322754,9.890000343322754,9.890000343322754,8000,0.0,0.0
2024-05-22 02:55:00+00:00,9.890000343322754,9.899999618530273,9.890000343322754,9.899999618530273,16080,0.0,0.0
2024-05-22 03:00:00+00:00,9.899999618530273,9.90999984741211,9.890000343322754,9.90999984741211,27000,0.0,0.0
2024-05-22 03:05:00+00:00,9.899999618530273,9.90999984741211,9.899999618530273,9.899999618530273,21011,0.0,0.0
2024-05-22 03:10:00+00:00,9.899999618530273,9.899999618530273,9.899999618530273,9.899999618530273,2071,0.0,0.0
2024-05-22 03:15:00+00:00,9.899999618530273,9.90999984741211,9.899999618530273,9.90999984741211,12100,0.0,0.0
2024-05-22 03:20:00+00:00,9.90999984741211,9.920000076293945,9.90999984741211,9.920000076293945,22100,0.0,0.0
2024-05-22 03:25:00+00:00,9.90999984741211,9.920000076293945,9.90999984741211,9.90999984741211,20000,0.0,0.0
2024-05-22 03:30:00+00:00,9.899999618530273,9.920000076293945,9.899999618530273,9.920000076293945,20372,0.0,0.0
2024-05-22 03:35:00+00:00,9.90999984741211,9.920000076293945,9.880000114440918,9.90999984741211,26015,0.0,0.0
2024-05-22 03:40:00+00:00,9.90999984741211,9.920000076293945,9.90999984741211,9.920000076293945,12150,0.0,0.0
2024-05-22 03:45:00+00:00,9.90999984741211,9.920000076293945,9.90999984741211,9.920000076293945,7051,0.0,0.0
2024-05-22 03:50:00+00:00,9.90999984741211,9.920000076293945,9.880000114440918,9.880000114440918,19179,0.0,0.0
2024-05-22 03:55:00+00:00,9.890000343322754,9.899999618530273,9.880000114440918,9.899999618530273,8000,0.0,0.0
2024-05-22 04:00:00+00:00,9.899999618530273,9.899999618530273,9.880000114440918,9.880000114440918,6180,0.0,0.0
2024-05-22 04:05:00+00:00,9.890000343322754,9.890000343322754,9.890000343322754,9.890000343322754,2139,0.0,0.0
2024-05-22 04:10:00+00:00,9.890000343322754,9.890000343322754,9.890000343322754,9.890000343322754,3210,0.0,0.0
2024-05-22 04:20:00+00:00,9.880000114440918,9.880000114440918,9.880000114440918,9.880000114440918,4235,0.0,0.0
2024-05-22 04:25:00+00:00,9.890000343322754,9.890000343322754,9.890000343322754,9.890000343322754,11063,0.0,0.0
2024-05-22 04:30:00+00:00,9.890000343322754,9.890000343322754,9.890000343322754,9.890000343322754,3000,0.0,0.0
2024-05-22 04:35:00+00:00,9.880000114440918,9.890000343322754,9.880000114440918,9.890000343322754,58362,0.0,0.0
2024-05-22 04:40:00+00:00,9.869999885559082,9.890000343322754,9.869999885559082,9.890000343322754,11000,0.0,0.0
2024-05-22 04:45:00+00:00,9.890000343322754,9.899999618530273,9.890000343322754,9.899999618530273,61516,0.0,0.0
2024-05-22 04:50:00+00:00,9.880000114440918,9.880000114440918,9.880000114440918,9.880000114440918,4735,0.0,0.0
2024-05-22 04:55:00+00:00,9.880000114440918,9.880000114440918,9.880000114440918,9.880000114440918,10000,0.0,0.0
2024-05-22 05:00:00+00:00,9.880000114440918,9.890000343322754,9.880000114440918,9.890000343322754,3282,0.0,0.0
2024-05-22 05:05:00+00:00,9.890000343322754,9.890000343322754,9.869999885559082,9.880000114440918,24000,0.0,0.0
2024-05-22 05:10:00+00:00,9.869999885559082,9.880000114440918,9.869999885559082,9.880000114440918,4592,0.0,0.0
2024-05-22 05:15:00+00:00,9.869999885559082,9.869999885559082,9.869999885559082,9.869999885559082,1429,0.0,0.0
2024-05-22 05:20:00+00:00,9.869999885559082,9.890000343322754,9.859999656677246,9.890000343322754,26100,0.0,0.0
2024-05-23 01:00:00+00:00,9.800000190734863,9.829999923706055,9.800000190734863,9.829999923706055,0,0.0,0.0
2024-05-23 01:05:00+00:00,9.8100004196167,9.8100004196167,9.8100004196167,9.8100004196167,1000,0.0,0.0
2024-05-23 01:10:00+00:00,9.819999694824219,9.819999694824219,9.789999961853027,9.789999961853027,126944,0.0,0.0
2024-05-23 01:15:00+00:00,9.789999961853027,9.789999961853027,9.779999732971191,9.779999732971191,28000,0.0,0.0
2024-05-23 01:20:00+00:00,9.779999732971191,9.779999732971191,9.770000457763672,9.779999732971191,73000,0.0,0.0
2024-05-23 01:25:00+00:00,9.789999961853027,9.789999961853027,9.789999961853027,9.789999961853027,9000,0.0,0.0
2024-05-23 01:30:00+00:00,9.789999961853027,9.800000190734863,9.789999961853027,9.800000190734863,13086,0.0,0.0
2024-05-23 01:35:00+00:00,9.800000190734863,9.8100004196167,9.800000190734863,9.8100004196167,19000,0.0,0.0
2024-05-23 01:40:00+00:00,9.829999923706055,9.869999885559082,9.819999694824219,9.819999694824219,11000,0.0,0.0
2024-05-23 01:45:00+00:00,9.819999694824219,9.829999923706055,9.8100004196167,9.829999923706055,12000,0.0,0.0
2024-05-23 01:50:00+00:00,9.829999923706055,9.829999923706055,9.800000190734863,9.800000190734863,30000,0.0,0.0
2024-05-23 02:00:00+00:00,9.819999694824219,9.829999923706055,9.800000190734863,9.800000190734863,88160,0.0,0.0
2024-05-23 02:05:00+00:00,9.800000190734863,9.800000190734863,9.779999732971191,9.779999732971191,80477,0.0,0.0
2024-05-23 02:10:00+00:00,9.779999732971191,9.779999732971191,9.760000228881836,9.770000457763672,66110,0.0,0.0
2024-05-23 02:15:00+00:00,9.779999732971191,9.779999732971191,9.770000457763672,9.770000457763672,14040,0.0,0.0
2024-05-23 02:20:00+00:00,9.779999732971191,9.779999732971191,9.779999732971191,9.779999732971191,10000,0.0,0.0
2024-05-23 02:30:00+00:00,9.779999732971191,9.779999732971191,9.760000228881836,9.760000228881836,34000,0.0,0.0
2024-05-23 02:35:00+00:00,9.770000457763672,9.770000457763672,9.75,9.75,101735,0.0,0.0
2024-05-23 02:40:00+00:00,9.75,9.75,9.75,9.75,12256,0.0,0.0
2024-05-23 02:45:00+00:00,9.75,9.760000228881836,9.739999771118164,9.739999771118164,31071,0.0,0.0
2024-05-23 02:50:00+00:00,9.739999771118164,9.75,9.739999771118164,9.739999771118164,11200,0.0,0.0
2024-05-23 02:55:00+00:00,9.739999771118164,9.739999771118164,9.729999542236328,9.739999771118164,11023,0.0,0.0
2024-05-23 03:00:00+00:00,9.75,9.760000228881836,9.739999771118164,9.739999771118164,43019,0.0,0.0
2024-05-23 03:05:00+00:00,9.739999771118164,9.760000228881836,9.739999771118164,9.760000228881836,15000,0.0,0.0
2024-05-23 03:10:00+00:00,9.760000228881836,9.760000228881836,9.729999542236328,9.739999771118164,33503,0.0,0.0
2024-05-23 03:15:00+00:00,9.779999732971191,9.779999732971191,9.75,9.760000228881836,23349,0.0,0.0
2024-05-23 03:20:00+00:00,9.75,9.75,9.75,9.75,1183,0.0,0.0
2024-05-23 03:25:00+00:00,9.760000228881836,9.760000228881836,9.760000228881836,9.760000228881836,5010,0.0,0.0
2024-05-23 03:35:00+00:00,9.760000228881836,9.760000228881836,9.760000228881836,9.760000228881836,2240,0.0,0.0
2024-05-23 03:45:00+00:00,9.760000228881836,9.760000228881836,9.760000228881836,9.760000228881836,3300,0.0,0.0
2024-05-23 04:00:00+00:00,9.779999732971191,9.789999961853027,9.779999732971191,9.779999732971191,15000,0.0,0.0
2024-05-23 04:05:00+00:00,9.779999732971191,9.779999732971191,9.770000457763672,9.770000457763672,25000,0.0,0.0
2024-05-23 04:10:00+00:00,9.770000457763672,9.770000457763672,9.770000457763672,9.770000457763672,14080,0.0,0.0
2024-05-23 04:15:00+00:00,9.770000457763672,9.770000457763672,9.770000457763672,9.770000457763672,2000,0.0,0.0
2024-05-23 04:20:00+00:00,9.770000457763672,9.770000457763672,9.760000228881836,9.760000228881836,14140,0.0,0.0
2024-05-23 04:30:00+00:00,9.760000228881836,9.760000228881836,9.760000228881836,9.760000228881836,13638,0.0,0.0
2024-05-23 04:35:00+00:00,9.760000228881836,9.760000228881836,9.75,9.760000228881836,12228,0.0,0.0
2024-05-23 04:40:00+00:00,9.760000228881836,9.779999732971191,9.760000228881836,9.779999732971191,12358,0.0,0.0
2024-05-23 04:45:00+00:00,9.770000457763672,9.770000457763672,9.770000457763672,9.770000457763672,3249,0.0,0.0
2024-05-23 04:50:00+00:00,9.770000457763672,9.779999732971191,9.75,9.779999732971191,12266,0.0,0.0
2024-05-23 04:55:00+00:00,9.770000457763672,9.770000457763672,9.770000457763672,9.770000457763672,3113,0.0,0.0
2024-05-23 05:00:00+00:00,9.760000228881836,9.760000228881836,9.75,9.75,10370,0.0,0.0
2024-05-23 05:05:00+00:00,9.760000228881836,9.760000228881836,9.760000228881836,9.760000228881836,14000,0.0,0.0
2024-05-23 05:10:00+00:00,9.770000457763672,9.770000457763672,9.760000228881836,9.760000228881836,10461,0.0,0.0
2024-05-23 05:15:00+00:00,9.75,9.75,9.75,9.75,6024,0.0,0.0
2024-05-23 05:20:00+00:00,9.75,9.770000457763672,9.739999771118164,9.760000228881836,56559,0.0,0.0
2024-05-24 01:00:00+00:00,9.699999809265137,9.699999809265137,9.670000076293945,9.670000076293945,0,0.0,0.0
2024-05-24 01:05:00+00:00,9.680000305175781,9.699999809265137,9.680000305175781,9.699999809265137,5000,0.0,0.0
2024-05-24 01:10:00+00:00,9.699999809265137,9.710000038146973,9.6899995803833,9.699999809265137,160481,0.0,0.0
2024-05-24 01:15:00+00:00,9.699999809265137,9.699999809265137,9.699999809265137,9.699999809265137,3215,0.0,0.0
2024-05-24 01:20:00+00:00,9.710000038146973,9.739999771118164,9.710000038146973,9.720000267028809,58012,0.0,0.0
2024-05-24 01:25:00+00:00,9.720000267028809,9.720000267028809,9.710000038146973,9.710000038146973,6000,0.0,0.0
2024-05-24 01:30:00+00:00,9.710000038146973,9.710000038146973,9.699999809265137,9.699999809265137,7501,0.0,0.0
2024-05-24 01:35:00+00:00,9.699999809265137,9.699999809265137,9.699999809265137,9.699999809265137,13793,0.0,0.0
2024-05-24 01:40:00+00:00,9.710000038146973,9.710000038146973,9.710000038146973,9.710000038146973,3000,0.0,0.0
2024-05-24 01:45:00+00:00,9.699999809265137,9.710000038146973,9.699999809265137,9.710000038146973,113243,0.0,0.0
2024-05-24 01:50:00+00:00,9.699999809265137,9.710000038146973,9.699999809265137,9.699999809265137,15100,0.0,0.0
2024-05-24 01:55:00+00:00,9.699999809265137,9.699999809265137,9.699999809265137,9.699999809265137,3020,0.0,0.0
2024-05-24 02:00:00+00:00,9.720000267028809,9.720000267028809,9.699999809265137,9.699999809265137,18200,0.0,0.0
2024-05-24 02:05:00+00:00,9.729999542236328,9.739999771118164,9.720000267028809,9.720000267028809,30210,0.0,0.0
2024-05-24 02:10:00+00:00,9.710000038146973,9.729999542236328,9.710000038146973,9.729999542236328,7130,0.0,0.0
2024-05-24 02:15:00+00:00,9.729999542236328,9.739999771118164,9.729999542236328,9.739999771118164,4000,0.0,0.0
2024-05-24 02:20:00+00:00,9.739999771118164,9.739999771118164,9.739999771118164,9.739999771118164,7300,0.0,0.0
2024-05-24 02:25:00+00:00,9.739999771118164,9.739999771118164,9.739999771118164,9.739999771118164,9730,0.0,0.0
2024-05-24 02:30:00+00:00,9.739999771118164,9.739999771118164,9.739999771118164,9.739999771118164,6027,0.0,0.0
2024-05-24 02:35:00+00:00,9.729999542236328,9.729999542236328,9.729999542236328,9.729999542236328,2000,0.0,0.0
2024-05-24 02:45:00+00:00,9.729999542236328,9.729999542236328,9.729999542236328,9.729999542236328,17366,0.0,0.0
2024-05-24 02:50:00+00:00,9.729999542236328,9.729999542236328,9.729999542236328,9.729999542236328,1000,0.0,0.0
2024-05-24 02:55:00+00:00,9.729999542236328,9.729999542236328,9.729999542236328,9.729999542236328,14519,0.0,0.0
2024-05-24 03:05:00+00:00,9.739999771118164,9.739999771118164,9.739999771118164,9.739999771118164,7748,0.0,0.0
2024-05-24 03:15:00+00:00,9.739999771118164,9.739999771118164,9.739999771118164,9.739999771118164,16252,0.0,0.0
2024-05-24 03:25:00+00:00,9.739999771118164,9.739999771118164,9.739999771118164,9.739999771118164,1005,0.0,0.0
2024-05-24 03:30:00+00:00,9.729999542236328,9.729999542236328,9.729999542236328,9.729999542236328,3100,0.0,0.0
2024-05-24 03:35:00+00:00,9.729999542236328,9.729999542236328,9.729999542236328,9.729999542236328,18367,0.0,0.0
2024-05-24 03:45:00+00:00,9.729999542236328,9.729999542236328,9.729999542236328,9.729999542236328,1064,0.0,0.0
2024-05-24 03:50:00+00:00,9.720000267028809,9.729999542236328,9.720000267028809,9.729999542236328,16294,0.0,0.0
2024-05-24 03:55:00+00:00,9.729999542236328,9.729999542236328,9.720000267028809,9.720000267028809,5332,0.0,0.0
2024-05-24 04:00:00+00:00,9.720000267028809,9.720000267028809,9.720000267028809,9.720000267028809,8090,0.0,0.0
2024-05-24 04:05:00+00:00,9.729999542236328,9.729999542236328,9.729999542236328,9.729999542236328,1000,0.0,0.0
2024-05-24 04:10:00+00:00,9.739999771118164,9.739999771118164,9.739999771118164,9.739999771118164,14000,0.0,0.0
2024-05-24 04:15:00+00:00,9.75,9.760000228881836,9.75,9.75,63000,0.0,0.0
2024-05-24 04:20:00+00:00,9.75,9.75,9.75,9.75,6000,0.0,0.0
2024-05-24 04:25:00+00:00,9.75,9.75,9.739999771118164,9.739999771118164,22000,0.0,0.0
2024-05-24 04:30:00+00:00,9.739999771118164,9.739999771118164,9.739999771118164,9.739999771118164,1100,0.0,0.0
2024-05-24 04:35:00+00:00,9.739999771118164,9.739999771118164,9.739999771118164,9.739999771118164,1080,0.0,0.0
2024-05-24 04:40:00+00:00,9.739999771118164,9.739999771118164,9.739999771118164,9.739999771118164,5140,0.0,0.0
2024-05-24 04:45:00+00:00,9.729999542236328,9.729999542236328,9.729999542236328,9.729999542236328,1000,0.0,0.0
2024-05-24 04:50:00+00:00,9.729999542236328,9.729999542236328,9.729999542236328,9.729999542236328,19160,0.0,0.0
2024-05-24 05:00:00+00:00,9.739999771118164,9.739999771118164,9.739999771118164,9.739999771118164,4398,0.0,0.0
2024-05-24 05:05:00+00:00,9.729999542236328,9.739999771118164,9.729999542236328,9.739999771118164,23002,0.0,0.0
2024-05-24 05:10:00+00:00,9.739999771118164,9.739999771118164,9.729999542236328,9.729999542236328,25000,0.0,0.0
2024-05-24 05:15:00+00:00,9.729999542236328,9.75,9.729999542236328,9.75,7200,0.0,0.0
2024-05-24 05:20:00+00:00,9.729999542236328,9.75,9.729999542236328,9.729999542236328,25260,0.0,0.0
2024-05-27 01:00:00+00:00,9.75,9.75,9.75,9.75,0,0.0,0.0
2024-05-27 01:05:00+00:00,9.75,9.829999923706055,9.75,9.829999923706055,34271,0.0,0.0
2024-05-27 01:10:00+00:00,9.760000228881836,9.760000228881836,9.729999542236328,9.729999542236328,22097,0.0,0.0
2024-05-27 01:15:00+00:00,9.729999542236328,9.770000457763672,9.720000267028809,9.720000267028809,45669,0.0,0.0
2024-05-27 01:20:00+00:00,9.720000267028809,9.729999542236328,9.720000267028809,9.720000267028809,15300,0.0,0.0
2024-05-27 01:25:00+00:00,9.75,9.75,9.710000038146973,9.710000038146973,23296,0.0,0.0
2024-05-27 01:30:00+00:00,9.729999542236328,9.75,9.729999542236328,9.75,12000,0.0,0.0
2024-05-27 01:35:00+00:00,9.729999542236328,9.729999542236328,9.720000267028809,9.720000267028809,3065,0.0,0.0
2024-05-27 01:40:00+00:00,9.720000267028809,9.720000267028809,9.720000267028809,9.720000267028809,2200,0.0,0.0
2024-05-27 01:45:00+00:00,9.729999542236328,9.729999542236328,9.699999809265137,9.699999809265137,54809,0.0,0.0
2024-05-27 01:55:00+00:00,9.710000038146973,9.760000228881836,9.710000038146973,9.760000228881836,6000,0.0,0.0
2024-05-27 02:00:00+00:00,9.710000038146973,9.710000038146973,9.710000038146973,9.710000038146973,23000,0.0,0.0
2024-05-27 02:05:00+00:00,9.760000228881836,9.770000457763672,9.760000228881836,9.770000457763672,10826,0.0,0.0
2024-05-27 02:10:00+00:00,9.770000457763672,9.770000457763672,9.770000457763672,9.770000457763672,1244,0.0,0.0
2024-05-27 02:15:00+00:00,9.739999771118164,9.770000457763672,9.739999771118164,9.770000457763672,8129,0.0,0.0
2024-05-27 02:20:00+00:00,9.770000457763672,9.770000457763672,9.770000457763672,9.770000457763672,6725,0.0,0.0
2024-05-27 02:30:00+00:00,9.770000457763672,9.770000457763672,9.760000228881836,9.770000457763672,9200,0.0,0.0
2024-05-27 02:35:00+00:00,9.770000457763672,9.779999732971191,9.770000457763672,9.779999732971191,9237,0.0,0.0
2024-05-27 02:45:00+00:00,9.779999732971191,9.779999732971191,9.770000457763672,9.770000457763672,6102,0.0,0.0
2024-05-27 02:50:00+00:00,9.760000228881836,9.770000457763672,9.760000228881836,9.770000457763672,6000,0.0,0.0
2024-05-27 02:55:00+00:00,9.760000228881836,9.770000457763672,9.75,9.770000457763672,7740,0.0,0.0
2024-05-27 03:00:00+00:00,9.75,9.75,9.75,9.75,1021,0.0,0.0
2024-05-27 03:05:00+00:00,9.760000228881836,9.770000457763672,9.760000228881836,9.770000457763672,12062,0.0,0.0
2024-05-27 03:15:00+00:00,9.770000457763672,9.8100004196167,9.760000228881836,9.8100004196167,133348,0.0,0.0
2024-05-27 03:20:00+00:00,9.8100004196167,9.8100004196167,9.8100004196167,9.8100004196167,7381,0.0,0.0
2024-05-27 03:30:00+00:00,9.8100004196167,9.8100004196167,9.8100004196167,9.8100004196167,2063,0.0,0.0
2024-05-27 03:40:00+00:00,9.8100004196167,9.8100004196167,9.8100004196167,9.8100004196167,8000,0.0,0.0
2024-05-27 03:45:00+00:00,9.800000190734863,9.800000190734863,9.800000190734863,9.800000190734863,10000,0.0,0.0
2024-05-27 03:50:00+00:00,9.800000190734863,9.800000190734863,9.800000190734863,9.800000190734863,4098,0.0,0.0
2024-05-27 04:00:00+00:00,9.789999961853027,9.789999961853027,9.789999961853027,9.789999961853027,21000,0.0,0.0
2024-05-27 04:05:00+00:00,9.789999961853027,9.789999961853027,9.789999961853027,9.789999961853027,1322,0.0,0.0
2024-05-27 04:10:00+00:00,9.779999732971191,9.789999961853027,9.779999732971191,9.789999961853027,4200,0.0,0.0
2024-05-27 04:15:00+00:00,9.779999732971191,9.779999732971191,9.779999732971191,9.779999732971191,3000,0.0,0.0
2024-05-27 04:20:00+00:00,9.779999732971191,9.779999732971191,9.779999732971191,9.779999732971191,4130,0.0,0.0
2024-05-27 04:25:00+00:00,9.779999732971191,9.779999732971191,9.779999732971191,9.779999732971191,28240,0.0,0.0
2024-05-27 04:35:00+00:00,9.779999732971191,9.779999732971191,9.779999732971191,9.779999732971191,1763,0.0,0.0
2024-05-27 04:45:00+00:00,9.770000457763672,9.770000457763672,9.760000228881836,9.760000228881836,7875,0.0,0.0
2024-05-27 04:50:00+00:00,9.760000228881836,9.760000228881836,9.760000228881836,9.760000228881836,30000,0.0,0.0
2024-05-27 04:55:00+00:00,9.760000228881836,9.779999732971191,9.760000228881836,9.770000457763672,32108,0.0,0.0
2024-05-27 05:00:00+00:00,9.760000228881836,9.770000457763672,9.720000267028809,9.729999542236328,112038,0.0,0.0
2024-05-27 05:05:00+00:00,9.720000267028809,9.739999771118164,9.720000267028809,9.739999771118164,7083,0.0,0.0
2024-05-27 05:10:00+00:00,9.739999771118164,9.75,9.720000267028809,9.75,118400,0.0,0.0
2024-05-27 05:15:00+00:00,9.760000228881836,9.760000228881836,9.720000267028809,9.75,17000,0.0,0.0
2024-05-27 05:20:00+00:00,9.720000267028809,9.760000228881836,9.720000267028809,9.760000228881836,24400,0.0,0.0
2024-05-28 01:00:00+00:00,9.739999771118164,9.819999694824219,9.739999771118164,9.8100004196167,0,0.0,0.0
2024-05-28 01:05:00+00:00,9.8100004196167,9.8100004196167,9.789999961853027,9.800000190734863,20260,0.0,0.0
2024-05-28 01:10:00+00:00,9.800000190734863,9.800000190734863,9.789999961853027,9.789999961853027,6640,0.0,0.0
2024-05-28 01:15:00+00:00,9.800000190734863,9.800000190734863,9.789999961853027,9.800000190734863,9040,0.0,0.0
2024-05-28 01:20:00+00:00,9.800000190734863,9.8100004196167,9.800000190734863,9.800000190734863,7000,0.0,0.0
2024-05-28 01:25:00+00:00,9.800000190734863,9.8100004196167,9.800000190734863,9.8100004196167,8250,0.0,0.0
2024-05-28 01:30:00+00:00,9.789999961853027,9.789999961853027,9.770000457763672,9.770000457763672,34130,0.0,0.0
2024-05-28 01:35:00+00:00,9.760000228881836,9.760000228881836,9.760000228881836,9.760000228881836,5408,0.0,0.0
2024-05-28 01:40:00+00:00,9.800000190734863,9.800000190734863,9.800000190734863,9.800000190734863,6130,0.0,0.0
2024-05-28 01:45:00+00:00,9.800000190734863,9.800000190734863,9.800000190734863,9.800000190734863,17000,0.0,0.0
2024-05-28 01:50:00+00:00,9.789999961853027,9.800000190734863,9.770000457763672,9.800000190734863,21335,0.0,0.0
2024-05-28 01:55:00+00:00,9.800000190734863,9.829999923706055,9.800000190734863,9.8100004196167,165000,0.0,0.0
2024-05-28 02:00:00+00:00,9.8100004196167,9.819999694824219,9.8100004196167,9.819999694824219,30075,0.0,0.0
2024-05-28 02:05:00+00:00,9.819999694824219,9.819999694824219,9.8100004196167,9.8100004196167,50194,0.0,0.0
2024-05-28 02:10:00+00:00,9.819999694824219,9.819999694824219,9.8100004196167,9.8100004196167,29126,0.0,0.0
2024-05-28 02:15:00+00:00,9.819999694824219,9.84000015258789,9.819999694824219,9.84000015258789,86000,0.0,0.0
2024-05-28 02:20:00+00:00,9.84000015258789,9.84000015258789,9.819999694824219,9.829999923706055,26150,0.0,0.0
2024-05-28 02:25:00+00:00,9.829999923706055,9.829999923706055,9.829999923706055,9.829999923706055,21000,0.0,0.0
2024-05-28 02:30:00+00:00,9.829999923706055,9.829999923706055,9.819999694824219,9.819999694824219,2000,0.0,0.0
2024-05-28 02:35:00+00:00,9.8100004196167,9.8100004196167,9.8100004196167,9.8100004196167,4000,0.0,0.0
2024-05-28 02:40:00+00:00,9.819999694824219,9.819999694824219,9.8100004196167,9.8100004196167,5011,0.0,0.0
2024-05-28 02:45:00+00:00,9.829999923706055,9.84000015258789,9.829999923706055,9.84000015258789,56055,0.0,0.0
2024-05-28 02:50:00+00:00,9.84000015258789,9.869999885559082,9.84000015258789,9.869999885559082,126300,0.0,0.0
2024-05-28 02:55:00+00:00,9.859999656677246,9.859999656677246,9.84000015258789,9.84000015258789,25173,0.0,0.0
2024-05-28 03:00:00+00:00,9.84000015258789,9.850000381469727,9.84000015258789,9.84000015258789,5000,0.0,0.0
2024-05-28 03:05:00+00:00,9.850000381469727,9.850000381469727,9.829999923706055,9.829999923706055,18000,0.0,0.0
2024-05-28 03:10:00+00:00,9.829999923706055,9.829999923706055,9.829999923706055,9.829999923706055,19000,0.0,0.0
2024-05-28 03:15:00+00:00,9.829999923706055,9.829999923706055,9.819999694824219,9.819999694824219,28251,0.0,0.0
2024-05-28 03:20:00+00:00,9.829999923706055,9.829999923706055,9.819999694824219,9.829999923706055,55170,0.0,0.0
2024-05-28 03:25:00+00:00,9.84000015258789,9.84000015258789,9.84000015258789,9.84000015258789,23000,0.0,0.0
2024-05-28 03:30:00+00:00,9.84000015258789,9.84000015258789,9.84000015258789,9.84000015258789,11515,0.0,0.0
2024-05-28 03:35:00+00:00,9.84000015258789,9.84000015258789,9.84000015258789,9.84000015258789,3000,0.0,0.0
2024-05-28 03:40:00+00:00,9.84000015258789,9.850000381469727,9.84000015258789,9.850000381469727,11000,0.0,0.0
2024-05-28 03:45:00+00:00,9.850000381469727,9.850000381469727,9.850000381469727,9.850000381469727,24242,0.0,0.0
2024-05-28 03:50:00+00:00,9.850000381469727,9.859999656677246,9.850000381469727,9.859999656677246,9380,0.0,0.0
2024-05-28 03:55:00+00:00,9.859999656677246,9.859999656677246,9.850000381469727,9.850000381469727,11592,0.0,0.0
2024-05-28 04:00:00+00:00,9.850000381469727,9.859999656677246,9.850000381469727,9.859999656677246,11000,0.0,0.0
2024-05-28 04:05:00+00:00,9.859999656677246,9.859999656677246,9.859999656677246,9.859999656677246,60299,0.0,0.0
2024-05-28 04:10:00+00:00,9.859999656677246,9.869999885559082,9.859999656677246,9.869999885559082,20200,0.0,0.0
2024-05-28 04:15:00+00:00,9.869999885559082,9.869999885559082,9.869999885559082,9.869999885559082,15200,0.0,0.0
2024-05-28 04:20:00+00:00,9.869999885559082,9.880000114440918,9.869999885559082,9.869999885559082,47795,0.0,0.0
2024-05-28 04:25:00+00:00,9.869999885559082,9.880000114440918,9.869999885559082,9.880000114440918,13000,0.0,0.0
2024-05-28 04:30:00+00:00,9.880000114440918,9.880000114440918,9.869999885559082,9.869999885559082,21388,0.0,0.0
2024-05-28 04:35:00+00:00,9.869999885559082,9.869999885559082,9.869999885559082,9.869999885559082,1240,0.0,0.0
2024-05-28 04:40:00+00:00,9.869999885559082,9.869999885559082,9.869999885559082,9.869999885559082,2000,0.0,0.0
2024-05-28 04:45:00+00:00,9.869999885559082,9.880000114440918,9.869999885559082,9.880000114440918,12000,0.0,0.0
2024-05-28 04:50:00+00:00,9.869999885559082,9.869999885559082,9.859999656677246,9.869999885559082,14572,0.0,0.0
2024-05-28 04:55:00+00:00,9.869999885559082,9.880000114440918,9.869999885559082,9.880000114440918,16054,0.0,0.0
2024-05-28 05:00:00+00:00,9.869999885559082,9.880000114440918,9.859999656677246,9.869999885559082,34261,0.0,0.0
2024-05-28 05:05:00+00:00,9.869999885559082,9.880000114440918,9.869999885559082,9.880000114440918,61115,0.0,0.0
2024-05-28 05:10:00+00:00,9.880000114440918,9.880000114440918,9.859999656677246,9.869999885559082,91099,0.0,0.0
2024-05-28 05:15:00+00:00,9.880000114440918,9.880000114440918,9.869999885559082,9.869999885559082,30272,0.0,0.0
2024-05-28 05:20:00+00:00,9.869999885559082,9.869999885559082,9.850000381469727,9.850000381469727,27881,0.0,0.0
2024-05-29 01:00:00+00:00,9.869999885559082,9.869999885559082,9.850000381469727,9.859999656677246,31000,0.0,0.0
2024-05-29 01:05:00+00:00,9.859999656677246,9.859999656677246,9.859999656677246,9.859999656677246,8404,0.0,0.0
2024-05-29 01:10:00+00:00,9.850000381469727,9.850000381469727,9.819999694824219,9.819999694824219,41765,0.0,0.0
2024-05-29 01:15:00+00:00,9.819999694824219,9.829999923706055,9.819999694824219,9.819999694824219,23001,0.0,0.0
2024-05-29 01:20:00+00:00,9.829999923706055,9.829999923706055,9.8100004196167,9.8100004196167,28400,0.0,0.0
2024-05-29 01:25:00+00:00,9.819999694824219,9.819999694824219,9.819999694824219,9.819999694824219,12000,0.0,0.0
2024-05-29 01:30:00+00:00,9.819999694824219,9.819999694824219,9.819999694824219,9.819999694824219,3005,0.0,0.0
2024-05-29 01:35:00+00:00,9.829999923706055,9.829999923706055,9.8100004196167,9.8100004196167,57900,0.0,0.0
2024-05-29 01:40:00+00:00,9.8100004196167,9.8100004196167,9.8100004196167,9.8100004196167,26520,0.0,0.0
2024-05-29 01:50:00+00:00,9.829999923706055,9.84000015258789,9.829999923706055,9.829999923706055,16000,0.0,0.0
2024-05-29 01:55:00+00:00,9.829999923706055,9.829999923706055,9.819999694824219,9.829999923706055,17480,0.0,0.0
2024-05-29 02:00:00+00:00,9.819999694824219,9.819999694824219,9.8100004196167,9.8100004196167,40072,0.0,0.0
2024-05-29 02:05:00+00:00,9.819999694824219,9.819999694824219,9.8100004196167,9.8100004196167,10000,0.0,0.0
2024-05-29 02:10:00+00:00,9.8100004196167,9.819999694824219,9.8100004196167,9.8100004196167,6600,0.0,0.0
2024-05-29 02:15:00+00:00,9.829999923706055,9.829999923706055,9.829999923706055,9.829999923706055,9000,0.0,0.0
2024-05-29 02:20:00+00:00,9.84000015258789,9.84000015258789,9.84000015258789,9.84000015258789,3050,0.0,0.0
2024-05-29 02:25:00+00:00,9.84000015258789,9.84000015258789,9.829999923706055,9.829999923706055,11905,0.0,0.0
2024-05-29 02:30:00+00:00,9.829999923706055,9.829999923706055,9.829999923706055,9.829999923706055,4254,0.0,0.0
2024-05-29 02:35:00+00:00,9.829999923706055,9.829999923706055,9.829999923706055,9.829999923706055,1120,0.0,0.0
2024-05-29 02:40:00+00:00,9.819999694824219,9.819999694824219,9.8100004196167,9.819999694824219,43328,0.0,0.0
2024-05-29 02:50:00+00:00,9.819999694824219,9.819999694824219,9.819999694824219,9.819999694824219,8060,0.0,0.0
2024-05-29 02:55:00+00:00,9.8100004196167,9.8100004196167,9.8100004196167,9.8100004196167,1344,0.0,0.0
2024-05-29 03:00:00+00:00,9.8100004196167,9.8100004196167,9.8100004196167,9.8100004196167,39070,0.0,0.0
2024-05-29 03:05:00+00:00,9.8100004196167,9.8100004196167,9.8100004196167,9.8100004196167,11556,0.0,0.0
2024-05-29 03:10:00+00:00,9.8100004196167,9.8100004196167,9.800000190734863,9.800000190734863,60008,0.0,0.0
2024-05-29 03:20:00+00:00,9.8100004196167,9.8100004196167,9.8100004196167,9.8100004196167,3000,0.0,0.0
2024-05-29 03:25:00+00:00,9.8100004196167,9.8100004196167,9.800000190734863,9.800000190734863,13616,0.0,0.0
2024-05-29 03:35:00+00:00,9.800000190734863,9.800000190734863,9.800000190734863,9.800000190734863,3000,0.0,0.0
2024-05-29 03:40:00+00:00,9.800000190734863,9.800000190734863,9.789999961853027,9.789999961853027,44000,0.0,0.0
2024-05-29 03:45:00+00:00,9.789999961853027,9.789999961853027,9.789999961853027,9.789999961853027,13000,0.0,0.0
2024-05-29 03:50:00+00:00,9.789999961853027,9.789999961853027,9.779999732971191,9.779999732971191,21212,0.0,0.0
2024-05-29 03:55:00+00:00,9.779999732971191,9.779999732971191,9.779999732971191,9.779999732971191,3000,0.0,0.0
2024-05-29 04:00:00+00:00,9.779999732971191,9.789999961853027,9.779999732971191,9.789999961853027,2379,0.0,0.0
2024-05-29 04:05:00+00:00,9.789999961853027,9.800000190734863,9.789999961853027,9.800000190734863,17020,0.0,0.0
2024-05-29 04:10:00+00:00,9.789999961853027,9.789999961853027,9.789999961853027,9.789999961853027,2000,0.0,0.0
2024-05-29 04:15:00+00:00,9.800000190734863,9.800000190734863,9.800000190734863,9.800000190734863,13034,0.0,0.0
2024-05-29 04:20:00+00:00,9.800000190734863,9.800000190734863,9.800000190734863,9.800000190734863,9262,0.0,0.0
2024-05-29 04:25:00+00:00,9.800000190734863,9.800000190734863,9.800000190734863,9.800000190734863,2000,0.0,0.0
2024-05-29 04:30:00+00:00,9.800000190734863,9.800000190734863,9.800000190734863,9.800000190734863,1000,0.0,0.0
2024-05-29 04:35:00+00:00,9.800000190734863,9.800000190734863,9.800000190734863,9.800000190734863,2015,0.0,0.0
2024-05-29 04:40:00+00:00,9.800000190734863,9.800000190734863,9.800000190734863,9.800000190734863,1000,0.0,0.0
2024-05-29 04:45:00+00:00,9.8100004196167,9.8100004196167,9.8100004196167,9.8100004196167,3460,0.0,0.0
2024-05-29 04:50:00+00:00,9.8100004196167,9.8100004196167,9.8100004196167,9.8100004196167,1000,0.0,0.0
2024-05-29 04:55:00+00:00,9.8100004196167,9.8100004196167,9.8100004196167,9.8100004196167,5685,0.0,0.0
2024-05-29 05:00:00+00:00,9.8100004196167,9.8100004196167,9.800000190734863,9.8100004196167,14000,0.0,0.0
2024-05-29 05:05:00+00:00,9.8100004196167,9.819999694824219,9.8100004196167,9.819999694824219,9000,0.0,0.0
2024-05-29 05:10:00+00:00,9.8100004196167,9.819999694824219,9.789999961853027,9.789999961853027,54075,0.0,0.0
2024-05-29 05:15:00+00:00,9.800000190734863,9.800000190734863,9.800000190734863,9.800000190734863,1100,0.0,0.0
2024-05-29 05:20:00+00:00,9.8100004196167,9.819999694824219,9.789999961853027,9.789999961853027,21904,0.0,0.0
2024-05-30 01:00:00+00:00,9.789999961853027,9.789999961853027,9.75,9.75,0,0.0,0.0
2024-05-30 01:05:00+00:00,9.75,9.770000457763672,9.75,9.760000228881836,23781,0.0,0.0
2024-05-30 01:10:00+00:00,9.760000228881836,9.779999732971191,9.75,9.779999732971191,116072,0.0,0.0
2024-05-30 01:15:00+00:00,9.789999961853027,9.850000381469727,9.770000457763672,9.850000381469727,73500,0.0,0.0
2024-05-30 01:20:00+00:00,9.859999656677246,9.869999885559082,9.850000381469727,9.869999885559082,82551,0.0,0.0
2024-05-30 01:25:00+00:00,9.880000114440918,9.930000305175781,9.880000114440918,9.930000305175781,72200,0.0,0.0
2024-05-30 01:30:00+00:00,9.9399995803833,9.949999809265137,9.920000076293945,9.930000305175781,87338,0.0,0.0
2024-05-30 01:35:00+00:00,9.930000305175781,9.960000038146973,9.920000076293945,9.960000038146973,127280,0.0,0.0
2024-05-30 01:40:00+00:00,9.949999809265137,9.989999771118164,9.949999809265137,9.979999542236328,137190,0.0,0.0
2024-05-30 01:45:00+00:00,9.979999542236328,9.989999771118164,9.970000267028809,9.979999542236328,54100,0.0,0.0
2024-05-30 01:50:00+00:00,9.979999542236328,10.050000190734863,9.979999542236328,10.050000190734863,240300,0.0,0.0
2024-05-30 01:55:00+00:00,10.0,10.050000190734863,9.979999542236328,9.979999542236328,134420,0.0,0.0
2024-05-30 02:00:00+00:00,10.0,10.0,9.989999771118164,9.989999771118164,58400,0.0,0.0
2024-05-30 02:05:00+00:00,9.989999771118164,9.989999771118164,9.979999542236328,9.989999771118164,34474,0.0,0.0
2024-05-30 02:10:00+00:00,9.989999771118164,10.0,9.979999542236328,9.979999542236328,96640,0.0,0.0
2024-05-30 02:15:00+00:00,9.989999771118164,9.989999771118164,9.989999771118164,9.989999771118164,166483,0.0,0.0
2024-05-30 02:20:00+00:00,9.989999771118164,9.989999771118164,9.970000267028809,9.970000267028809,58000,0.0,0.0
2024-05-30 02:25:00+00:00,9.970000267028809,9.979999542236328,9.949999809265137,9.949999809265137,27249,0.0,0.0
2024-05-30 02:30:00+00:00,9.960000038146973,9.960000038146973,9.949999809265137,9.949999809265137,14705,0.0,0.0
2024-05-30 02:40:00+00:00,9.960000038146973,9.960000038146973,9.960000038146973,9.960000038146973,11240,0.0,0.0
2024-05-30 02:45:00+00:00,9.960000038146973,9.960000038146973,9.930000305175781,9.930000305175781,38857,0.0,0.0
2024-05-30 02:50:00+00:00,9.9399995803833,9.9399995803833,9.930000305175781,9.930000305175781,6581,0.0,0.0
2024-05-30 02:55:00+00:00,9.930000305175781,9.9399995803833,9.930000305175781,9.930000305175781,21008,0.0,0.0
2024-05-30 03:00:00+00:00,9.9399995803833,9.9399995803833,9.9399995803833,9.9399995803833,5021,0.0,0.0
2024-05-30 03:05:00+00:00,9.949999809265137,9.949999809265137,9.9399995803833,9.9399995803833,4000,0.0,0.0
2024-05-30 03:10:00+00:00,9.9399995803833,9.9399995803833,9.9399995803833,9.9399995803833,18000,0.0,0.0
2024-05-30 03:15:00+00:00,9.9399995803833,9.9399995803833,9.9399995803833,9.9399995803833,2000,0.0,0.0
2024-05-30 03:20:00+00:00,9.9399995803833,9.949999809265137,9.930000305175781,9.930000305175781,61079,0.0,0.0
2024-05-30 03:25:00+00:00,9.930000305175781,9.930000305175781,9.930000305175781,9.930000305175781,1452,0.0,0.0
2024-05-30 03:35:00+00:00,9.9399995803833,9.9399995803833,9.930000305175781,9.930000305175781,7532,0.0,0.0
2024-05-30 03:40:00+00:00,9.930000305175781,9.930000305175781,9.899999618530273,9.90999984741211,111011,0.0,0.0
2024-05-30 03:45:00+00:00,9.90999984741211,9.90999984741211,9.90999984741211,9.90999984741211,4000,0.0,0.0
2024-05-30 03:50:00+00:00,9.930000305175781,9.930000305175781,9.930000305175781,9.930000305175781,1157,0.0,0.0
2024-05-30 03:55:00+00:00,9.920000076293945,9.920000076293945,9.920000076293945,9.920000076293945,3000,0.0,0.0
2024-05-30 04:00:00+00:00,9.920000076293945,9.920000076293945,9.90999984741211,9.920000076293945,5000,0.0,0.0
2024-05-30 04:05:00+00:00,9.920000076293945,9.920000076293945,9.90999984741211,9.90999984741211,26552,0.0,0.0
2024-05-30 04:10:00+00:00,9.899999618530273,9.899999618530273,9.899999618530273,9.899999618530273,11009,0.0,0.0
2024-05-30 04:15:00+00:00,9.899999618530273,9.899999618530273,9.899999618530273,9.899999618530273,3000,0.0,0.0
2024-05-30 04:20:00+00:00,9.890000343322754,9.890000343322754,9.880000114440918,9.880000114440918,126835,0.0,0.0
2024-05-30 04:25:00+00:00,9.880000114440918,9.880000114440918,9.880000114440918,9.880000114440918,13150,0.0,0.0
2024-05-30 04:30:00+00:00,9.880000114440918,9.880000114440918,9.869999885559082,9.880000114440918,4691,0.0,0.0
2024-05-30 04:35:00+00:00,9.880000114440918,9.880000114440918,9.880000114440918,9.880000114440918,3117,0.0,0.0
2024-05-30 04:40:00+00:00,9.880000114440918,9.880000114440918,9.84000015258789,9.84000015258789,193344,0.0,0.0
2024-05-30 04:45:00+00:00,9.84000015258789,9.84000015258789,9.84000015258789,9.84000015258789,12477,0.0,0.0
2024-05-30 04:55:00+00:00,9.859999656677246,9.859999656677246,9.850000381469727,9.850000381469727,5800,0.0,0.0
2024-05-30 05:00:00+00:00,9.869999885559082,9.880000114440918,9.869999885559082,9.880000114440918,9588,0.0,0.0
2024-05-30 05:05:00+00:00,9.880000114440918,9.880000114440918,9.880000114440918,9.880000114440918,21610,0.0,0.0
2024-05-30 05:10:00+00:00,9.880000114440918,9.890000343322754,9.880000114440918,9.880000114440918,24110,0.0,0.0
2024-05-30 05:15:00+00:00,9.880000114440918,9.880000114440918,9.880000114440918,9.880000114440918,15148,0.0,0.0
2024-05-30 05:20:00+00:00,9.880000114440918,9.899999618530273,9.880000114440918,9.899999618530273,33313,0.0,0.0
2024-05-31 01:00:00+00:00,9.920000076293945,9.949999809265137,9.920000076293945,9.949999809265137,0,0.0,0.0
2024-05-31 01:05:00+00:00,9.9399995803833,9.949999809265137,9.930000305175781,9.949999809265137,40310,0.0,0.0
2024-05-31 01:10:00+00:00,9.9399995803833,9.960000038146973,9.9399995803833,9.949999809265137,26120,0.0,0.0
2024-05-31 01:15:00+00:00,9.960000038146973,9.970000267028809,9.960000038146973,9.970000267028809,15000,0.0,0.0
2024-05-31 01:25:00+00:00,9.949999809265137,9.960000038146973,9.949999809265137,9.960000038146973,39000,0.0,0.0
2024-05-31 01:30:00+00:00,9.960000038146973,10.050000190734863,9.960000038146973,10.050000190734863,673339,0.0,0.0
2024-05-31 01:35:00+00:00,10.050000190734863,10.050000190734863,10.0,10.0,137044,0.0,0.0
2024-05-31 01:40:00+00:00,10.0,10.050000190734863,10.0,10.0,190000,0.0,0.0
2024-05-31 01:45:00+00:00,10.0,10.050000190734863,10.0,10.050000190734863,20691,0.0,0.0
2024-05-31 01:55:00+00:00,10.0,10.0,10.0,10.0,73480,0.0,0.0
2024-05-31 02:00:00+00:00,10.0,10.0,9.989999771118164,9.989999771118164,18000,0.0,0.0
2024-05-31 02:05:00+00:00,10.0,10.050000190734863,10.0,10.050000190734863,62040,0.0,0.0
2024-05-31 02:10:00+00:00,10.0,10.050000190734863,10.0,10.0,42010,0.0,0.0
2024-05-31 02:15:00+00:00,10.0,10.0,10.0,10.0,35050,0.0,0.0
2024-05-31 02:20:00+00:00,10.0,10.0,10.0,10.0,179450,0.0,0.0
2024-05-31 02:25:00+00:00,10.050000190734863,10.050000190734863,9.989999771118164,10.0,116120,0.0,0.0
2024-05-31 02:30:00+00:00,9.989999771118164,10.0,9.989999771118164,10.0,61330,0.0,0.0
2024-05-31 02:35:00+00:00,10.0,10.0,10.0,10.0,87500,0.0,0.0
2024-05-31 02:40:00+00:00,9.989999771118164,10.0,9.979999542236328,10.0,59000,0.0,0.0
2024-05-31 02:45:00+00:00,9.989999771118164,10.0,9.989999771118164,9.989999771118164,44040,0.0,0.0
2024-05-31 02:50:00+00:00,10.0,10.0,9.989999771118164,9.989999771118164,18442,0.0,0.0
2024-05-31 02:55:00+00:00,9.989999771118164,9.989999771118164,9.979999542236328,9.979999542236328,5015,0.0,0.0
2024-05-31 03:00:00+00:00,9.979999542236328,9.979999542236328,9.979999542236328,9.979999542236328,7032,0.0,0.0
2024-05-31 03:05:00+00:00,9.979999542236328,9.989999771118164,9.979999542236328,9.989999771118164,8000,0.0,0.0
2024-05-31 03:10:00+00:00,9.989999771118164,10.0,9.989999771118164,10.0,42080,0.0,0.0
2024-05-31 03:15:00+00:00,10.0,10.0,9.989999771118164,10.0,21331,0.0,0.0
2024-05-31 03:20:00+00:00,10.0,10.0,9.989999771118164,10.0,47170,0.0,0.0
2024-05-31 03:25:00+00:00,10.0,10.0,9.989999771118164,10.0,68000,0.0,0.0
2024-05-31 03:30:00+00:00,10.0,10.0,10.0,10.0,13120,0.0,0.0
2024-05-31 03:35:00+00:00,10.0,10.0,10.0,10.0,7100,0.0,0.0
2024-05-31 03:40:00+00:00,10.0,10.0,10.0,10.0,22000,0.0,0.0
2024-05-31 03:45:00+00:00,10.0,10.0,10.0,10.0,11375,0.0,0.0
2024-05-31 04:00:00+00:00,10.0,10.0,10.0,10.0,72441,0.0,0.0
2024-05-31 04:05:00+00:00,10.0,10.0,10.0,10.0,14289,0.0,0.0
2024-05-31 04:10:00+00:00,10.0,10.0,9.899999618530273,9.899999618530273,3200,0.0,0.0
2024-05-31 04:20:00+00:00,9.989999771118164,9.989999771118164,9.989999771118164,9.989999771118164,98241,0.0,0.0
2024-05-31 04:25:00+00:00,9.989999771118164,9.989999771118164,9.979999542236328,9.989999771118164,45650,0.0,0.0
2024-05-31 04:30:00+00:00,9.989999771118164,9.989999771118164,9.979999542236328,9.979999542236328,45200,0.0,0.0
2024-05-31 04:35:00+00:00,9.979999542236328,9.979999542236328,9.960000038146973,9.979999542236328,56721,0.0,0.0
2024-05-31 04:40:00+00:00,9.979999542236328,9.979999542236328,9.979999542236328,9.979999542236328,20400,0.0,0.0
2024-05-31 04:45:00+00:00,9.979999542236328,9.979999542236328,9.979999542236328,9.979999542236328,3080,0.0,0.0
2024-05-31 04:50:00+00:00,9.970000267028809,9.989999771118164,9.970000267028809,9.989999771118164,14248,0.0,0.0
2024-05-31 05:05:00+00:00,9.989999771118164,9.989999771118164,9.979999542236328,9.979999542236328,10000,0.0,0.0
2024-05-31 05:10:00+00:00,9.979999542236328,9.979999542236328,9.970000267028809,9.970000267028809,5600,0.0,0.0
2024-05-31 05:15:00+00:00,9.979999542236328,9.979999542236328,9.970000267028809,9.970000267028809,24623,0.0,0.0
2024-05-31 05:20:00+00:00,9.970000267028809,9.970000267028809,9.960000038146973,9.970000267028809,17721,0.0,0.0
2024-06-03 01:00:00+00:00,10.0,10.050000190734863,9.9399995803833,9.9399995803833,0,0.0,0.0
2024-06-03 01:05:00+00:00,9.949999809265137,9.949999809265137,9.9399995803833,9.949999809265137,20758,0.0,0.0
2024-06-03 01:10:00+00:00,9.960000038146973,9.979999542236328,9.960000038146973,9.979999542236328,34927,0.0,0.0
2024-06-03 01:15:00+00:00,9.979999542236328,9.979999542236328,9.979999542236328,9.979999542236328,1000,0.0,0.0
2024-06-03 01:20:00+00:00,9.949999809265137,9.949999809265137,9.9399995803833,9.9399995803833,26041,0.0,0.0
2024-06-03 01:25:00+00:00,9.9399995803833,9.9399995803833,9.930000305175781,9.9399995803833,49217,0.0,0.0
2024-06-03 01:30:00+00:00,9.949999809265137,9.949999809265137,9.9399995803833,9.949999809265137,84080,0.0,0.0
2024-06-03 01:35:00+00:00,9.949999809265137,9.949999809265137,9.9399995803833,9.9399995803833,13029,0.0,0.0
2024-06-03 01:40:00+00:00,9.9399995803833,9.9399995803833,9.9399995803833,9.9399995803833,7111,0.0,0.0
2024-06-03 01:45:00+00:00,9.949999809265137,9.949999809265137,9.9399995803833,9.9399995803833,44404,0.0,0.0
2024-06-03 01:50:00+00:00,9.930000305175781,9.9399995803833,9.930000305175781,9.9399995803833,13899,0.0,0.0
2024-06-03 01:55:00+00:00,9.9399995803833,9.949999809265137,9.930000305175781,9.949999809265137,37000,0.0,0.0
2024-06-03 02:00:00+00:00,9.930000305175781,9.930000305175781,9.930000305175781,9.930000305175781,2230,0.0,0.0
2024-06-03 02:05:00+00:00,9.930000305175781,9.9399995803833,9.930000305175781,9.9399995803833,4000,0.0,0.0
2024-06-03 02:10:00+00:00,9.9399995803833,9.9399995803833,9.930000305175781,9.930000305175781,10399,0.0,0.0
2024-06-03 02:15:00+00:00,9.9399995803833,9.9399995803833,9.930000305175781,9.9399995803833,27000,0.0,0.0
2024-06-03 02:20:00+00:00,9.9399995803833,9.9399995803833,9.9399995803833,9.9399995803833,5200,0.0,0.0
2024-06-03 02:25:00+00:00,9.930000305175781,9.930000305175781,9.930000305175781,9.930000305175781,16966,0.0,0.0
2024-06-03 02:30:00+00:00,9.930000305175781,9.930000305175781,9.930000305175781,9.930000305175781,23010,0.0,0.0
2024-06-03 02:35:00+00:00,9.9399995803833,9.9399995803833,9.9399995803833,9.9399995803833,11001,0.0,0.0
2024-06-03 02:40:00+00:00,9.930000305175781,9.930000305175781,9.920000076293945,9.920000076293945,40542,0.0,0.0
2024-06-03 02:45:00+00:00,9.930000305175781,9.930000305175781,9.930000305175781,9.930000305175781,4000,0.0,0.0
2024-06-03 02:50:00+00:00,9.920000076293945,9.949999809265137,9.920000076293945,9.949999809265137,106281,0.0,0.0
2024-06-03 02:55:00+00:00,9.960000038146973,9.960000038146973,9.960000038146973,9.960000038146973,10000,0.0,0.0
2024-06-03 03:00:00+00:00,9.960000038146973,9.960000038146973,9.949999809265137,9.949999809265137,32201,0.0,0.0
2024-06-03 03:05:00+00:00,9.949999809265137,9.949999809265137,9.949999809265137,9.949999809265137,13804,0.0,0.0
2024-06-03 03:10:00+00:00,9.9399995803833,9.9399995803833,9.9399995803833,9.9399995803833,37965,0.0,0.0
2024-06-03 03:15:00+00:00,9.930000305175781,9.930000305175781,9.930000305175781,9.930000305175781,10609,0.0,0.0
2024-06-03 03:20:00+00:00,9.930000305175781,9.930000305175781,9.930000305175781,9.930000305175781,2918,0.0,0.0
2024-06-03 03:25:00+00:00,9.930000305175781,9.930000305175781,9.920000076293945,9.930000305175781,16419,0.0,0.0
2024-06-03 03:30:00+00:00,9.930000305175781,9.930000305175781,9.90999984741211,9.90999984741211,78000,0.0,0.0
2024-06-03 03:35:00+00:00,9.90999984741211,9.90999984741211,9.899999618530273,9.899999618530273,24086,0.0,0.0
2024-06-03 03:40:00+00:00,9.920000076293945,9.930000305175781,9.920000076293945,9.930000305175781,4000,0.0,0.0
2024-06-03 03:50:00+00:00,9.930000305175781,9.930000305175781,9.920000076293945,9.920000076293945,12924,0.0,0.0
2024-06-03 03:55:00+00:00,9.920000076293945,9.949999809265137,9.920000076293945,9.949999809265137,21103,0.0,0.0
2024-06-03 04:00:00+00:00,9.949999809265137,9.949999809265137,9.949999809265137,9.949999809265137,1026,0.0,0.0
2024-06-03 04:10:00+00:00,9.949999809265137,9.949999809265137,9.949999809265137,9.949999809265137,1000,0.0,0.0
2024-06-03 04:20:00+00:00,9.920000076293945,9.920000076293945,9.920000076293945,9.920000076293945,2100,0.0,0.0
2024-06-03 04:30:00+00:00,9.9399995803833,9.949999809265137,9.899999618530273,9.899999618530273,156086,0.0,0.0
2024-06-03 04:35:00+00:00,9.899999618530273,9.899999618530273,9.899999618530273,9.899999618530273,1435,0.0,0.0
2024-06-03 04:40:00+00:00,9.930000305175781,9.949999809265137,9.930000305175781,9.949999809265137,33100,0.0,0.0
2024-06-03 04:45:00+00:00,9.960000038146973,9.960000038146973,9.949999809265137,9.949999809265137,11361,0.0,0.0
2024-06-03 04:50:00+00:00,9.949999809265137,9.949999809265137,9.9399995803833,9.9399995803833,4904,0.0,0.0
2024-06-03 05:00:00+00:00,9.930000305175781,9.930000305175781,9.930000305175781,9.930000305175781,12005,0.0,0.0
2024-06-03 05:05:00+00:00,9.930000305175781,9.930000305175781,9.920000076293945,9.920000076293945,6001,0.0,0.0
2024-06-03 05:10:00+00:00,9.920000076293945,9.920000076293945,9.920000076293945,9.920000076293945,11070,0.0,0.0
2024-06-03 05:15:00+00:00,9.930000305175781,9.930000305175781,9.90999984741211,9.90999984741211,33663,0.0,0.0
2024-06-03 05:20:00+00:00,9.920000076293945,9.920000076293945,9.90999984741211,9.920000076293945,10077,0.0,0.0
2024-06-04 01:00:00+00:00,9.90999984741211,9.90999984741211,9.880000114440918,9.880000114440918,0,0.0,0.0
2024-06-04 01:05:00+00:00,9.880000114440918,9.949999809265137,9.880000114440918,9.90999984741211,58477,0.0,0.0
2024-06-04 01:10:00+00:00,9.90999984741211,9.90999984741211,9.899999618530273,9.899999618530273,24152,0.0,0.0
2024-06-04 01:15:00+00:00,9.880000114440918,9.899999618530273,9.859999656677246,9.899999618530273,12275,0.0,0.0
2024-06-04 01:20:00+00:00,9.899999618530273,9.899999618530273,9.890000343322754,9.890000343322754,6000,0.0,0.0
2024-06-04 01:25:00+00:00,9.890000343322754,9.899999618530273,9.890000343322754,9.899999618530273,9735,0.0,0.0
2024-06-04 01:30:00+00:00,9.899999618530273,9.899999618530273,9.899999618530273,9.899999618530273,8927,0.0,0.0
2024-06-04 01:35:00+00:00,9.899999618530273,9.920000076293945,9.899999618530273,9.899999618530273,30221,0.0,0.0
2024-06-04 01:40:00+00:00,9.899999618530273,9.899999618530273,9.899999618530273,9.899999618530273,2209,0.0,0.0
2024-06-04 01:45:00+00:00,9.899999618530273,9.899999618530273,9.899999618530273,9.899999618530273,7750,0.0,0.0
2024-06-04 01:50:00+00:00,9.899999618530273,9.899999618530273,9.899999618530273,9.899999618530273,16000,0.0,0.0
2024-06-04 01:55:00+00:00,9.899999618530273,9.899999618530273,9.890000343322754,9.890000343322754,4240,0.0,0.0
2024-06-04 02:05:00+00:00,9.890000343322754,9.890000343322754,9.890000343322754,9.890000343322754,10033,0.0,0.0
2024-06-04 02:10:00+00:00,9.890000343322754,9.899999618530273,9.890000343322754,9.899999618530273,11402,0.0,0.0
2024-06-04 02:15:00+00:00,9.899999618530273,9.899999618530273,9.899999618530273,9.899999618530273,4103,0.0,0.0
2024-06-04 02:25:00+00:00,9.890000343322754,9.899999618530273,9.890000343322754,9.899999618530273,10000,0.0,0.0
2024-06-04 02:30:00+00:00,9.890000343322754,9.890000343322754,9.880000114440918,9.880000114440918,7341,0.0,0.0
2024-06-04 02:35:00+00:00,9.880000114440918,9.890000343322754,9.869999885559082,9.890000343322754,22040,0.0,0.0
2024-06-04 02:40:00+00:00,9.890000343322754,9.890000343322754,9.890000343322754,9.890000343322754,1631,0.0,0.0
2024-06-04 02:50:00+00:00,9.880000114440918,9.890000343322754,9.880000114440918,9.880000114440918,9990,0.0,0.0
2024-06-04 02:55:00+00:00,9.880000114440918,9.899999618530273,9.869999885559082,9.899999618530273,38000,0.0,0.0
2024-06-04 03:00:00+00:00,9.869999885559082,9.869999885559082,9.859999656677246,9.859999656677246,3995,0.0,0.0
2024-06-04 03:05:00+00:00,9.869999885559082,9.869999885559082,9.869999885559082,9.869999885559082,3987,0.0,0.0
2024-06-04 03:10:00+00:00,9.869999885559082,9.869999885559082,9.869999885559082,9.869999885559082,6500,0.0,0.0
2024-06-04 03:15:00+00:00,9.869999885559082,9.869999885559082,9.869999885559082,9.869999885559082,9000,0.0,0.0
2024-06-04 03:20:00+00:00,9.869999885559082,9.880000114440918,9.859999656677246,9.859999656677246,27080,0.0,0.0
2024-06-04 03:25:00+00:00,9.859999656677246,9.859999656677246,9.850000381469727,9.850000381469727,65004,0.0,0.0
2024-06-04 03:30:00+00:00,9.859999656677246,9.859999656677246,9.859999656677246,9.859999656677246,14040,0.0,0.0
2024-06-04 03:35:00+00:00,9.859999656677246,9.859999656677246,9.859999656677246,9.859999656677246,13000,0.0,0.0
2024-06-04 03:40:00+00:00,9.869999885559082,9.869999885559082,9.869999885559082,9.869999885559082,1399,0.0,0.0
2024-06-04 03:50:00+00:00,9.880000114440918,9.880000114440918,9.859999656677246,9.859999656677246,100195,0.0,0.0
2024-06-04 03:55:00+00:00,9.859999656677246,9.869999885559082,9.859999656677246,9.869999885559082,5012,0.0,0.0
2024-06-04 04:05:00+00:00,9.859999656677246,9.869999885559082,9.859999656677246,9.869999885559082,10226,0.0,0.0
2024-06-04 04:15:00+00:00,9.859999656677246,9.859999656677246,9.859999656677246,9.859999656677246,12340,0.0,0.0
2024-06-04 04:20:00+00:00,9.880000114440918,9.880000114440918,9.880000114440918,9.880000114440918,1000,0.0,0.0
2024-06-04 04:25:00+00:00,9.859999656677246,9.859999656677246,9.850000381469727,9.850000381469727,2250,0.0,0.0
2024-06-04 04:30:00+00:00,9.850000381469727,9.850000381469727,9.850000381469727,9.850000381469727,1747,0.0,0.0
2024-06-04 04:35:00+00:00,9.859999656677246,9.859999656677246,9.859999656677246,9.859999656677246,5080,0.0,0.0
2024-06-04 04:40:00+00:00,9.859999656677246,9.869999885559082,9.859999656677246,9.869999885559082,2288,0.0,0.0
2024-06-04 04:45:00+00:00,9.869999885559082,9.869999885559082,9.869999885559082,9.869999885559082,1424,0.0,0.0
2024-06-04 04:50:00+00:00,9.859999656677246,9.859999656677246,9.859999656677246,9.859999656677246,22664,0.0,0.0
2024-06-04 04:55:00+00:00,9.859999656677246,9.859999656677246,9.850000381469727,9.850000381469727,64432,0.0,0.0
2024-06-04 05:00:00+00:00,9.859999656677246,9.859999656677246,9.859999656677246,9.859999656677246,6099,0.0,0.0
2024-06-04 05:05:00+00:00,9.850000381469727,9.850000381469727,9.850000381469727,9.850000381469727,9000,0.0,0.0
2024-06-04 05:10:00+00:00,9.850000381469727,9.899999618530273,9.850000381469727,9.899999618530273,65099,0.0,0.0
2024-06-04 05:15:00+00:00,9.859999656677246,9.859999656677246,9.859999656677246,9.859999656677246,3381,0.0,0.0
2024-06-04 05:20:00+00:00,9.869999885559082,9.880000114440918,9.859999656677246,9.859999656677246,5279,0.0,0.0
2024-06-05 01:00:00+00:00,9.869999885559082,9.869999885559082,9.850000381469727,9.850000381469727,0,0.0,0.0
2024-06-05 01:05:00+00:00,9.850000381469727,9.850000381469727,9.84000015258789,9.84000015258789,13709,0.0,0.0
2024-06-05 01:10:00+00:00,9.859999656677246,9.899999618530273,9.84000015258789,9.84000015258789,71100,0.0,0.0
2024-06-05 01:15:00+00:00,9.84000015258789,9.84000015258789,9.84000015258789,9.84000015258789,4000,0.0,0.0
2024-06-05 01:20:00+00:00,9.84000015258789,9.84000015258789,9.829999923706055,9.829999923706055,69389,0.0,0.0
2024-06-05 01:25:00+00:00,9.829999923706055,9.829999923706055,9.800000190734863,9.800000190734863,75141,0.0,0.0
2024-06-05 01:30:00+00:00,9.800000190734863,9.829999923706055,9.800000190734863,9.829999923706055,22573,0.0,0.0
2024-06-05 01:35:00+00:00,9.819999694824219,9.819999694824219,9.779999732971191,9.779999732971191,73551,0.0,0.0
2024-06-05 01:40:00+00:00,9.779999732971191,9.789999961853027,9.779999732971191,9.789999961853027,29397,0.0,0.0
2024-06-05 01:45:00+00:00,9.789999961853027,9.8100004196167,9.789999961853027,9.8100004196167,9320,0.0,0.0
2024-06-05 01:55:00+00:00,9.789999961853027,9.789999961853027,9.770000457763672,9.770000457763672,58000,0.0,0.0
2024-06-05 02:00:00+00:00,9.770000457763672,9.770000457763672,9.739999771118164,9.770000457763672,109252,0.0,0.0
2024-06-05 02:05:00+00:00,9.760000228881836,9.760000228881836,9.75,9.75,29000,0.0,0.0
2024-06-05 02:10:00+00:00,9.75,9.779999732971191,9.75,9.779999732971191,34000,0.0,0.0
2024-06-05 02:15:00+00:00,9.770000457763672,9.770000457763672,9.760000228881836,9.760000228881836,11484,0.0,0.0
2024-06-05 02:20:00+00:00,9.770000457763672,9.770000457763672,9.770000457763672,9.770000457763672,10077,0.0,0.0
2024-06-05 02:30:00+00:00,9.779999732971191,9.779999732971191,9.770000457763672,9.770000457763672,8104,0.0,0.0
2024-06-05 02:35:00+00:00,9.760000228881836,9.760000228881836,9.75,9.75,26040,0.0,0.0
2024-06-05 02:40:00+00:00,9.760000228881836,9.760000228881836,9.760000228881836,9.760000228881836,8731,0.0,0.0
2024-06-05 02:45:00+00:00,9.760000228881836,9.760000228881836,9.75,9.760000228881836,12057,0.0,0.0
2024-06-05 02:50:00+00:00,9.760000228881836,9.760000228881836,9.739999771118164,9.739999771118164,47036,0.0,0.0
2024-06-05 02:55:00+00:00,9.75,9.75,9.75,9.75,10000,0.0,0.0
2024-06-05 03:00:00+00:00,9.739999771118164,9.739999771118164,9.739999771118164,9.739999771118164,41318,0.0,0.0
2024-06-05 03:05:00+00:00,9.75,9.75,9.739999771118164,9.739999771118164,21539,0.0,0.0
2024-06-05 03:10:00+00:00,9.739999771118164,9.739999771118164,9.739999771118164,9.739999771118164,3000,0.0,0.0
2024-06-05 03:15:00+00:00,9.75,9.75,9.75,9.75,1100,0.0,0.0
2024-06-05 03:20:00+00:00,9.75,9.75,9.75,9.75,2000,0.0,0.0
2024-06-05 03:25:00+00:00,9.75,9.75,9.75,9.75,7416,0.0,0.0
2024-06-05 03:40:00+00:00,9.770000457763672,9.800000190734863,9.770000457763672,9.800000190734863,90704,0.0,0.0
2024-06-05 03:45:00+00:00,9.760000228881836,9.760000228881836,9.760000228881836,9.760000228881836,5000,0.0,0.0
2024-06-05 03:50:00+00:00,9.779999732971191,9.779999732971191,9.779999732971191,9.779999732971191,1147,0.0,0.0
2024-06-05 04:00:00+00:00,9.770000457763672,9.770000457763672,9.75,9.75,20117,0.0,0.0
2024-06-05 04:05:00+00:00,9.760000228881836,9.760000228881836,9.760000228881836,9.760000228881836,5287,0.0,0.0
2024-06-05 04:25:00+00:00,9.760000228881836,9.760000228881836,9.760000228881836,9.760000228881836,5581,0.0,0.0
2024-06-05 04:30:00+00:00,9.760000228881836,9.760000228881836,9.760000228881836,9.760000228881836,22202,0.0,0.0
2024-06-05 04:35:00+00:00,9.760000228881836,9.760000228881836,9.760000228881836,9.760000228881836,20222,0.0,0.0
2024-06-05 04:45:00+00:00,9.760000228881836,9.760000228881836,9.75,9.75,35854,0.0,0.0
2024-06-05 04:50:00+00:00,9.75,9.75,9.75,9.75,2000,0.0,0.0
2024-06-05 04:55:00+00:00,9.739999771118164,9.739999771118164,9.739999771118164,9.739999771118164,41421,0.0,0.0
2024-06-05 05:00:00+00:00,9.739999771118164,9.739999771118164,9.729999542236328,9.729999542236328,14349,0.0,0.0
2024-06-05 05:05:00+00:00,9.739999771118164,9.739999771118164,9.739999771118164,9.739999771118164,14050,0.0,0.0
2024-06-05 05:10:00+00:00,9.739999771118164,9.739999771118164,9.729999542236328,9.729999542236328,17000,0.0,0.0
2024-06-05 05:15:00+00:00,9.729999542236328,9.739999771118164,9.729999542236328,9.739999771118164,15300,0.0,0.0
2024-06-05 05:20:00+00:00,9.739999771118164,9.770000457763672,9.729999542236328,9.770000457763672,29594,0.0,0.0
2024-06-06 01:00:00+00:00,9.720000267028809,9.75,9.720000267028809,9.75,0,0.0,0.0
2024-06-06 01:05:00+00:00,9.739999771118164,9.739999771118164,9.6899995803833,9.6899995803833,28948,0.0,0.0
2024-06-06 01:10:00+00:00,9.699999809265137,9.770000457763672,9.699999809265137,9.770000457763672,107000,0.0,0.0
2024-06-06 01:20:00+00:00,9.720000267028809,9.720000267028809,9.699999809265137,9.710000038146973,54553,0.0,0.0
2024-06-06 01:25:00+00:00,9.6899995803833,9.699999809265137,9.6899995803833,9.699999809265137,3665,0.0,0.0
2024-06-06 01:30:00+00:00,9.699999809265137,9.710000038146973,9.6899995803833,9.6899995803833,27035,0.0,0.0
2024-06-06 01:35:00+00:00,9.699999809265137,9.760000228881836,9.699999809265137,9.699999809265137,78041,0.0,0.0
2024-06-06 01:40:00+00:00,9.699999809265137,9.699999809265137,9.699999809265137,9.699999809265137,34000,0.0,0.0
2024-06-06 01:45:00+00:00,9.699999809265137,9.699999809265137,9.6899995803833,9.6899995803833,15022,0.0,0.0
2024-06-06 01:50:00+00:00,9.699999809265137,9.699999809265137,9.680000305175781,9.680000305175781,130159,0.0,0.0
2024-06-06 01:55:00+00:00,9.699999809265137,9.720000267028809,9.699999809265137,9.720000267028809,28000,0.0,0.0
2024-06-06 02:00:00+00:00,9.720000267028809,9.720000267028809,9.710000038146973,9.710000038146973,10008,0.0,0.0
2024-06-06 02:05:00+00:00,9.720000267028809,9.720000267028809,9.670000076293945,9.670000076293945,241252,0.0,0.0
2024-06-06 02:10:00+00:00,9.65999984741211,9.670000076293945,9.65999984741211,9.670000076293945,24037,0.0,0.0
2024-06-06 02:15:00+00:00,9.670000076293945,9.670000076293945,9.640000343322754,9.649999618530273,183195,0.0,0.0
2024-06-06 02:20:00+00:00,9.680000305175781,9.680000305175781,9.640000343322754,9.640000343322754,82156,0.0,0.0
2024-06-06 02:25:00+00:00,9.640000343322754,9.65999984741211,9.640000343322754,9.65999984741211,6750,0.0,0.0
2024-06-06 02:30:00+00:00,9.65999984741211,9.65999984741211,9.649999618530273,9.649999618530273,39000,0.0,0.0
2024-06-06 02:35:00+00:00,9.649999618530273,9.649999618530273,9.649999618530273,9.649999618530273,9000,0.0,0.0
2024-06-06 02:40:00+00:00,9.640000343322754,9.640000343322754,9.640000343322754,9.640000343322754,20000,0.0,0.0
2024-06-06 02:45:00+00:00,9.649999618530273,9.649999618530273,9.649999618530273,9.649999618530273,2174,0.0,0.0
2024-06-06 02:50:00+00:00,9.649999618530273,9.649999618530273,9.640000343322754,9.640000343322754,37069,0.0,0.0
2024-06-06 02:55:00+00:00,9.640000343322754,9.640000343322754,9.640000343322754,9.640000343322754,3057,0.0,0.0
2024-06-06 03:00:00+00:00,9.649999618530273,9.65999984741211,9.640000343322754,9.65999984741211,10652,0.0,0.0
2024-06-06 03:05:00+00:00,9.65999984741211,9.65999984741211,9.65999984741211,9.65999984741211,1000,0.0,0.0
2024-06-06 03:10:00+00:00,9.65999984741211,9.65999984741211,9.65999984741211,9.65999984741211,9013,0.0,0.0
2024-06-06 03:15:00+00:00,9.65999984741211,9.65999984741211,9.65999984741211,9.65999984741211,2000,0.0,0.0
2024-06-06 03:20:00+00:00,9.680000305175781,9.680000305175781,9.680000305175781,9.680000305175781,12000,0.0,0.0
2024-06-06 03:25:00+00:00,9.65999984741211,9.65999984741211,9.65999984741211,9.65999984741211,40150,0.0,0.0
2024-06-06 03:30:00+00:00,9.65999984741211,9.65999984741211,9.65999984741211,9.65999984741211,1000,0.0,0.0
2024-06-06 03:35:00+00:00,9.65999984741211,9.65999984741211,9.65999984741211,9.65999984741211,12000,0.0,0.0
2024-06-06 03:40:00+00:00,9.65999984741211,9.6899995803833,9.649999618530273,9.6899995803833,22050,0.0,0.0
2024-06-06 03:50:00+00:00,9.680000305175781,9.680000305175781,9.680000305175781,9.680000305175781,3315,0.0,0.0
2024-06-06 03:55:00+00:00,9.65999984741211,9.65999984741211,9.65999984741211,9.65999984741211,5081,0.0,0.0
2024-06-06 04:00:00+00:00,9.65999984741211,9.680000305175781,9.65999984741211,9.680000305175781,7464,0.0,0.0
2024-06-06 04:05:00+00:00,9.65999984741211,9.65999984741211,9.65999984741211,9.65999984741211,10000,0.0,0.0
2024-06-06 04:10:00+00:00,9.65999984741211,9.680000305175781,9.65999984741211,9.680000305175781,14558,0.0,0.0
2024-06-06 04:20:00+00:00,9.6899995803833,9.6899995803833,9.6899995803833,9.6899995803833,2000,0.0,0.0
2024-06-06 04:25:00+00:00,9.6899995803833,9.699999809265137,9.6899995803833,9.699999809265137,13184,0.0,0.0
2024-06-06 04:30:00+00:00,9.6899995803833,9.6899995803833,9.65999984741211,9.65999984741211,73054,0.0,0.0
2024-06-06 04:45:00+00:00,9.65999984741211,9.670000076293945,9.65999984741211,9.670000076293945,36023,0.0,0.0
2024-06-06 04:50:00+00:00,9.670000076293945,9.670000076293945,9.670000076293945,9.670000076293945,10384,0.0,0.0
2024-06-06 04:55:00+00:00,9.670000076293945,9.670000076293945,9.670000076293945,9.670000076293945,3020,0.0,0.0
2024-06-06 05:05:00+00:00,9.670000076293945,9.670000076293945,9.670000076293945,9.670000076293945,3300,0.0,0.0
2024-06-06 05:10:00+00:00,9.670000076293945,9.670000076293945,9.65999984741211,9.65999984741211,35000,0.0,0.0
2024-06-06 05:15:00+00:00,9.65999984741211,9.65999984741211,9.65999984741211,9.65999984741211,4000,0.0,0.0
2024-06-06 05:20:00+00:00,9.65999984741211,9.680000305175781,9.65999984741211,9.65999984741211,18026,0.0,0.0
2024-06-07 01:00:00+00:00,9.65999984741211,9.710000038146973,9.65999984741211,9.710000038146973,0,0.0,0.0
2024-06-07 01:05:00+00:00,9.710000038146973,9.710000038146973,9.710000038146973,9.710000038146973,2488,0.0,0.0
2024-06-07 01:10:00+00:00,9.699999809265137,9.729999542236328,9.699999809265137,9.729999542236328,32000,0.0,0.0
2024-06-07 01:15:00+00:00,9.729999542236328,9.739999771118164,9.729999542236328,9.739999771118164,31500,0.0,0.0
2024-06-07 01:20:00+00:00,9.729999542236328,9.729999542236328,9.720000267028809,9.729999542236328,10140,0.0,0.0
2024-06-07 01:25:00+00:00,9.729999542236328,9.739999771118164,9.729999542236328,9.739999771118164,25050,0.0,0.0
2024-06-07 01:30:00+00:00,9.739999771118164,9.770000457763672,9.739999771118164,9.770000457763672,37413,0.0,0.0
2024-06-07 01:35:00+00:00,9.770000457763672,9.869999885559082,9.770000457763672,9.869999885559082,184905,0.0,0.0
2024-06-07 01:40:00+00:00,9.869999885559082,9.90999984741211,9.859999656677246,9.899999618530273,242700,0.0,0.0
2024-06-07 01:45:00+00:00,9.899999618530273,9.930000305175781,9.880000114440918,9.930000305175781,344794,0.0,0.0
2024-06-07 01:50:00+00:00,9.920000076293945,9.979999542236328,9.920000076293945,9.9399995803833,250000,0.0,0.0
2024-06-07 01:55:00+00:00,9.930000305175781,9.979999542236328,9.930000305175781,9.960000038146973,157354,0.0,0.0
2024-06-07 02:00:00+00:00,9.949999809265137,9.960000038146973,9.930000305175781,9.949999809265137,71130,0.0,0.0
2024-06-07 02:05:00+00:00,9.949999809265137,9.970000267028809,9.949999809265137,9.960000038146973,82080,0.0,0.0
2024-06-07 02:10:00+00:00,9.970000267028809,10.050000190734863,9.949999809265137,10.050000190734863,445532,0.0,0.0
2024-06-07 02:15:00+00:00,10.0,10.050000190734863,10.0,10.0,211701,0.0,0.0
2024-06-07 02:20:00+00:00,10.0,10.050000190734863,10.0,10.0,183024,0.0,0.0
2024-06-07 02:25:00+00:00,10.0,10.050000190734863,10.0,10.0,159004,0.0,0.0
2024-06-07 02:30:00+00:00,10.0,10.0,9.979999542236328,9.979999542236328,108566,0.0,0.0
2024-06-07 02:35:00+00:00,9.970000267028809,9.979999542236328,9.960000038146973,9.979999542236328,47400,0.0,0.0
2024-06-07 02:40:00+00:00,9.979999542236328,10.0,9.960000038146973,10.0,168080,0.0,0.0
2024-06-07 02:45:00+00:00,9.970000267028809,9.970000267028809,9.960000038146973,9.960000038146973,28000,0.0,0.0
2024-06-07 02:50:00+00:00,9.960000038146973,9.979999542236328,9.960000038146973,9.979999542236328,19179,0.0,0.0
2024-06-07 02:55:00+00:00,9.970000267028809,9.970000267028809,9.970000267028809,9.970000267028809,8000,0.0,0.0
2024-06-07 03:00:00+00:00,9.970000267028809,9.970000267028809,9.949999809265137,9.949999809265137,22431,0.0,0.0
2024-06-07 03:05:00+00:00,9.949999809265137,9.960000038146973,9.949999809265137,9.960000038146973,4000,0.0,0.0
2024-06-07 03:10:00+00:00,9.949999809265137,9.949999809265137,9.9399995803833,9.9399995803833,42058,0.0,0.0
2024-06-07 03:15:00+00:00,9.949999809265137,9.949999809265137,9.949999809265137,9.949999809265137,15280,0.0,0.0
2024-06-07 03:20:00+00:00,9.949999809265137,9.960000038146973,9.949999809265137,9.960000038146973,24082,0.0,0.0
2024-06-07 03:25:00+00:00,9.979999542236328,9.979999542236328,9.960000038146973,9.960000038146973,35220,0.0,0.0
2024-06-07 03:30:00+00:00,9.960000038146973,9.960000038146973,9.949999809265137,9.949999809265137,7000,0.0,0.0
2024-06-07 03:35:00+00:00,9.960000038146973,9.960000038146973,9.949999809265137,9.949999809265137,12000,0.0,0.0
2024-06-07 03:40:00+00:00,9.960000038146973,9.989999771118164,9.960000038146973,9.989999771118164,76025,0.0,0.0
2024-06-07 03:45:00+00:00,9.970000267028809,9.970000267028809,9.960000038146973,9.960000038146973,19022,0.0,0.0
2024-06-07 03:50:00+00:00,9.960000038146973,9.960000038146973,9.960000038146973,9.960000038146973,34400,0.0,0.0
2024-06-07 03:55:00+00:00,9.949999809265137,9.949999809265137,9.9399995803833,9.9399995803833,52180,0.0,0.0
2024-06-07 04:00:00+00:00,9.9399995803833,9.960000038146973,9.9399995803833,9.960000038146973,7000,0.0,0.0
2024-06-07 04:05:00+00:00,9.960000038146973,9.960000038146973,9.9399995803833,9.9399995803833,26000,0.0,0.0
2024-06-07 04:10:00+00:00,9.9399995803833,9.9399995803833,9.930000305175781,9.930000305175781,30000,0.0,0.0
2024-06-07 04:15:00+00:00,9.930000305175781,9.930000305175781,9.920000076293945,9.930000305175781,31100,0.0,0.0
2024-06-07 04:25:00+00:00,9.930000305175781,9.9399995803833,9.930000305175781,9.9399995803833,4682,0.0,0.0
2024-06-07 04:30:00+00:00,9.949999809265137,9.960000038146973,9.949999809265137,9.949999809265137,7667,0.0,0.0
2024-06-07 04:35:00+00:00,9.949999809265137,9.960000038146973,9.949999809265137,9.960000038146973,5045,0.0,0.0
2024-06-07 04:40:00+00:00,9.960000038146973,9.970000267028809,9.960000038146973,9.970000267028809,9452,0.0,0.0
2024-06-07 04:45:00+00:00,9.970000267028809,9.970000267028809,9.960000038146973,9.960000038146973,5080,0.0,0.0
2024-06-07 04:50:00+00:00,9.960000038146973,9.960000038146973,9.949999809265137,9.960000038146973,20160,0.0,0.0
2024-06-07 04:55:00+00:00,9.949999809265137,9.960000038146973,9.949999809265137,9.949999809265137,22101,0.0,0.0
2024-06-07 05:05:00+00:00,9.960000038146973,9.989999771118164,9.960000038146973,9.989999771118164,136000,0.0,0.0
2024-06-07 05:10:00+00:00,9.989999771118164,9.989999771118164,9.970000267028809,9.979999542236328,51000,0.0,0.0
2024-06-07 05:15:00+00:00,9.979999542236328,9.979999542236328,9.960000038146973,9.960000038146973,33050,0.0,0.0
2024-06-07 05:20:00+00:00,9.960000038146973,9.970000267028809,9.960000038146973,9.970000267028809,9104,0.0,0.0
2024-06-11 01:00:00+00:00,10.0,10.0,9.960000038146973,9.960000038146973,0,0.0,0.0
2024-06-11 01:05:00+00:00,9.960000038146973,9.989999771118164,9.949999809265137,9.989999771118164,79921,0.0,0.0
2024-06-11 01:10:00+00:00,9.960000038146973,9.979999542236328,9.949999809265137,9.949999809265137,46213,0.0,0.0
2024-06-11 01:15:00+00:00,9.949999809265137,9.949999809265137,9.9399995803833,9.9399995803833,78789,0.0,0.0
2024-06-11 01:20:00+00:00,9.9399995803833,9.949999809265137,9.9399995803833,9.949999809265137,47050,0.0,0.0
2024-06-11 01:25:00+00:00,9.949999809265137,9.949999809265137,9.9399995803833,9.9399995803833,30000,0.0,0.0
2024-06-11 01:30:00+00:00,9.949999809265137,9.960000038146973,9.949999809265137,9.949999809265137,35100,0.0,0.0
2024-06-11 01:35:00+00:00,9.949999809265137,9.949999809265137,9.9399995803833,9.9399995803833,39587,0.0,0.0
2024-06-11 01:40:00+00:00,9.9399995803833,9.9399995803833,9.930000305175781,9.930000305175781,47389,0.0,0.0
2024-06-11 01:45:00+00:00,9.930000305175781,9.949999809265137,9.920000076293945,9.930000305175781,23554,0.0,0.0
2024-06-11 01:50:00+00:00,9.9399995803833,9.949999809265137,9.930000305175781,9.9399995803833,44027,0.0,0.0
2024-06-11 01:55:00+00:00,9.9399995803833,9.949999809265137,9.9399995803833,9.9399995803833,30002,0.0,0.0
2024-06-11 02:00:00+00:00,9.9399995803833,9.9399995803833,9.9399995803833,9.9399995803833,4176,0.0,0.0
2024-06-11 02:05:00+00:00,9.9399995803833,9.9399995803833,9.9399995803833,9.9399995803833,10042,0.0,0.0
2024-06-11 02:10:00+00:00,9.9399995803833,9.9399995803833,9.9399995803833,9.9399995803833,9686,0.0,0.0
2024-06-11 02:15:00+00:00,9.9399995803833,9.9399995803833,9.920000076293945,9.920000076293945,86590,0.0,0.0
2024-06-11 02:20:00+00:00,9.920000076293945,9.920000076293945,9.899999618530273,9.90999984741211,101329,0.0,0.0
2024-06-11 02:25:00+00:00,9.920000076293945,9.920000076293945,9.880000114440918,9.899999618530273,66644,0.0,0.0
2024-06-11 02:30:00+00:00,9.890000343322754,9.890000343322754,9.890000343322754,9.890000343322754,9019,0.0,0.0
2024-06-11 02:35:00+00:00,9.890000343322754,9.899999618530273,9.890000343322754,9.890000343322754,52220,0.0,0.0
2024-06-11 02:40:00+00:00,9.899999618530273,9.899999618530273,9.890000343322754,9.890000343322754,5900,0.0,0.0
2024-06-11 02:45:00+00:00,9.890000343322754,9.890000343322754,9.890000343322754,9.890000343322754,12669,0.0,0.0
2024-06-11 02:50:00+00:00,9.890000343322754,9.899999618530273,9.890000343322754,9.890000343322754,17373,0.0,0.0
2024-06-11 02:55:00+00:00,9.890000343322754,9.890000343322754,9.890000343322754,9.890000343322754,1362,0.0,0.0
2024-06-11 03:00:00+00:00,9.890000343322754,9.890000343322754,9.890000343322754,9.890000343322754,15150,0.0,0.0
2024-06-11 03:05:00+00:00,9.880000114440918,9.880000114440918,9.880000114440918,9.880000114440918,32005,0.0,0.0
2024-06-11 03:10:00+00:00,9.880000114440918,9.880000114440918,9.869999885559082,9.869999885559082,12070,0.0,0.0
2024-06-11 03:15:00+00:00,9.869999885559082,9.869999885559082,9.859999656677246,9.859999656677246,40106,0.0,0.0
2024-06-11 03:20:00+00:00,9.869999885559082,9.869999885559082,9.850000381469727,9.859999656677246,25390,0.0,0.0
2024-06-11 03:30:00+00:00,9.850000381469727,9.850000381469727,9.850000381469727,9.850000381469727,54155,0.0,0.0
2024-06-11 03:35:00+00:00,9.850000381469727,9.850000381469727,9.850000381469727,9.850000381469727,4000,0.0,0.0
2024-06-11 03:40:00+00:00,9.850000381469727,9.850000381469727,9.850000381469727,9.850000381469727,4148,0.0,0.0
2024-06-11 03:45:00+00:00,9.850000381469727,9.850000381469727,9.84000015258789,9.84000015258789,20814,0.0,0.0
2024-06-11 03:50:00+00:00,9.84000015258789,9.84000015258789,9.829999923706055,9.84000015258789,10088,0.0,0.0
2024-06-11 03:55:00+00:00,9.850000381469727,9.850000381469727,9.850000381469727,9.850000381469727,15000,0.0,0.0
2024-06-11 04:00:00+00:00,9.850000381469727,9.859999656677246,9.850000381469727,9.859999656677246,12000,0.0,0.0
2024-06-11 04:05:00+00:00,9.859999656677246,9.859999656677246,9.84000015258789,9.84000015258789,14208,0.0,0.0
2024-06-11 04:10:00+00:00,9.84000015258789,9.859999656677246,9.84000015258789,9.859999656677246,21070,0.0,0.0
2024-06-11 04:15:00+00:00,9.850000381469727,9.850000381469727,9.850000381469727,9.850000381469727,4247,0.0,0.0
2024-06-11 04:20:00+00:00,9.850000381469727,9.850000381469727,9.850000381469727,9.850000381469727,5167,0.0,0.0
2024-06-11 04:25:00+00:00,9.850000381469727,9.850000381469727,9.850000381469727,9.850000381469727,1090,0.0,0.0
2024-06-11 04:30:00+00:00,9.850000381469727,9.850000381469727,9.84000015258789,9.84000015258789,34218,0.0,0.0
2024-06-11 04:40:00+00:00,9.850000381469727,9.850000381469727,9.84000015258789,9.84000015258789,18185,0.0,0.0
2024-06-11 04:45:00+00:00,9.84000015258789,9.84000015258789,9.84000015258789,9.84000015258789,29516,0.0,0.0
2024-06-11 04:50:00+00:00,9.84000015258789,9.84000015258789,9.84000015258789,9.84000015258789,2205,0.0,0.0
2024-06-11 04:55:00+00:00,9.84000015258789,9.84000015258789,9.84000015258789,9.84000015258789,14769,0.0,0.0
2024-06-11 05:00:00+00:00,9.829999923706055,9.829999923706055,9.829999923706055,9.829999923706055,27624,0.0,0.0
2024-06-11 05:05:00+00:00,9.829999923706055,9.84000015258789,9.829999923706055,9.84000015258789,20101,0.0,0.0
2024-06-11 05:10:00+00:00,9.84000015258789,9.84000015258789,9.829999923706055,9.829999923706055,32453,0.0,0.0
2024-06-11 05:15:00+00:00,9.819999694824219,9.819999694824219,9.800000190734863,9.800000190734863,113864,0.0,0.0
2024-06-11 05:20:00+00:00,9.8100004196167,9.829999923706055,9.800000190734863,9.829999923706055,17646,0.0,0.0
2024-06-12 01:00:00+00:00,9.819999694824219,9.890000343322754,9.819999694824219,9.869999885559082,0,0.0,0.0
2024-06-12 01:05:00+00:00,9.869999885559082,9.869999885559082,9.8100004196167,9.8100004196167,60480,0.0,0.0
2024-06-12 01:15:00+00:00,9.829999923706055,9.829999923706055,9.829999923706055,9.829999923706055,10000,0.0,0.0
2024-06-12 01:20:00+00:00,9.819999694824219,9.829999923706055,9.819999694824219,9.829999923706055,19585,0.0,0.0
2024-06-12 01:25:00+00:00,9.829999923706055,9.84000015258789,9.829999923706055,9.84000015258789,15050,0.0,0.0
2024-06-12 01:30:00+00:00,9.84000015258789,9.84000015258789,9.84000015258789,9.84000015258789,12000,0.0,0.0
2024-06-12 01:35:00+00:00,9.84000015258789,9.84000015258789,9.819999694824219,9.819999694824219,60000,0.0,0.0
2024-06-12 01:40:00+00:00,9.8100004196167,9.899999618530273,9.8100004196167,9.899999618530273,102000,0.0,0.0
2024-06-12 01:45:00+00:00,9.8100004196167,9.819999694824219,9.8100004196167,9.819999694824219,18310,0.0,0.0
2024-06-12 01:50:00+00:00,9.829999923706055,9.850000381469727,9.829999923706055,9.850000381469727,17000,0.0,0.0
2024-06-12 01:55:00+00:00,9.850000381469727,9.859999656677246,9.8100004196167,9.8100004196167,43837,0.0,0.0
2024-06-12 02:00:00+00:00,9.800000190734863,9.800000190734863,9.789999961853027,9.789999961853027,117741,0.0,0.0
2024-06-12 02:05:00+00:00,9.800000190734863,9.800000190734863,9.800000190734863,9.800000190734863,4531,0.0,0.0
2024-06-12 02:10:00+00:00,9.800000190734863,9.800000190734863,9.800000190734863,9.800000190734863,1059,0.0,0.0
2024-06-12 02:15:00+00:00,9.800000190734863,9.800000190734863,9.800000190734863,9.800000190734863,7120,0.0,0.0
2024-06-12 02:20:00+00:00,9.800000190734863,9.800000190734863,9.800000190734863,9.800000190734863,2350,0.0,0.0
2024-06-12 02:25:00+00:00,9.800000190734863,9.8100004196167,9.789999961853027,9.8100004196167,19000,0.0,0.0
2024-06-12 02:30:00+00:00,9.789999961853027,9.789999961853027,9.789999961853027,9.789999961853027,10000,0.0,0.0
2024-06-12 02:35:00+00:00,9.800000190734863,9.800000190734863,9.779999732971191,9.779999732971191,22355,0.0,0.0
2024-06-12 02:40:00+00:00,9.789999961853027,9.789999961853027,9.770000457763672,9.779999732971191,32436,0.0,0.0
2024-06-12 02:50:00+00:00,9.779999732971191,9.779999732971191,9.779999732971191,9.779999732971191,1004,0.0,0.0
2024-06-12 02:55:00+00:00,9.779999732971191,9.779999732971191,9.779999732971191,9.779999732971191,2000,0.0,0.0
2024-06-12 03:00:00+00:00,9.770000457763672,9.770000457763672,9.739999771118164,9.739999771118164,85000,0.0,0.0
2024-06-12 03:10:00+00:00,9.760000228881836,9.760000228881836,9.760000228881836,9.760000228881836,5000,0.0,0.0
2024-06-12 03:15:00+00:00,9.760000228881836,9.760000228881836,9.760000228881836,9.760000228881836,3200,0.0,0.0
2024-06-12 03:20:00+00:00,9.760000228881836,9.760000228881836,9.760000228881836,9.760000228881836,1100,0.0,0.0
2024-06-12 03:35:00+00:00,9.770000457763672,9.770000457763672,9.770000457763672,9.770000457763672,2145,0.0,0.0
2024-06-12 03:40:00+00:00,9.770000457763672,9.770000457763672,9.770000457763672,9.770000457763672,6000,0.0,0.0
2024-06-12 03:45:00+00:00,9.789999961853027,9.789999961853027,9.789999961853027,9.789999961853027,1000,0.0,0.0
2024-06-12 03:50:00+00:00,9.789999961853027,9.789999961853027,9.75,9.75,60195,0.0,0.0
2024-06-12 03:55:00+00:00,9.75,9.75,9.75,9.75,2300,0.0,0.0
2024-06-12 04:00:00+00:00,9.75,9.760000228881836,9.75,9.760000228881836,6000,0.0,0.0
2024-06-12 04:05:00+00:00,9.760000228881836,9.760000228881836,9.760000228881836,9.760000228881836,4040,0.0,0.0
2024-06-12 04:10:00+00:00,9.779999732971191,9.779999732971191,9.779999732971191,9.779999732971191,6130,0.0,0.0
2024-06-12 04:20:00+00:00,9.770000457763672,9.770000457763672,9.760000228881836,9.760000228881836,35000,0.0,0.0
2024-06-12 04:25:00+00:00,9.760000228881836,9.779999732971191,9.760000228881836,9.779999732971191,8600,0.0,0.0
2024-06-12 04:30:00+00:00,9.770000457763672,9.770000457763672,9.75,9.770000457763672,94928,0.0,0.0
2024-06-12 04:35:00+00:00,9.770000457763672,9.770000457763672,9.739999771118164,9.739999771118164,87070,0.0,0.0
2024-06-12 04:40:00+00:00,9.739999771118164,9.739999771118164,9.739999771118164,9.739999771118164,2129,0.0,0.0
2024-06-12 04:45:00+00:00,9.75,9.75,9.75,9.75,7258,0.0,0.0
2024-06-12 04:50:00+00:00,9.75,9.75,9.75,9.75,1000,0.0,0.0
2024-06-12 04:55:00+00:00,9.739999771118164,9.760000228881836,9.739999771118164,9.760000228881836,22000,0.0,0.0
2024-06-12 05:00:00+00:00,9.75,9.760000228881836,9.739999771118164,9.75,16000,0.0,0.0
2024-06-12 05:05:00+00:00,9.75,9.75,9.739999771118164,9.739999771118164,6146,0.0,0.0
2024-06-12 05:10:00+00:00,9.75,9.760000228881836,9.75,9.760000228881836,21000,0.0,0.0
2024-06-12 05:15:00+00:00,9.760000228881836,9.760000228881836,9.760000228881836,9.760000228881836,5000,0.0,0.0
2024-06-12 05:20:00+00:00,9.760000228881836,9.770000457763672,9.760000228881836,9.770000457763672,28520,0.0,0.0
2024-06-13 01:00:00+00:00,9.760000228881836,9.800000190734863,9.760000228881836,9.800000190734863,0,0.0,0.0
2024-06-13 01:05:00+00:00,9.770000457763672,9.770000457763672,9.75,9.75,16000,0.0,0.0
2024-06-13 01:10:00+00:00,9.739999771118164,9.75,9.720000267028809,9.75,57167,0.0,0.0
2024-06-13 01:15:00+00:00,9.760000228881836,9.760000228881836,9.75,9.75,16102,0.0,0.0
2024-06-13 01:20:00+00:00,9.75,9.770000457763672,9.75,9.75,15130,0.0,0.0
2024-06-13 01:25:00+00:00,9.75,9.779999732971191,9.75,9.770000457763672,16740,0.0,0.0
2024-06-13 01:30:00+00:00,9.770000457763672,9.770000457763672,9.770000457763672,9.770000457763672,12000,0.0,0.0
2024-06-13 01:35:00+00:00,9.760000228881836,9.770000457763672,9.75,9.75,44200,0.0,0.0
2024-06-13 01:40:00+00:00,9.75,9.760000228881836,9.75,9.760000228881836,8000,0.0,0.0
2024-06-13 01:45:00+00:00,9.760000228881836,9.760000228881836,9.75,9.75,17050,0.0,0.0
2024-06-13 01:50:00+00:00,9.75,9.760000228881836,9.75,9.760000228881836,3000,0.0,0.0
2024-06-13 01:55:00+00:00,9.760000228881836,9.760000228881836,9.760000228881836,9.760000228881836,1000,0.0,0.0
2024-06-13 02:00:00+00:00,9.75,9.75,9.75,9.75,5050,0.0,0.0
2024-06-13 02:05:00+00:00,9.75,9.75,9.75,9.75,11294,0.0,0.0
2024-06-13 02:10:00+00:00,9.75,9.75,9.75,9.75,8000,0.0,0.0
2024-06-13 02:15:00+00:00,9.75,9.760000228881836,9.75,9.75,10297,0.0,0.0
2024-06-13 02:25:00+00:00,9.75,9.75,9.739999771118164,9.739999771118164,24806,0.0,0.0
2024-06-13 02:30:00+00:00,9.729999542236328,9.729999542236328,9.729999542236328,9.729999542236328,1000,0.0,0.0
2024-06-13 02:35:00+00:00,9.729999542236328,9.729999542236328,9.729999542236328,9.729999542236328,13030,0.0,0.0
2024-06-13 02:40:00+00:00,9.729999542236328,9.729999542236328,9.729999542236328,9.729999542236328,2000,0.0,0.0
2024-06-13 02:45:00+00:00,9.75,9.760000228881836,9.75,9.760000228881836,3302,0.0,0.0
2024-06-13 02:50:00+00:00,9.75,9.760000228881836,9.75,9.760000228881836,9170,0.0,0.0
2024-06-13 03:00:00+00:00,9.75,9.75,9.75,9.75,11000,0.0,0.0
2024-06-13 03:05:00+00:00,9.739999771118164,9.75,9.739999771118164,9.75,6036,0.0,0.0
2024-06-13 03:10:00+00:00,9.75,9.75,9.75,9.75,6000,0.0,0.0
2024-06-13 03:15:00+00:00,9.75,9.75,9.75,9.75,5000,0.0,0.0
2024-06-13 03:20:00+00:00,9.739999771118164,9.75,9.739999771118164,9.739999771118164,43801,0.0,0.0
2024-06-13 03:30:00+00:00,9.739999771118164,9.739999771118164,9.739999771118164,9.739999771118164,3000,0.0,0.0
2024-06-13 03:35:00+00:00,9.739999771118164,9.739999771118164,9.739999771118164,9.739999771118164,5000,0.0,0.0
2024-06-13 03:40:00+00:00,9.739999771118164,9.739999771118164,9.739999771118164,9.739999771118164,1000,0.0,0.0
2024-06-13 03:45:00+00:00,9.75,9.75,9.75,9.75,12000,0.0,0.0
2024-06-13 03:50:00+00:00,9.75,9.75,9.75,9.75,5882,0.0,0.0
2024-06-13 03:55:00+00:00,9.75,9.75,9.75,9.75,2000,0.0,0.0
2024-06-13 04:00:00+00:00,9.75,9.75,9.739999771118164,9.739999771118164,6000,0.0,0.0
2024-06-13 04:05:00+00:00,9.739999771118164,9.739999771118164,9.739999771118164,9.739999771118164,10000,0.0,0.0
2024-06-13 04:10:00+00:00,9.739999771118164,9.760000228881836,9.739999771118164,9.760000228881836,2126,0.0,0.0
2024-06-13 04:15:00+00:00,9.739999771118164,9.75,9.739999771118164,9.739999771118164,45742,0.0,0.0
2024-06-13 04:20:00+00:00,9.739999771118164,9.739999771118164,9.729999542236328,9.729999542236328,51147,0.0,0.0
2024-06-13 04:25:00+00:00,9.729999542236328,9.729999542236328,9.729999542236328,9.729999542236328,1020,0.0,0.0
2024-06-13 04:30:00+00:00,9.729999542236328,9.729999542236328,9.729999542236328,9.729999542236328,3000,0.0,0.0
2024-06-13 04:35:00+00:00,9.739999771118164,9.739999771118164,9.739999771118164,9.739999771118164,5009,0.0,0.0
2024-06-13 04:40:00+00:00,9.75,9.75,9.75,9.75,22901,0.0,0.0
2024-06-13 04:45:00+00:00,9.739999771118164,9.75,9.739999771118164,9.739999771118164,8000,0.0,0.0
2024-06-13 04:50:00+00:00,9.729999542236328,9.729999542236328,9.729999542236328,9.729999542236328,16312,0.0,0.0
2024-06-13 04:55:00+00:00,9.729999542236328,9.75,9.729999542236328,9.75,7000,0.0,0.0
2024-06-13 05:00:00+00:00,9.75,9.75,9.729999542236328,9.75,12576,0.0,0.0
2024-06-13 05:05:00+00:00,9.75,9.75,9.75,9.75,2000,0.0,0.0
2024-06-13 05:10:00+00:00,9.729999542236328,9.729999542236328,9.729999542236328,9.729999542236328,14000,0.0,0.0
2024-06-13 05:15:00+00:00,9.729999542236328,9.75,9.720000267028809,9.729999542236328,38904,0.0,0.0
2024-06-13 05:20:00+00:00,9.739999771118164,9.739999771118164,9.710000038146973,9.710000038146973,133549,0.0,0.0
2024-06-14 01:00:00+00:00,9.729999542236328,9.729999542236328,9.729999542236328,9.729999542236328,0,0.0,0.0
2024-06-14 01:05:00+00:00,9.729999542236328,9.729999542236328,9.720000267028809,9.720000267028809,17800,0.0,0.0
2024-06-14 01:10:00+00:00,9.720000267028809,9.729999542236328,9.710000038146973,9.710000038146973,18850,0.0,0.0
2024-06-14 01:15:00+00:00,9.720000267028809,9.720000267028809,9.710000038146973,9.710000038146973,52132,0.0,0.0
2024-06-14 01:20:00+00:00,9.710000038146973,9.75,9.710000038146973,9.75,6003,0.0,0.0
2024-06-14 01:25:00+00:00,9.739999771118164,9.739999771118164,9.699999809265137,9.699999809265137,99455,0.0,0.0
2024-06-14 01:30:00+00:00,9.710000038146973,9.760000228881836,9.710000038146973,9.739999771118164,113000,0.0,0.0
2024-06-14 01:35:00+00:00,9.760000228881836,9.760000228881836,9.75,9.75,6180,0.0,0.0
2024-06-14 01:40:00+00:00,9.729999542236328,9.739999771118164,9.729999542236328,9.739999771118164,8080,0.0,0.0
2024-06-14 01:45:00+00:00,9.739999771118164,9.760000228881836,9.739999771118164,9.75,20080,0.0,0.0
2024-06-14 01:50:00+00:00,9.770000457763672,9.770000457763672,9.75,9.75,5659,0.0,0.0
2024-06-14 01:55:00+00:00,9.75,9.75,9.739999771118164,9.75,71105,0.0,0.0
2024-06-14 02:00:00+00:00,9.760000228881836,9.779999732971191,9.75,9.75,29908,0.0,0.0
2024-06-14 02:05:00+00:00,9.75,9.770000457763672,9.75,9.770000457763672,119000,0.0,0.0
2024-06-14 02:10:00+00:00,9.770000457763672,9.800000190734863,9.770000457763672,9.800000190734863,92202,0.0,0.0
2024-06-14 02:15:00+00:00,9.8100004196167,9.8100004196167,9.800000190734863,9.800000190734863,5040,0.0,0.0
2024-06-14 02:20:00+00:00,9.800000190734863,9.800000190734863,9.800000190734863,9.800000190734863,1000,0.0,0.0
2024-06-14 02:25:00+00:00,9.789999961853027,9.800000190734863,9.760000228881836,9.760000228881836,39040,0.0,0.0
2024-06-14 02:30:00+00:00,9.760000228881836,9.760000228881836,9.760000228881836,9.760000228881836,11110,0.0,0.0
2024-06-14 02:45:00+00:00,9.760000228881836,9.760000228881836,9.760000228881836,9.760000228881836,23271,0.0,0.0
2024-06-14 02:55:00+00:00,9.770000457763672,9.770000457763672,9.760000228881836,9.760000228881836,14000,0.0,0.0
2024-06-14 03:00:00+00:00,9.75,9.75,9.75,9.75,25518,0.0,0.0
2024-06-14 03:05:00+00:00,9.760000228881836,9.760000228881836,9.760000228881836,9.760000228881836,22000,0.0,0.0
2024-06-14 03:10:00+00:00,9.760000228881836,9.760000228881836,9.760000228881836,9.760000228881836,1520,0.0,0.0
2024-06-14 03:15:00+00:00,9.760000228881836,9.760000228881836,9.760000228881836,9.760000228881836,7000,0.0,0.0
2024-06-14 03:20:00+00:00,9.75,9.75,9.75,9.75,13020,0.0,0.0
2024-06-14 03:25:00+00:00,9.75,9.75,9.75,9.75,16053,0.0,0.0
2024-06-14 03:30:00+00:00,9.75,9.75,9.739999771118164,9.75,23587,0.0,0.0
2024-06-14 03:35:00+00:00,9.75,9.75,9.75,9.75,1000,0.0,0.0
2024-06-14 03:40:00+00:00,9.75,9.760000228881836,9.739999771118164,9.739999771118164,13000,0.0,0.0
2024-06-14 03:45:00+00:00,9.739999771118164,9.739999771118164,9.739999771118164,9.739999771118164,31602,0.0,0.0
2024-06-14 03:50:00+00:00,9.75,9.75,9.75,9.75,2000,0.0,0.0
2024-06-14 03:55:00+00:00,9.75,9.75,9.75,9.75,1050,0.0,0.0
2024-06-14 04:00:00+00:00,9.75,9.760000228881836,9.75,9.760000228881836,3417,0.0,0.0
2024-06-14 04:05:00+00:00,9.75,9.75,9.75,9.75,6133,0.0,0.0
2024-06-14 04:15:00+00:00,9.75,9.75,9.75,9.75,1002,0.0,0.0
2024-06-14 04:20:00+00:00,9.739999771118164,9.739999771118164,9.739999771118164,9.739999771118164,30400,0.0,0.0
2024-06-14 04:25:00+00:00,9.739999771118164,9.739999771118164,9.739999771118164,9.739999771118164,5000,0.0,0.0
2024-06-14 04:30:00+00:00,9.75,9.75,9.75,9.75,6200,0.0,0.0
2024-06-14 04:35:00+00:00,9.739999771118164,9.739999771118164,9.739999771118164,9.739999771118164,10000,0.0,0.0
2024-06-14 04:45:00+00:00,9.729999542236328,9.729999542236328,9.729999542236328,9.729999542236328,6333,0.0,0.0
2024-06-14 04:55:00+00:00,9.739999771118164,9.739999771118164,9.729999542236328,9.729999542236328,45058,0.0,0.0
2024-06-14 05:00:00+00:00,9.739999771118164,9.75,9.739999771118164,9.75,18330,0.0,0.0
2024-06-14 05:05:00+00:00,9.75,9.75,9.739999771118164,9.739999771118164,5417,0.0,0.0
2024-06-14 05:10:00+00:00,9.739999771118164,9.739999771118164,9.729999542236328,9.729999542236328,6000,0.0,0.0
2024-06-14 05:15:00+00:00,9.729999542236328,9.760000228881836,9.729999542236328,9.760000228881836,9011,0.0,0.0
2024-06-14 05:20:00+00:00,9.739999771118164,9.739999771118164,9.729999542236328,9.729999542236328,25201,0.0,0.0
2024-06-17 01:00:00+00:00,9.760000228881836,9.760000228881836,9.710000038146973,9.710000038146973,0,0.0,0.0
2024-06-17 01:05:00+00:00,9.729999542236328,9.729999542236328,9.710000038146973,9.720000267028809,6352,0.0,0.0
2024-06-17 01:10:00+00:00,9.729999542236328,9.729999542236328,9.729999542236328,9.729999542236328,6072,0.0,0.0
2024-06-17 01:15:00+00:00,9.729999542236328,9.760000228881836,9.729999542236328,9.760000228881836,14080,0.0,0.0
2024-06-17 01:20:00+00:00,9.739999771118164,9.75,9.739999771118164,9.75,8279,0.0,0.0
2024-06-17 01:30:00+00:00,9.739999771118164,9.75,9.729999542236328,9.729999542236328,54901,0.0,0.0
2024-06-17 01:35:00+00:00,9.720000267028809,9.789999961853027,9.720000267028809,9.789999961853027,236679,0.0,0.0
2024-06-17 01:40:00+00:00,9.789999961853027,9.8100004196167,9.789999961853027,9.800000190734863,71953,0.0,0.0
2024-06-17 01:45:00+00:00,9.800000190734863,9.800000190734863,9.800000190734863,9.800000190734863,2450,0.0,0.0
2024-06-17 01:50:00+00:00,9.779999732971191,9.779999732971191,9.779999732971191,9.779999732971191,4401,0.0,0.0
2024-06-17 02:00:00+00:00,9.779999732971191,9.779999732971191,9.779999732971191,9.779999732971191,2121,0.0,0.0
2024-06-17 02:05:00+00:00,9.779999732971191,9.789999961853027,9.779999732971191,9.789999961853027,8140,0.0,0.0
2024-06-17 02:10:00+00:00,9.779999732971191,9.779999732971191,9.770000457763672,9.770000457763672,68702,0.0,0.0
2024-06-17 02:15:00+00:00,9.770000457763672,9.770000457763672,9.760000228881836,9.760000228881836,5896,0.0,0.0
2024-06-17 02:20:00+00:00,9.760000228881836,9.760000228881836,9.760000228881836,9.760000228881836,4045,0.0,0.0
2024-06-17 02:25:00+00:00,9.770000457763672,9.770000457763672,9.770000457763672,9.770000457763672,2280,0.0,0.0
2024-06-17 02:45:00+00:00,9.760000228881836,9.770000457763672,9.760000228881836,9.770000457763672,12121,0.0,0.0
2024-06-17 03:00:00+00:00,9.760000228881836,9.770000457763672,9.760000228881836,9.770000457763672,2153,0.0,0.0
2024-06-17 03:05:00+00:00,9.770000457763672,9.789999961853027,9.770000457763672,9.789999961853027,10619,0.0,0.0
2024-06-17 03:15:00+00:00,9.789999961853027,9.789999961853027,9.789999961853027,9.789999961853027,2882,0.0,0.0
2024-06-17 03:25:00+00:00,9.779999732971191,9.779999732971191,9.770000457763672,9.770000457763672,2010,0.0,0.0
2024-06-17 03:30:00+00:00,9.779999732971191,9.779999732971191,9.779999732971191,9.779999732971191,2308,0.0,0.0
2024-06-17 03:35:00+00:00,9.770000457763672,9.779999732971191,9.770000457763672,9.779999732971191,16000,0.0,0.0
2024-06-17 03:40:00+00:00,9.779999732971191,9.779999732971191,9.779999732971191,9.779999732971191,3220,0.0,0.0
2024-06-17 03:45:00+00:00,9.779999732971191,9.779999732971191,9.779999732971191,9.779999732971191,6180,0.0,0.0
2024-06-17 03:55:00+00:00,9.779999732971191,9.789999961853027,9.779999732971191,9.789999961853027,5101,0.0,0.0
2024-06-17 04:00:00+00:00,9.789999961853027,9.789999961853027,9.789999961853027,9.789999961853027,1000,0.0,0.0
2024-06-17 04:05:00+00:00,9.789999961853027,9.789999961853027,9.789999961853027,9.789999961853027,12608,0.0,0.0
2024-06-17 04:10:00+00:00,9.789999961853027,9.789999961853027,9.789999961853027,9.789999961853027,3225,0.0,0.0
2024-06-17 04:15:00+00:00,9.789999961853027,9.789999961853027,9.789999961853027,9.789999961853027,1031,0.0,0.0
2024-06-17 04:25:00+00:00,9.789999961853027,9.789999961853027,9.789999961853027,9.789999961853027,11206,0.0,0.0
2024-06-17 04:30:00+00:00,9.789999961853027,9.789999961853027,9.789999961853027,9.789999961853027,5310,0.0,0.0
2024-06-17 04:35:00+00:00,9.789999961853027,9.789999961853027,9.789999961853027,9.789999961853027,9935,0.0,0.0
2024-06-17 04:40:00+00:00,9.789999961853027,9.789999961853027,9.789999961853027,9.789999961853027,5200,0.0,0.0
2024-06-17 04:45:00+00:00,9.789999961853027,9.789999961853027,9.789999961853027,9.789999961853027,2000,0.0,0.0
2024-06-17 04:50:00+00:00,9.789999961853027,9.789999961853027,9.789999961853027,9.789999961853027,5000,0.0,0.0
2024-06-17 04:55:00+00:00,9.789999961853027,9.789999961853027,9.779999732971191,9.779999732971191,14386,0.0,0.0
2024-06-17 05:10:00+00:00,9.770000457763672,9.770000457763672,9.770000457763672,9.770000457763672,6000,0.0,0.0
2024-06-17 05:15:00+00:00,9.770000457763672,9.770000457763672,9.760000228881836,9.760000228881836,42526,0.0,0.0
2024-06-17 05:20:00+00:00,9.760000228881836,9.760000228881836,9.75,9.75,14370,0.0,0.0
2024-06-18 01:00:00+00:00,9.760000228881836,9.800000190734863,9.760000228881836,9.800000190734863,0,0.0,0.0
2024-06-18 01:05:00+00:00,9.770000457763672,9.770000457763672,9.770000457763672,9.770000457763672,3252,0.0,0.0
2024-06-18 01:10:00+00:00,9.770000457763672,9.770000457763672,9.760000228881836,9.760000228881836,6460,0.0,0.0
2024-06-18 01:15:00+00:00,9.760000228881836,9.760000228881836,9.760000228881836,9.760000228881836,1000,0.0,0.0
2024-06-18 01:20:00+00:00,9.760000228881836,9.760000228881836,9.739999771118164,9.739999771118164,31114,0.0,0.0
2024-06-18 01:25:00+00:00,9.75,9.75,9.75,9.75,1035,0.0,0.0
2024-06-18 01:30:00+00:00,9.75,9.75,9.75,9.75,12329,0.0,0.0
2024-06-18 01:35:00+00:00,9.739999771118164,9.75,9.739999771118164,9.75,14355,0.0,0.0
2024-06-18 01:40:00+00:00,9.739999771118164,9.75,9.739999771118164,9.75,6102,0.0,0.0
2024-06-18 01:50:00+00:00,9.739999771118164,9.739999771118164,9.739999771118164,9.739999771118164,10000,0.0,0.0
2024-06-18 01:55:00+00:00,9.739999771118164,9.75,9.739999771118164,9.739999771118164,15036,0.0,0.0
2024-06-18 02:00:00+00:00,9.739999771118164,9.75,9.739999771118164,9.739999771118164,16486,0.0,0.0
2024-06-18 02:05:00+00:00,9.739999771118164,9.739999771118164,9.739999771118164,9.739999771118164,2284,0.0,0.0
2024-06-18 02:15:00+00:00,9.75,9.770000457763672,9.75,9.770000457763672,38000,0.0,0.0
2024-06-18 02:20:00+00:00,9.770000457763672,9.770000457763672,9.770000457763672,9.770000457763672,1156,0.0,0.0
2024-06-18 02:25:00+00:00,9.770000457763672,9.770000457763672,9.770000457763672,9.770000457763672,7120,0.0,0.0
2024-06-18 02:30:00+00:00,9.770000457763672,9.770000457763672,9.770000457763672,9.770000457763672,18021,0.0,0.0
2024-06-18 02:35:00+00:00,9.760000228881836,9.760000228881836,9.75,9.75,22170,0.0,0.0
2024-06-18 02:40:00+00:00,9.75,9.75,9.75,9.75,25351,0.0,0.0
2024-06-18 02:45:00+00:00,9.75,9.75,9.739999771118164,9.739999771118164,16990,0.0,0.0
2024-06-18 02:50:00+00:00,9.739999771118164,9.739999771118164,9.729999542236328,9.739999771118164,45214,0.0,0.0
2024-06-18 02:55:00+00:00,9.739999771118164,9.739999771118164,9.739999771118164,9.739999771118164,4000,0.0,0.0
2024-06-18 03:05:00+00:00,9.739999771118164,9.739999771118164,9.739999771118164,9.739999771118164,10080,0.0,0.0
2024-06-18 03:15:00+00:00,9.729999542236328,9.729999542236328,9.729999542236328,9.729999542236328,42000,0.0,0.0
2024-06-18 03:20:00+00:00,9.739999771118164,9.760000228881836,9.739999771118164,9.760000228881836,22000,0.0,0.0
2024-06-18 03:25:00+00:00,9.75,9.75,9.75,9.75,1800,0.0,0.0
2024-06-18 03:30:00+00:00,9.739999771118164,9.739999771118164,9.739999771118164,9.739999771118164,1239,0.0,0.0
2024-06-18 03:35:00+00:00,9.739999771118164,9.739999771118164,9.729999542236328,9.729999542236328,20280,0.0,0.0
2024-06-18 03:45:00+00:00,9.739999771118164,9.739999771118164,9.739999771118164,9.739999771118164,5000,0.0,0.0
2024-06-18 03:50:00+00:00,9.739999771118164,9.739999771118164,9.739999771118164,9.739999771118164,2000,0.0,0.0
2024-06-18 03:55:00+00:00,9.75,9.760000228881836,9.75,9.760000228881836,18000,0.0,0.0
2024-06-18 04:00:00+00:00,9.770000457763672,9.770000457763672,9.75,9.75,26025,0.0,0.0
2024-06-18 04:05:00+00:00,9.75,9.760000228881836,9.75,9.760000228881836,55400,0.0,0.0
2024-06-18 04:10:00+00:00,9.760000228881836,9.760000228881836,9.760000228881836,9.760000228881836,9200,0.0,0.0
2024-06-18 04:15:00+00:00,9.760000228881836,9.760000228881836,9.75,9.760000228881836,8000,0.0,0.0
2024-06-18 04:20:00+00:00,9.760000228881836,9.760000228881836,9.760000228881836,9.760000228881836,1000,0.0,0.0
2024-06-18 04:25:00+00:00,9.760000228881836,9.760000228881836,9.760000228881836,9.760000228881836,3229,0.0,0.0
2024-06-18 04:30:00+00:00,9.760000228881836,9.760000228881836,9.760000228881836,9.760000228881836,3000,0.0,0.0
2024-06-18 04:35:00+00:00,9.760000228881836,9.760000228881836,9.75,9.760000228881836,25229,0.0,0.0
2024-06-18 04:40:00+00:00,9.760000228881836,9.770000457763672,9.75,9.75,27179,0.0,0.0
2024-06-18 04:45:00+00:00,9.760000228881836,9.760000228881836,9.760000228881836,9.760000228881836,1325,0.0,0.0
2024-06-18 04:50:00+00:00,9.760000228881836,9.760000228881836,9.75,9.75,6062,0.0,0.0
2024-06-18 04:55:00+00:00,9.75,9.75,9.75,9.75,4440,0.0,0.0
2024-06-18 05:00:00+00:00,9.739999771118164,9.739999771118164,9.739999771118164,9.739999771118164,8000,0.0,0.0
2024-06-18 05:05:00+00:00,9.739999771118164,9.739999771118164,9.739999771118164,9.739999771118164,5000,0.0,0.0
2024-06-18 05:10:00+00:00,9.739999771118164,9.75,9.739999771118164,9.739999771118164,5000,0.0,0.0
2024-06-18 05:15:00+00:00,9.739999771118164,9.739999771118164,9.710000038146973,9.720000267028809,112253,0.0,0.0
2024-06-18 05:20:00+00:00,9.739999771118164,9.739999771118164,9.720000267028809,9.720000267028809,15311,0.0,0.0
2024-06-19 01:00:00+00:00,9.760000228881836,9.770000457763672,9.729999542236328,9.729999542236328,0,0.0,0.0
2024-06-19 01:05:00+00:00,9.729999542236328,9.729999542236328,9.729999542236328,9.729999542236328,12034,0.0,0.0
2024-06-19 01:10:00+00:00,9.739999771118164,9.739999771118164,9.739999771118164,9.739999771118164,11050,0.0,0.0
2024-06-19 01:15:00+00:00,9.729999542236328,9.729999542236328,9.729999542236328,9.729999542236328,45000,0.0,0.0
2024-06-19 01:20:00+00:00,9.729999542236328,9.729999542236328,9.720000267028809,9.720000267028809,26000,0.0,0.0
2024-06-19 01:25:00+00:00,9.720000267028809,9.720000267028809,9.720000267028809,9.720000267028809,7220,0.0,0.0
2024-06-19 01:30:00+00:00,9.720000267028809,9.720000267028809,9.720000267028809,9.720000267028809,21473,0.0,0.0
2024-06-19 01:35:00+00:00,9.720000267028809,9.720000267028809,9.710000038146973,9.720000267028809,28261,0.0,0.0
2024-06-19 01:40:00+00:00,9.720000267028809,9.720000267028809,9.6899995803833,9.710000038146973,203233,0.0,0.0
2024-06-19 01:45:00+00:00,9.710000038146973,9.710000038146973,9.699999809265137,9.699999809265137,15860,0.0,0.0
2024-06-19 01:50:00+00:00,9.710000038146973,9.720000267028809,9.710000038146973,9.720000267028809,17000,0.0,0.0
2024-06-19 01:55:00+00:00,9.720000267028809,9.720000267028809,9.710000038146973,9.710000038146973,7000,0.0,0.0
2024-06-19 02:00:00+00:00,9.720000267028809,9.720000267028809,9.710000038146973,9.710000038146973,18000,0.0,0.0
2024-06-19 02:05:00+00:00,9.710000038146973,9.720000267028809,9.710000038146973,9.720000267028809,8493,0.0,0.0
2024-06-19 02:10:00+00:00,9.720000267028809,9.720000267028809,9.720000267028809,9.720000267028809,9604,0.0,0.0
2024-06-19 02:15:00+00:00,9.739999771118164,9.739999771118164,9.729999542236328,9.739999771118164,17440,0.0,0.0
2024-06-19 02:20:00+00:00,9.739999771118164,9.779999732971191,9.739999771118164,9.770000457763672,62442,0.0,0.0
2024-06-19 02:25:00+00:00,9.760000228881836,9.779999732971191,9.739999771118164,9.739999771118164,102398,0.0,0.0
2024-06-19 02:30:00+00:00,9.739999771118164,9.770000457763672,9.739999771118164,9.770000457763672,12000,0.0,0.0
2024-06-19 02:35:00+00:00,9.770000457763672,9.770000457763672,9.760000228881836,9.760000228881836,12661,0.0,0.0
2024-06-19 02:50:00+00:00,9.729999542236328,9.739999771118164,9.729999542236328,9.729999542236328,38000,0.0,0.0
2024-06-19 02:55:00+00:00,9.739999771118164,9.739999771118164,9.729999542236328,9.729999542236328,41221,0.0,0.0
2024-06-19 03:00:00+00:00,9.729999542236328,9.729999542236328,9.729999542236328,9.729999542236328,12424,0.0,0.0
2024-06-19 03:05:00+00:00,9.729999542236328,9.739999771118164,9.729999542236328,9.739999771118164,8160,0.0,0.0
2024-06-19 03:10:00+00:00,9.739999771118164,9.739999771118164,9.729999542236328,9.739999771118164,7400,0.0,0.0
2024-06-19 03:15:00+00:00,9.739999771118164,9.739999771118164,9.720000267028809,9.720000267028809,27000,0.0,0.0
2024-06-19 03:20:00+00:00,9.729999542236328,9.729999542236328,9.720000267028809,9.720000267028809,24000,0.0,0.0
2024-06-19 03:30:00+00:00,9.729999542236328,9.729999542236328,9.720000267028809,9.720000267028809,15029,0.0,0.0
2024-06-19 03:35:00+00:00,9.729999542236328,9.729999542236328,9.720000267028809,9.720000267028809,38797,0.0,0.0
2024-06-19 03:40:00+00:00,9.729999542236328,9.729999542236328,9.720000267028809,9.720000267028809,9129,0.0,0.0
2024-06-19 03:45:00+00:00,9.720000267028809,9.720000267028809,9.720000267028809,9.720000267028809,27026,0.0,0.0
2024-06-19 03:50:00+00:00,9.720000267028809,9.729999542236328,9.720000267028809,9.729999542236328,56000,0.0,0.0
2024-06-19 03:55:00+00:00,9.729999542236328,9.739999771118164,9.729999542236328,9.739999771118164,9110,0.0,0.0
2024-06-19 04:00:00+00:00,9.739999771118164,9.739999771118164,9.720000267028809,9.739999771118164,14278,0.0,0.0
2024-06-19 04:05:00+00:00,9.739999771118164,9.739999771118164,9.739999771118164,9.739999771118164,1000,0.0,0.0
2024-06-19 04:10:00+00:00,9.739999771118164,9.739999771118164,9.739999771118164,9.739999771118164,3030,0.0,0.0
2024-06-19 04:15:00+00:00,9.729999542236328,9.729999542236328,9.710000038146973,9.710000038146973,78890,0.0,0.0
2024-06-19 04:20:00+00:00,9.720000267028809,9.720000267028809,9.710000038146973,9.720000267028809,19000,0.0,0.0
2024-06-19 04:25:00+00:00,9.720000267028809,9.720000267028809,9.720000267028809,9.720000267028809,5109,0.0,0.0
2024-06-19 04:30:00+00:00,9.720000267028809,9.720000267028809,9.720000267028809,9.720000267028809,1053,0.0,0.0
2024-06-19 04:35:00+00:00,9.720000267028809,9.729999542236328,9.710000038146973,9.720000267028809,30682,0.0,0.0
2024-06-19 04:40:00+00:00,9.720000267028809,9.720000267028809,9.720000267028809,9.720000267028809,17000,0.0,0.0
2024-06-19 04:45:00+00:00,9.720000267028809,9.729999542236328,9.720000267028809,9.729999542236328,7324,0.0,0.0
2024-06-19 04:50:00+00:00,9.720000267028809,9.720000267028809,9.699999809265137,9.699999809265137,116173,0.0,0.0
2024-06-19 04:55:00+00:00,9.699999809265137,9.699999809265137,9.699999809265137,9.699999809265137,2462,0.0,0.0
2024-06-19 05:00:00+00:00,9.699999809265137,9.699999809265137,9.699999809265137,9.699999809265137,14788,0.0,0.0
2024-06-19 05:05:00+00:00,9.699999809265137,9.699999809265137,9.6899995803833,9.699999809265137,33581,0.0,0.0
2024-06-19 05:10:00+00:00,9.6899995803833,9.6899995803833,9.6899995803833,9.6899995803833,37316,0.0,0.0
2024-06-19 05:15:00+00:00,9.6899995803833,9.699999809265137,9.6899995803833,9.6899995803833,30311,0.0,0.0
2024-06-19 05:20:00+00:00,9.6899995803833,9.6899995803833,9.680000305175781,9.680000305175781,30762,0.0,0.0
2024-06-20 01:00:00+00:00,9.720000267028809,9.739999771118164,9.6899995803833,9.720000267028809,0,0.0,0.0
2024-06-20 01:05:00+00:00,9.720000267028809,9.720000267028809,9.720000267028809,9.720000267028809,2765,0.0,0.0
2024-06-20 01:10:00+00:00,9.699999809265137,9.699999809265137,9.699999809265137,9.699999809265137,1249,0.0,0.0
2024-06-20 01:15:00+00:00,9.699999809265137,9.699999809265137,9.680000305175781,9.680000305175781,53120,0.0,0.0
2024-06-20 01:20:00+00:00,9.670000076293945,9.680000305175781,9.65999984741211,9.65999984741211,35087,0.0,0.0
2024-06-20 01:25:00+00:00,9.670000076293945,9.670000076293945,9.670000076293945,9.670000076293945,3100,0.0,0.0
2024-06-20 01:30:00+00:00,9.680000305175781,9.6899995803833,9.680000305175781,9.6899995803833,9062,0.0,0.0
2024-06-20 01:35:00+00:00,9.6899995803833,9.6899995803833,9.670000076293945,9.670000076293945,44195,0.0,0.0
2024-06-20 01:40:00+00:00,9.670000076293945,9.6899995803833,9.65999984741211,9.6899995803833,9000,0.0,0.0
2024-06-20 01:45:00+00:00,9.670000076293945,9.680000305175781,9.670000076293945,9.680000305175781,29340,0.0,0.0
2024-06-20 01:50:00+00:00,9.680000305175781,9.6899995803833,9.680000305175781,9.6899995803833,22120,0.0,0.0
2024-06-20 01:55:00+00:00,9.6899995803833,9.6899995803833,9.6899995803833,9.6899995803833,11680,0.0,0.0
2024-06-20 02:00:00+00:00,9.6899995803833,9.6899995803833,9.6899995803833,9.6899995803833,1085,0.0,0.0
2024-06-20 02:05:00+00:00,9.6899995803833,9.6899995803833,9.6899995803833,9.6899995803833,4270,0.0,0.0
2024-06-20 02:10:00+00:00,9.6899995803833,9.6899995803833,9.680000305175781,9.680000305175781,7061,0.0,0.0
2024-06-20 02:15:00+00:00,9.680000305175781,9.680000305175781,9.680000305175781,9.680000305175781,5160,0.0,0.0
2024-06-20 02:20:00+00:00,9.680000305175781,9.6899995803833,9.680000305175781,9.6899995803833,67400,0.0,0.0
2024-06-20 02:25:00+00:00,9.680000305175781,9.6899995803833,9.680000305175781,9.6899995803833,7052,0.0,0.0
2024-06-20 02:30:00+00:00,9.6899995803833,9.699999809265137,9.6899995803833,9.699999809265137,6270,0.0,0.0
2024-06-20 02:35:00+00:00,9.6899995803833,9.6899995803833,9.680000305175781,9.680000305175781,91533,0.0,0.0
2024-06-20 02:40:00+00:00,9.680000305175781,9.680000305175781,9.670000076293945,9.680000305175781,66613,0.0,0.0
2024-06-20 02:45:00+00:00,9.680000305175781,9.680000305175781,9.680000305175781,9.680000305175781,1000,0.0,0.0
2024-06-20 02:50:00+00:00,9.680000305175781,9.680000305175781,9.680000305175781,9.680000305175781,14413,0.0,0.0
2024-06-20 02:55:00+00:00,9.670000076293945,9.680000305175781,9.670000076293945,9.680000305175781,12415,0.0,0.0
2024-06-20 03:00:00+00:00,9.6899995803833,9.6899995803833,9.6899995803833,9.6899995803833,16211,0.0,0.0
2024-06-20 03:05:00+00:00,9.6899995803833,9.6899995803833,9.670000076293945,9.670000076293945,11349,0.0,0.0
2024-06-20 03:10:00+00:00,9.680000305175781,9.6899995803833,9.670000076293945,9.6899995803833,8462,0.0,0.0
2024-06-20 03:15:00+00:00,9.680000305175781,9.680000305175781,9.65999984741211,9.65999984741211,83283,0.0,0.0
2024-06-20 03:20:00+00:00,9.6899995803833,9.6899995803833,9.6899995803833,9.6899995803833,21000,0.0,0.0
2024-06-20 03:25:00+00:00,9.6899995803833,9.6899995803833,9.65999984741211,9.65999984741211,50304,0.0,0.0
2024-06-20 03:30:00+00:00,9.65999984741211,9.670000076293945,9.65999984741211,9.670000076293945,17000,0.0,0.0
2024-06-20 03:35:00+00:00,9.670000076293945,9.670000076293945,9.670000076293945,9.670000076293945,8392,0.0,0.0
2024-06-20 03:40:00+00:00,9.670000076293945,9.680000305175781,9.670000076293945,9.680000305175781,7186,0.0,0.0
2024-06-20 03:45:00+00:00,9.680000305175781,9.680000305175781,9.680000305175781,9.680000305175781,5479,0.0,0.0
2024-06-20 03:50:00+00:00,9.680000305175781,9.680000305175781,9.680000305175781,9.680000305175781,2160,0.0,0.0
2024-06-20 04:00:00+00:00,9.680000305175781,9.680000305175781,9.680000305175781,9.680000305175781,1000,0.0,0.0
2024-06-20 04:05:00+00:00,9.680000305175781,9.680000305175781,9.65999984741211,9.65999984741211,105500,0.0,0.0
2024-06-20 04:10:00+00:00,9.65999984741211,9.65999984741211,9.65999984741211,9.65999984741211,21409,0.0,0.0
2024-06-20 04:20:00+00:00,9.680000305175781,9.680000305175781,9.680000305175781,9.680000305175781,12400,0.0,0.0
2024-06-20 04:25:00+00:00,9.680000305175781,9.6899995803833,9.680000305175781,9.6899995803833,17735,0.0,0.0
2024-06-20 04:30:00+00:00,9.6899995803833,9.6899995803833,9.680000305175781,9.6899995803833,16531,0.0,0.0
2024-06-20 04:35:00+00:00,9.6899995803833,9.6899995803833,9.6899995803833,9.6899995803833,19080,0.0,0.0
2024-06-20 04:40:00+00:00,9.699999809265137,9.699999809265137,9.699999809265137,9.699999809265137,22422,0.0,0.0
2024-06-20 04:45:00+00:00,9.699999809265137,9.720000267028809,9.699999809265137,9.710000038146973,15200,0.0,0.0
2024-06-20 04:50:00+00:00,9.6899995803833,9.710000038146973,9.6899995803833,9.710000038146973,11215,0.0,0.0
2024-06-20 04:55:00+00:00,9.699999809265137,9.699999809265137,9.6899995803833,9.6899995803833,85000,0.0,0.0
2024-06-20 05:00:00+00:00,9.699999809265137,9.699999809265137,9.680000305175781,9.6899995803833,11201,0.0,0.0
2024-06-20 05:05:00+00:00,9.6899995803833,9.6899995803833,9.6899995803833,9.6899995803833,17051,0.0,0.0
2024-06-20 05:10:00+00:00,9.6899995803833,9.6899995803833,9.6899995803833,9.6899995803833,1308,0.0,0.0
2024-06-20 05:15:00+00:00,9.6899995803833,9.6899995803833,9.6899995803833,9.6899995803833,9360,0.0,0.0
2024-06-20 05:20:00+00:00,9.6899995803833,9.6899995803833,9.680000305175781,9.680000305175781,25781,0.0,0.0
2024-06-21 01:00:00+00:00,9.680000305175781,9.6899995803833,9.680000305175781,9.6899995803833,0,0.0,0.0
2024-06-21 01:05:00+00:00,9.680000305175781,9.699999809265137,9.670000076293945,9.670000076293945,47617,0.0,0.0
2024-06-21 01:10:00+00:00,9.680000305175781,9.680000305175781,9.65999984741211,9.65999984741211,63364,0.0,0.0
2024-06-21 01:15:00+00:00,9.6899995803833,9.6899995803833,9.6899995803833,9.6899995803833,3410,0.0,0.0
2024-06-21 01:20:00+00:00,9.680000305175781,9.699999809265137,9.680000305175781,9.699999809265137,16252,0.0,0.0
2024-06-21 01:25:00+00:00,9.6899995803833,9.710000038146973,9.6899995803833,9.6899995803833,31121,0.0,0.0
2024-06-21 01:30:00+00:00,9.6899995803833,9.6899995803833,9.6899995803833,9.6899995803833,6010,0.0,0.0
2024-06-21 01:35:00+00:00,9.680000305175781,9.6899995803833,9.680000305175781,9.680000305175781,127360,0.0,0.0
2024-06-21 01:40:00+00:00,9.6899995803833,9.6899995803833,9.6899995803833,9.6899995803833,4179,0.0,0.0
2024-06-21 01:45:00+00:00,9.6899995803833,9.6899995803833,9.6899995803833,9.6899995803833,1000,0.0,0.0
2024-06-21 01:50:00+00:00,9.6899995803833,9.6899995803833,9.6899995803833,9.6899995803833,4163,0.0,0.0
2024-06-21 01:55:00+00:00,9.699999809265137,9.720000267028809,9.699999809265137,9.710000038146973,93372,0.0,0.0
2024-06-21 02:05:00+00:00,9.710000038146973,9.710000038146973,9.710000038146973,9.710000038146973,11000,0.0,0.0
2024-06-21 02:10:00+00:00,9.710000038146973,9.710000038146973,9.699999809265137,9.699999809265137,9879,0.0,0.0
2024-06-21 02:20:00+00:00,9.710000038146973,9.720000267028809,9.710000038146973,9.720000267028809,3055,0.0,0.0
2024-06-21 02:25:00+00:00,9.699999809265137,9.699999809265137,9.699999809265137,9.699999809265137,2698,0.0,0.0
2024-06-21 02:30:00+00:00,9.710000038146973,9.710000038146973,9.710000038146973,9.710000038146973,1000,0.0,0.0
2024-06-21 02:40:00+00:00,9.710000038146973,9.710000038146973,9.710000038146973,9.710000038146973,2408,0.0,0.0
2024-06-21 02:45:00+00:00,9.720000267028809,9.720000267028809,9.720000267028809,9.720000267028809,5000,0.0,0.0
2024-06-21 02:50:00+00:00,9.720000267028809,9.720000267028809,9.720000267028809,9.720000267028809,11147,0.0,0.0
2024-06-21 02:55:00+00:00,9.720000267028809,9.729999542236328,9.720000267028809,9.729999542236328,26000,0.0,0.0
2024-06-21 03:00:00+00:00,9.729999542236328,9.729999542236328,9.729999542236328,9.729999542236328,16550,0.0,0.0
2024-06-21 03:05:00+00:00,9.729999542236328,9.729999542236328,9.720000267028809,9.720000267028809,25000,0.0,0.0
2024-06-21 03:10:00+00:00,9.720000267028809,9.720000267028809,9.710000038146973,9.710000038146973,30024,0.0,0.0
2024-06-21 03:15:00+00:00,9.729999542236328,9.729999542236328,9.729999542236328,9.729999542236328,3314,0.0,0.0
2024-06-21 03:20:00+00:00,9.720000267028809,9.729999542236328,9.710000038146973,9.710000038146973,21040,0.0,0.0
2024-06-21 03:25:00+00:00,9.720000267028809,9.729999542236328,9.720000267028809,9.729999542236328,9030,0.0,0.0
2024-06-21 03:30:00+00:00,9.710000038146973,9.710000038146973,9.710000038146973,9.710000038146973,14000,0.0,0.0
2024-06-21 03:35:00+00:00,9.710000038146973,9.710000038146973,9.710000038146973,9.710000038146973,19035,0.0,0.0
2024-06-21 03:45:00+00:00,9.710000038146973,9.710000038146973,9.710000038146973,9.710000038146973,16200,0.0,0.0
2024-06-21 03:50:00+00:00,9.710000038146973,9.710000038146973,9.710000038146973,9.710000038146973,1000,0.0,0.0
2024-06-21 03:55:00+00:00,9.729999542236328,9.729999542236328,9.729999542236328,9.729999542236328,14000,0.0,0.0
2024-06-21 04:00:00+00:00,9.729999542236328,9.729999542236328,9.729999542236328,9.729999542236328,2000,0.0,0.0
2024-06-21 04:05:00+00:00,9.729999542236328,9.729999542236328,9.729999542236328,9.729999542236328,25137,0.0,0.0
2024-06-21 04:10:00+00:00,9.729999542236328,9.729999542236328,9.729999542236328,9.729999542236328,3000,0.0,0.0
2024-06-21 04:15:00+00:00,9.729999542236328,9.729999542236328,9.729999542236328,9.729999542236328,33038,0.0,0.0
2024-06-21 04:20:00+00:00,9.729999542236328,9.729999542236328,9.729999542236328,9.729999542236328,17100,0.0,0.0
2024-06-21 04:25:00+00:00,9.720000267028809,9.720000267028809,9.720000267028809,9.720000267028809,2280,0.0,0.0
2024-06-21 04:30:00+00:00,9.729999542236328,9.739999771118164,9.729999542236328,9.739999771118164,79034,0.0,0.0
2024-06-21 04:35:00+00:00,9.739999771118164,9.739999771118164,9.739999771118164,9.739999771118164,3500,0.0,0.0
2024-06-21 04:40:00+00:00,9.739999771118164,9.739999771118164,9.739999771118164,9.739999771118164,11100,0.0,0.0
2024-06-21 04:45:00+00:00,9.739999771118164,9.739999771118164,9.739999771118164,9.739999771118164,2666,0.0,0.0
2024-06-21 04:50:00+00:00,9.739999771118164,9.739999771118164,9.739999771118164,9.739999771118164,9100,0.0,0.0
2024-06-21 04:55:00+00:00,9.739999771118164,9.770000457763672,9.739999771118164,9.770000457763672,132265,0.0,0.0
2024-06-21 05:00:00+00:00,9.760000228881836,9.770000457763672,9.760000228881836,9.770000457763672,7073,0.0,0.0
2024-06-21 05:05:00+00:00,9.770000457763672,9.770000457763672,9.760000228881836,9.770000457763672,19250,0.0,0.0
2024-06-21 05:10:00+00:00,9.770000457763672,9.770000457763672,9.760000228881836,9.760000228881836,9000,0.0,0.0
2024-06-21 05:15:00+00:00,9.75,9.760000228881836,9.75,9.75,19000,0.0,0.0
2024-06-21 05:20:00+00:00,9.75,9.779999732971191,9.75,9.779999732971191,59621,0.0,0.0
2024-06-24 01:00:00+00:00,9.760000228881836,9.880000114440918,9.760000228881836,9.859999656677246,0,0.0,0.0
2024-06-24 01:05:00+00:00,9.859999656677246,9.859999656677246,9.819999694824219,9.819999694824219,67171,0.0,0.0
2024-06-24 01:10:00+00:00,9.819999694824219,9.819999694824219,9.819999694824219,9.819999694824219,26200,0.0,0.0
2024-06-24 01:15:00+00:00,9.819999694824219,9.819999694824219,9.789999961853027,9.789999961853027,61616,0.0,0.0
2024-06-24 01:20:00+00:00,9.789999961853027,9.789999961853027,9.779999732971191,9.779999732971191,18700,0.0,0.0
2024-06-24 01:25:00+00:00,9.779999732971191,9.779999732971191,9.770000457763672,9.779999732971191,13099,0.0,0.0
2024-06-24 01:30:00+00:00,9.770000457763672,9.779999732971191,9.770000457763672,9.779999732971191,31004,0.0,0.0
2024-06-24 01:35:00+00:00,9.779999732971191,9.779999732971191,9.770000457763672,9.770000457763672,14000,0.0,0.0
2024-06-24 01:40:00+00:00,9.760000228881836,9.789999961853027,9.760000228881836,9.770000457763672,12000,0.0,0.0
2024-06-24 01:45:00+00:00,9.770000457763672,9.800000190734863,9.770000457763672,9.800000190734863,9000,0.0,0.0
2024-06-24 01:50:00+00:00,9.8100004196167,9.8100004196167,9.8100004196167,9.8100004196167,7410,0.0,0.0
2024-06-24 01:55:00+00:00,9.8100004196167,9.819999694824219,9.8100004196167,9.8100004196167,35472,0.0,0.0
2024-06-24 02:00:00+00:00,9.8100004196167,9.8100004196167,9.8100004196167,9.8100004196167,14500,0.0,0.0
2024-06-24 02:05:00+00:00,9.8100004196167,9.819999694824219,9.8100004196167,9.819999694824219,18030,0.0,0.0
2024-06-24 02:10:00+00:00,9.819999694824219,9.829999923706055,9.819999694824219,9.829999923706055,22550,0.0,0.0
2024-06-24 02:15:00+00:00,9.84000015258789,9.84000015258789,9.829999923706055,9.829999923706055,25578,0.0,0.0
2024-06-24 02:20:00+00:00,9.829999923706055,9.829999923706055,9.819999694824219,9.819999694824219,13600,0.0,0.0
2024-06-24 02:25:00+00:00,9.819999694824219,9.819999694824219,9.8100004196167,9.8100004196167,4614,0.0,0.0
2024-06-24 02:30:00+00:00,9.8100004196167,9.8100004196167,9.8100004196167,9.8100004196167,13062,0.0,0.0
2024-06-24 02:35:00+00:00,9.819999694824219,9.819999694824219,9.819999694824219,9.819999694824219,13000,0.0,0.0
2024-06-24 02:45:00+00:00,9.819999694824219,9.819999694824219,9.819999694824219,9.819999694824219,3200,0.0,0.0
2024-06-24 02:50:00+00:00,9.819999694824219,9.819999694824219,9.819999694824219,9.819999694824219,10000,0.0,0.0
2024-06-24 02:55:00+00:00,9.819999694824219,9.819999694824219,9.8100004196167,9.8100004196167,24000,0.0,0.0
2024-06-24 03:00:00+00:00,9.8100004196167,9.8100004196167,9.8100004196167,9.8100004196167,7300,0.0,0.0
2024-06-24 03:05:00+00:00,9.819999694824219,9.819999694824219,9.819999694824219,9.819999694824219,20426,0.0,0.0
2024-06-24 03:15:00+00:00,9.8100004196167,9.8100004196167,9.8100004196167,9.8100004196167,13000,0.0,0.0
2024-06-24 03:20:00+00:00,9.8100004196167,9.8100004196167,9.800000190734863,9.800000190734863,25291,0.0,0.0
2024-06-24 03:30:00+00:00,9.800000190734863,9.800000190734863,9.800000190734863,9.800000190734863,3625,0.0,0.0
2024-06-24 03:35:00+00:00,9.800000190734863,9.800000190734863,9.800000190734863,9.800000190734863,8000,0.0,0.0
2024-06-24 03:40:00+00:00,9.800000190734863,9.8100004196167,9.800000190734863,9.8100004196167,17413,0.0,0.0
2024-06-24 03:50:00+00:00,9.8100004196167,9.8100004196167,9.8100004196167,9.8100004196167,4017,0.0,0.0
2024-06-24 03:55:00+00:00,9.819999694824219,9.819999694824219,9.8100004196167,9.8100004196167,13840,0.0,0.0
2024-06-24 04:00:00+00:00,9.819999694824219,9.819999694824219,9.819999694824219,9.819999694824219,26000,0.0,0.0
2024-06-24 04:05:00+00:00,9.800000190734863,9.800000190734863,9.800000190734863,9.800000190734863,2050,0.0,0.0
2024-06-24 04:10:00+00:00,9.8100004196167,9.8100004196167,9.8100004196167,9.8100004196167,2723,0.0,0.0
2024-06-24 04:20:00+00:00,9.800000190734863,9.800000190734863,9.800000190734863,9.800000190734863,28863,0.0,0.0
2024-06-24 04:25:00+00:00,9.800000190734863,9.800000190734863,9.800000190734863,9.800000190734863,22000,0.0,0.0
2024-06-24 04:30:00+00:00,9.800000190734863,9.800000190734863,9.800000190734863,9.800000190734863,10100,0.0,0.0
2024-06-24 04:35:00+00:00,9.800000190734863,9.800000190734863,9.800000190734863,9.800000190734863,8000,0.0,0.0
2024-06-24 04:40:00+00:00,9.800000190734863,9.800000190734863,9.800000190734863,9.800000190734863,4256,0.0,0.0
2024-06-24 04:45:00+00:00,9.800000190734863,9.800000190734863,9.789999961853027,9.800000190734863,22338,0.0,0.0
2024-06-24 04:55:00+00:00,9.800000190734863,9.800000190734863,9.789999961853027,9.789999961853027,24000,0.0,0.0
2024-06-24 05:00:00+00:00,9.800000190734863,9.800000190734863,9.800000190734863,9.800000190734863,2860,0.0,0.0
2024-06-24 05:05:00+00:00,9.789999961853027,9.789999961853027,9.789999961853027,9.789999961853027,56000,0.0,0.0
2024-06-24 05:10:00+00:00,9.789999961853027,9.789999961853027,9.789999961853027,9.789999961853027,17674,0.0,0.0
2024-06-24 05:20:00+00:00,9.800000190734863,9.800000190734863,9.779999732971191,9.779999732971191,17406,0.0,0.0
2024-06-25 01:00:00+00:00,9.850000381469727,9.850000381469727,9.800000190734863,9.800000190734863,0,0.0,0.0
2024-06-25 01:05:00+00:00,9.789999961853027,9.789999961853027,9.760000228881836,9.760000228881836,40703,0.0,0.0
2024-06-25 01:10:00+00:00,9.75,9.75,9.720000267028809,9.720000267028809,45282,0.0,0.0
2024-06-25 01:15:00+00:00,9.720000267028809,9.720000267028809,9.699999809265137,9.699999809265137,44166,0.0,0.0
2024-06-25 01:20:00+00:00,9.710000038146973,9.710000038146973,9.699999809265137,9.710000038146973,43237,0.0,0.0
2024-06-25 01:25:00+00:00,9.710000038146973,9.710000038146973,9.699999809265137,9.699999809265137,24467,0.0,0.0
2024-06-25 01:30:00+00:00,9.720000267028809,9.720000267028809,9.710000038146973,9.710000038146973,13028,0.0,0.0
2024-06-25 01:40:00+00:00,9.710000038146973,9.710000038146973,9.710000038146973,9.710000038146973,2000,0.0,0.0
2024-06-25 01:45:00+00:00,9.710000038146973,9.710000038146973,9.710000038146973,9.710000038146973,27067,0.0,0.0
2024-06-25 01:50:00+00:00,9.739999771118164,9.739999771118164,9.729999542236328,9.729999542236328,6173,0.0,0.0
2024-06-25 01:55:00+00:00,9.729999542236328,9.729999542236328,9.729999542236328,9.729999542236328,1000,0.0,0.0
2024-06-25 02:00:00+00:00,9.729999542236328,9.729999542236328,9.710000038146973,9.720000267028809,31120,0.0,0.0
2024-06-25 02:05:00+00:00,9.710000038146973,9.710000038146973,9.710000038146973,9.710000038146973,2460,0.0,0.0
2024-06-25 02:10:00+00:00,9.720000267028809,9.729999542236328,9.720000267028809,9.729999542236328,0,0.0,0.0
2024-06-25 02:15:00+00:00,9.720000267028809,9.720000267028809,9.699999809265137,9.699999809265137,368237,0.0,0.0
2024-06-25 02:20:00+00:00,9.720000267028809,9.720000267028809,9.699999809265137,9.699999809265137,12201,0.0,0.0
2024-06-25 02:25:00+00:00,9.699999809265137,9.720000267028809,9.699999809265137,9.710000038146973,18602,0.0,0.0
2024-06-25 02:30:00+00:00,9.720000267028809,9.720000267028809,9.720000267028809,9.720000267028809,4150,0.0,0.0
2024-06-25 02:35:00+00:00,9.710000038146973,9.720000267028809,9.710000038146973,9.720000267028809,38534,0.0,0.0
2024-06-25 02:40:00+00:00,9.720000267028809,9.720000267028809,9.710000038146973,9.710000038146973,74200,0.0,0.0
2024-06-25 02:45:00+00:00,9.710000038146973,9.720000267028809,9.699999809265137,9.720000267028809,33571,0.0,0.0
2024-06-25 02:55:00+00:00,9.720000267028809,9.720000267028809,9.699999809265137,9.699999809265137,96060,0.0,0.0
2024-06-25 03:00:00+00:00,9.699999809265137,9.720000267028809,9.699999809265137,9.720000267028809,48000,0.0,0.0
2024-06-25 03:05:00+00:00,9.710000038146973,9.710000038146973,9.710000038146973,9.710000038146973,6000,0.0,0.0
2024-06-25 03:10:00+00:00,9.720000267028809,9.720000267028809,9.720000267028809,9.720000267028809,3816,0.0,0.0
2024-06-25 03:15:00+00:00,9.720000267028809,9.720000267028809,9.720000267028809,9.720000267028809,11304,0.0,0.0
2024-06-25 03:20:00+00:00,9.710000038146973,9.710000038146973,9.710000038146973,9.710000038146973,5000,0.0,0.0
2024-06-25 03:25:00+00:00,9.710000038146973,9.720000267028809,9.710000038146973,9.720000267028809,2303,0.0,0.0
2024-06-25 03:30:00+00:00,9.720000267028809,9.720000267028809,9.720000267028809,9.720000267028809,7000,0.0,0.0
2024-06-25 03:35:00+00:00,9.720000267028809,9.720000267028809,9.720000267028809,9.720000267028809,4001,0.0,0.0
2024-06-25 03:40:00+00:00,9.720000267028809,9.720000267028809,9.720000267028809,9.720000267028809,11000,0.0,0.0
2024-06-25 03:45:00+00:00,9.710000038146973,9.729999542236328,9.710000038146973,9.729999542236328,12000,0.0,0.0
2024-06-25 03:50:00+00:00,9.720000267028809,9.720000267028809,9.720000267028809,9.720000267028809,4442,0.0,0.0
2024-06-25 03:55:00+00:00,9.720000267028809,9.720000267028809,9.720000267028809,9.720000267028809,1000,0.0,0.0
2024-06-25 04:00:00+00:00,9.720000267028809,9.729999542236328,9.720000267028809,9.720000267028809,8000,0.0,0.0
2024-06-25 04:05:00+00:00,9.729999542236328,9.739999771118164,9.729999542236328,9.739999771118164,6039,0.0,0.0
2024-06-25 04:10:00+00:00,9.739999771118164,9.739999771118164,9.729999542236328,9.729999542236328,9142,0.0,0.0
2024-06-25 04:15:00+00:00,9.729999542236328,9.729999542236328,9.729999542236328,9.729999542236328,2130,0.0,0.0
2024-06-25 04:20:00+00:00,9.75,9.75,9.75,9.75,3040,0.0,0.0
2024-06-25 04:25:00+00:00,9.739999771118164,9.739999771118164,9.729999542236328,9.729999542236328,9364,0.0,0.0
2024-06-25 04:30:00+00:00,9.739999771118164,9.739999771118164,9.739999771118164,9.739999771118164,9056,0.0,0.0
2024-06-25 04:35:00+00:00,9.739999771118164,9.739999771118164,9.739999771118164,9.739999771118164,6000,0.0,0.0
2024-06-25 04:40:00+00:00,9.739999771118164,9.739999771118164,9.739999771118164,9.739999771118164,3000,0.0,0.0
2024-06-25 04:45:00+00:00,9.729999542236328,9.729999542236328,9.710000038146973,9.710000038146973,42900,0.0,0.0
2024-06-25 04:50:00+00:00,9.720000267028809,9.720000267028809,9.720000267028809,9.720000267028809,1000,0.0,0.0
2024-06-25 04:55:00+00:00,9.720000267028809,9.729999542236328,9.720000267028809,9.729999542236328,7245,0.0,0.0
2024-06-25 05:05:00+00:00,9.729999542236328,9.729999542236328,9.729999542236328,9.729999542236328,14000,0.0,0.0
2024-06-25 05:10:00+00:00,9.729999542236328,9.739999771118164,9.720000267028809,9.720000267028809,39030,0.0,0.0
2024-06-25 05:15:00+00:00,9.729999542236328,9.729999542236328,9.729999542236328,9.729999542236328,13000,0.0,0.0
2024-06-25 05:20:00+00:00,9.729999542236328,9.729999542236328,9.729999542236328,9.729999542236328,17610,0.0,0.0
2024-06-26 01:00:00+00:00,9.75,9.75,9.75,9.75,0,0.0,0.0
2024-06-26 01:05:00+00:00,9.75,9.75,9.75,9.75,19133,0.0,0.0
2024-06-26 01:10:00+00:00,9.75,9.75,9.75,9.75,3000,0.0,0.0
2024-06-26 01:15:00+00:00,9.75,9.760000228881836,9.75,9.760000228881836,4000,0.0,0.0
2024-06-26 01:20:00+00:00,9.760000228881836,9.779999732971191,9.75,9.779999732971191,36000,0.0,0.0
2024-06-26 01:25:00+00:00,9.789999961853027,9.789999961853027,9.789999961853027,9.789999961853027,23568,0.0,0.0
2024-06-26 01:30:00+00:00,9.789999961853027,9.789999961853027,9.789999961853027,9.789999961853027,3084,0.0,0.0
2024-06-26 01:35:00+00:00,9.789999961853027,9.800000190734863,9.789999961853027,9.800000190734863,9468,0.0,0.0
2024-06-26 01:40:00+00:00,9.789999961853027,9.789999961853027,9.789999961853027,9.789999961853027,15692,0.0,0.0
2024-06-26 01:45:00+00:00,9.789999961853027,9.789999961853027,9.779999732971191,9.779999732971191,23000,0.0,0.0
2024-06-26 01:50:00+00:00,9.779999732971191,9.779999732971191,9.779999732971191,9.779999732971191,2120,0.0,0.0
2024-06-26 02:00:00+00:00,9.779999732971191,9.779999732971191,9.779999732971191,9.779999732971191,30877,0.0,0.0
2024-06-26 02:05:00+00:00,9.779999732971191,9.779999732971191,9.779999732971191,9.779999732971191,11100,0.0,0.0
2024-06-26 02:10:00+00:00,9.779999732971191,9.779999732971191,9.770000457763672,9.770000457763672,40500,0.0,0.0
2024-06-26 02:15:00+00:00,9.779999732971191,9.779999732971191,9.770000457763672,9.770000457763672,8000,0.0,0.0
2024-06-26 02:20:00+00:00,9.760000228881836,9.770000457763672,9.760000228881836,9.770000457763672,7040,0.0,0.0
2024-06-26 02:25:00+00:00,9.760000228881836,9.760000228881836,9.75,9.75,59335,0.0,0.0
2024-06-26 02:30:00+00:00,9.75,9.760000228881836,9.75,9.760000228881836,13153,0.0,0.0
2024-06-26 02:35:00+00:00,9.770000457763672,9.770000457763672,9.770000457763672,9.770000457763672,6012,0.0,0.0
2024-06-26 02:40:00+00:00,9.760000228881836,9.760000228881836,9.760000228881836,9.760000228881836,6200,0.0,0.0
2024-06-26 02:45:00+00:00,9.760000228881836,9.760000228881836,9.760000228881836,9.760000228881836,1000,0.0,0.0
2024-06-26 02:50:00+00:00,9.770000457763672,9.770000457763672,9.770000457763672,9.770000457763672,8000,0.0,0.0
2024-06-26 02:55:00+00:00,9.75,9.75,9.75,9.75,7000,0.0,0.0
2024-06-26 03:00:00+00:00,9.75,9.75,9.75,9.75,2125,0.0,0.0
2024-06-26 03:10:00+00:00,9.75,9.75,9.75,9.75,32000,0.0,0.0
2024-06-26 03:15:00+00:00,9.75,9.75,9.75,9.75,15200,0.0,0.0
2024-06-26 03:20:00+00:00,9.75,9.75,9.75,9.75,2781,0.0,0.0
2024-06-26 03:25:00+00:00,9.739999771118164,9.760000228881836,9.739999771118164,9.760000228881836,25263,0.0,0.0
2024-06-26 03:30:00+00:00,9.739999771118164,9.739999771118164,9.699999809265137,9.699999809265137,99726,0.0,0.0
2024-06-26 03:35:00+00:00,9.710000038146973,9.710000038146973,9.6899995803833,9.6899995803833,48243,0.0,0.0
2024-06-26 03:40:00+00:00,9.710000038146973,9.720000267028809,9.710000038146973,9.720000267028809,11909,0.0,0.0
2024-06-26 03:45:00+00:00,9.720000267028809,9.720000267028809,9.720000267028809,9.720000267028809,7330,0.0,0.0
2024-06-26 03:50:00+00:00,9.729999542236328,9.729999542236328,9.729999542236328,9.729999542236328,8101,0.0,0.0
2024-06-26 03:55:00+00:00,9.729999542236328,9.729999542236328,9.729999542236328,9.729999542236328,8200,0.0,0.0
2024-06-26 04:00:00+00:00,9.729999542236328,9.729999542236328,9.729999542236328,9.729999542236328,14375,0.0,0.0
2024-06-26 04:10:00+00:00,9.729999542236328,9.729999542236328,9.720000267028809,9.720000267028809,8335,0.0,0.0
2024-06-26 04:20:00+00:00,9.720000267028809,9.720000267028809,9.710000038146973,9.710000038146973,12302,0.0,0.0
2024-06-26 04:25:00+00:00,9.710000038146973,9.710000038146973,9.699999809265137,9.699999809265137,4152,0.0,0.0
2024-06-26 04:30:00+00:00,9.710000038146973,9.710000038146973,9.710000038146973,9.710000038146973,5365,0.0,0.0
2024-06-26 04:35:00+00:00,9.710000038146973,9.710000038146973,9.699999809265137,9.699999809265137,33211,0.0,0.0
2024-06-26 04:40:00+00:00,9.699999809265137,9.699999809265137,9.6899995803833,9.6899995803833,38394,0.0,0.0
2024-06-26 04:45:00+00:00,9.6899995803833,9.699999809265137,9.6899995803833,9.699999809265137,9000,0.0,0.0
2024-06-26 04:50:00+00:00,9.699999809265137,9.699999809265137,9.699999809265137,9.699999809265137,17090,0.0,0.0
2024-06-26 04:55:00+00:00,9.6899995803833,9.699999809265137,9.6899995803833,9.699999809265137,32051,0.0,0.0
2024-06-26 05:00:00+00:00,9.699999809265137,9.710000038146973,9.6899995803833,9.699999809265137,51111,0.0,0.0
2024-06-26 05:05:00+00:00,9.6899995803833,9.699999809265137,9.6899995803833,9.699999809265137,8000,0.0,0.0
2024-06-26 05:10:00+00:00,9.6899995803833,9.699999809265137,9.680000305175781,9.6899995803833,60405,0.0,0.0
2024-06-26 05:15:00+00:00,9.6899995803833,9.6899995803833,9.6899995803833,9.6899995803833,17977,0.0,0.0
2024-06-26 05:20:00+00:00,9.680000305175781,9.6899995803833,9.680000305175781,9.6899995803833,23628,0.0,0.0
2024-06-27 01:00:00+00:00,9.680000305175781,9.680000305175781,9.640000343322754,9.649999618530273,0,0.0,0.0
2024-06-27 01:05:00+00:00,9.649999618530273,9.649999618530273,9.600000381469727,9.600000381469727,121824,0.0,0.0
2024-06-27 01:10:00+00:00,9.630000114440918,9.630000114440918,9.600000381469727,9.630000114440918,48469,0.0,0.0
2024-06-27 01:15:00+00:00,9.630000114440918,9.630000114440918,9.619999885559082,9.619999885559082,13010,0.0,0.0
2024-06-27 01:20:00+00:00,9.630000114440918,9.630000114440918,9.59000015258789,9.59000015258789,153434,0.0,0.0
2024-06-27 01:25:00+00:00,9.609999656677246,9.630000114440918,9.609999656677246,9.630000114440918,42858,0.0,0.0
2024-06-27 01:30:00+00:00,9.609999656677246,9.630000114440918,9.609999656677246,9.630000114440918,4040,0.0,0.0
2024-06-27 01:35:00+00:00,9.630000114440918,9.630000114440918,9.609999656677246,9.609999656677246,20100,0.0,0.0
2024-06-27 01:40:00+00:00,9.609999656677246,9.619999885559082,9.609999656677246,9.619999885559082,13063,0.0,0.0
2024-06-27 01:45:00+00:00,9.619999885559082,9.619999885559082,9.619999885559082,9.619999885559082,1200,0.0,0.0
2024-06-27 01:50:00+00:00,9.609999656677246,9.619999885559082,9.609999656677246,9.619999885559082,9180,0.0,0.0
2024-06-27 01:55:00+00:00,9.619999885559082,9.619999885559082,9.609999656677246,9.609999656677246,31453,0.0,0.0
2024-06-27 02:00:00+00:00,9.609999656677246,9.619999885559082,9.609999656677246,9.609999656677246,36020,0.0,0.0
2024-06-27 02:05:00+00:00,9.619999885559082,9.630000114440918,9.619999885559082,9.630000114440918,30000,0.0,0.0
2024-06-27 02:10:00+00:00,9.630000114440918,9.65999984741211,9.630000114440918,9.65999984741211,33000,0.0,0.0
2024-06-27 02:15:00+00:00,9.65999984741211,9.670000076293945,9.65999984741211,9.65999984741211,6312,0.0,0.0
2024-06-27 02:20:00+00:00,9.65999984741211,9.65999984741211,9.65999984741211,9.65999984741211,21000,0.0,0.0
2024-06-27 02:25:00+00:00,9.65999984741211,9.65999984741211,9.649999618530273,9.649999618530273,18100,0.0,0.0
2024-06-27 02:30:00+00:00,9.649999618530273,9.649999618530273,9.630000114440918,9.640000343322754,187620,0.0,0.0
2024-06-27 02:40:00+00:00,9.630000114440918,9.630000114440918,9.619999885559082,9.619999885559082,60324,0.0,0.0
2024-06-27 02:45:00+00:00,9.619999885559082,9.619999885559082,9.609999656677246,9.609999656677246,34300,0.0,0.0
2024-06-27 02:50:00+00:00,9.619999885559082,9.619999885559082,9.619999885559082,9.619999885559082,2296,0.0,0.0
2024-06-27 02:55:00+00:00,9.619999885559082,9.619999885559082,9.609999656677246,9.609999656677246,42644,0.0,0.0
2024-06-27 03:00:00+00:00,9.609999656677246,9.619999885559082,9.609999656677246,9.619999885559082,12086,0.0,0.0
2024-06-27 03:05:00+00:00,9.619999885559082,9.619999885559082,9.619999885559082,9.619999885559082,5192,0.0,0.0
2024-06-27 03:10:00+00:00,9.619999885559082,9.619999885559082,9.609999656677246,9.609999656677246,9374,0.0,0.0
2024-06-27 03:15:00+00:00,9.609999656677246,9.619999885559082,9.609999656677246,9.609999656677246,17287,0.0,0.0
2024-06-27 03:20:00+00:00,9.600000381469727,9.600000381469727,9.600000381469727,9.600000381469727,6000,0.0,0.0
2024-06-27 03:25:00+00:00,9.619999885559082,9.619999885559082,9.609999656677246,9.609999656677246,6806,0.0,0.0
2024-06-27 03:30:00+00:00,9.609999656677246,9.609999656677246,9.600000381469727,9.609999656677246,57400,0.0,0.0
2024-06-27 03:35:00+00:00,9.600000381469727,9.600000381469727,9.600000381469727,9.600000381469727,2238,0.0,0.0
2024-06-27 03:45:00+00:00,9.609999656677246,9.619999885559082,9.600000381469727,9.619999885559082,134366,0.0,0.0
2024-06-27 03:50:00+00:00,9.619999885559082,9.619999885559082,9.619999885559082,9.619999885559082,1472,0.0,0.0
2024-06-27 03:55:00+00:00,9.609999656677246,9.609999656677246,9.609999656677246,9.609999656677246,15000,0.0,0.0
2024-06-27 04:00:00+00:00,9.619999885559082,9.619999885559082,9.609999656677246,9.609999656677246,5250,0.0,0.0
2024-06-27 04:05:00+00:00,9.609999656677246,9.609999656677246,9.609999656677246,9.609999656677246,2000,0.0,0.0
2024-06-27 04:10:00+00:00,9.619999885559082,9.630000114440918,9.619999885559082,9.630000114440918,33050,0.0,0.0
2024-06-27 04:15:00+00:00,9.619999885559082,9.619999885559082,9.609999656677246,9.609999656677246,24030,0.0,0.0
2024-06-27 04:20:00+00:00,9.619999885559082,9.619999885559082,9.619999885559082,9.619999885559082,10000,0.0,0.0
2024-06-27 04:25:00+00:00,9.619999885559082,9.630000114440918,9.619999885559082,9.630000114440918,4675,0.0,0.0
2024-06-27 04:35:00+00:00,9.630000114440918,9.630000114440918,9.619999885559082,9.619999885559082,8059,0.0,0.0
2024-06-27 04:40:00+00:00,9.619999885559082,9.619999885559082,9.619999885559082,9.619999885559082,19333,0.0,0.0
2024-06-27 04:45:00+00:00,9.619999885559082,9.619999885559082,9.609999656677246,9.609999656677246,7149,0.0,0.0
2024-06-27 04:50:00+00:00,9.609999656677246,9.609999656677246,9.609999656677246,9.609999656677246,23790,0.0,0.0
2024-06-27 04:55:00+00:00,9.619999885559082,9.619999885559082,9.619999885559082,9.619999885559082,15580,0.0,0.0
2024-06-27 05:00:00+00:00,9.619999885559082,9.619999885559082,9.619999885559082,9.619999885559082,2100,0.0,0.0
2024-06-27 05:05:00+00:00,9.609999656677246,9.609999656677246,9.609999656677246,9.609999656677246,27546,0.0,0.0
2024-06-27 05:10:00+00:00,9.609999656677246,9.609999656677246,9.609999656677246,9.609999656677246,3789,0.0,0.0
2024-06-27 05:15:00+00:00,9.609999656677246,9.619999885559082,9.609999656677246,9.609999656677246,6794,0.0,0.0
2024-06-27 05:20:00+00:00,9.609999656677246,9.619999885559082,9.609999656677246,9.609999656677246,23236,0.0,0.0
2024-06-28 01:00:00+00:00,9.609999656677246,9.609999656677246,9.609999656677246,9.609999656677246,0,0.0,0.0
2024-06-28 01:05:00+00:00,9.619999885559082,9.670000076293945,9.619999885559082,9.670000076293945,28190,0.0,0.0
2024-06-28 01:10:00+00:00,9.670000076293945,9.710000038146973,9.670000076293945,9.710000038146973,46501,0.0,0.0
2024-06-28 01:15:00+00:00,9.710000038146973,9.720000267028809,9.710000038146973,9.720000267028809,41110,0.0,0.0
2024-06-28 01:20:00+00:00,9.720000267028809,9.729999542236328,9.720000267028809,9.720000267028809,11023,0.0,0.0
2024-06-28 01:25:00+00:00,9.720000267028809,9.729999542236328,9.720000267028809,9.720000267028809,68772,0.0,0.0
2024-06-28 01:30:00+00:00,9.720000267028809,9.720000267028809,9.710000038146973,9.710000038146973,17020,0.0,0.0
2024-06-28 01:35:00+00:00,9.699999809265137,9.699999809265137,9.6899995803833,9.699999809265137,22195,0.0,0.0
2024-06-28 01:40:00+00:00,9.699999809265137,9.699999809265137,9.699999809265137,9.699999809265137,1700,0.0,0.0
2024-06-28 01:45:00+00:00,9.699999809265137,9.699999809265137,9.699999809265137,9.699999809265137,3131,0.0,0.0
2024-06-28 01:50:00+00:00,9.699999809265137,9.699999809265137,9.6899995803833,9.699999809265137,10000,0.0,0.0
2024-06-28 01:55:00+00:00,9.699999809265137,9.729999542236328,9.699999809265137,9.729999542236328,35000,0.0,0.0
2024-06-28 02:00:00+00:00,9.729999542236328,9.739999771118164,9.729999542236328,9.739999771118164,43128,0.0,0.0
2024-06-28 02:05:00+00:00,9.729999542236328,9.739999771118164,9.729999542236328,9.729999542236328,10100,0.0,0.0
2024-06-28 02:10:00+00:00,9.729999542236328,9.739999771118164,9.729999542236328,9.739999771118164,10195,0.0,0.0
2024-06-28 02:15:00+00:00,9.739999771118164,9.75,9.739999771118164,9.739999771118164,49138,0.0,0.0
2024-06-28 02:20:00+00:00,9.739999771118164,9.75,9.729999542236328,9.75,28200,0.0,0.0
2024-06-28 02:25:00+00:00,9.75,9.75,9.739999771118164,9.739999771118164,9010,0.0,0.0
2024-06-28 02:30:00+00:00,9.739999771118164,9.739999771118164,9.739999771118164,9.739999771118164,12052,0.0,0.0
2024-06-28 02:35:00+00:00,9.739999771118164,9.75,9.720000267028809,9.75,11000,0.0,0.0
2024-06-28 02:40:00+00:00,9.739999771118164,9.739999771118164,9.720000267028809,9.720000267028809,5760,0.0,0.0
2024-06-28 02:50:00+00:00,9.710000038146973,9.720000267028809,9.710000038146973,9.720000267028809,6774,0.0,0.0
2024-06-28 02:55:00+00:00,9.710000038146973,9.720000267028809,9.710000038146973,9.720000267028809,5589,0.0,0.0
2024-06-28 03:00:00+00:00,9.720000267028809,9.720000267028809,9.720000267028809,9.720000267028809,1000,0.0,0.0
2024-06-28 03:05:00+00:00,9.720000267028809,9.720000267028809,9.720000267028809,9.720000267028809,2000,0.0,0.0
2024-06-28 03:10:00+00:00,9.720000267028809,9.720000267028809,9.710000038146973,9.710000038146973,10576,0.0,0.0
2024-06-28 03:15:00+00:00,9.699999809265137,9.699999809265137,9.699999809265137,9.699999809265137,33000,0.0,0.0
2024-06-28 03:20:00+00:00,9.699999809265137,9.699999809265137,9.699999809265137,9.699999809265137,3090,0.0,0.0
2024-06-28 03:25:00+00:00,9.6899995803833,9.6899995803833,9.6899995803833,9.6899995803833,24000,0.0,0.0
2024-06-28 03:30:00+00:00,9.6899995803833,9.6899995803833,9.6899995803833,9.6899995803833,3052,0.0,0.0
2024-06-28 03:35:00+00:00,9.720000267028809,9.720000267028809,9.699999809265137,9.699999809265137,5000,0.0,0.0
2024-06-28 03:40:00+00:00,9.699999809265137,9.720000267028809,9.699999809265137,9.720000267028809,14021,0.0,0.0
2024-06-28 03:45:00+00:00,9.720000267028809,9.720000267028809,9.720000267028809,9.720000267028809,1100,0.0,0.0
2024-06-28 03:50:00+00:00,9.720000267028809,9.720000267028809,9.720000267028809,9.720000267028809,1000,0.0,0.0
2024-06-28 03:55:00+00:00,9.720000267028809,9.720000267028809,9.720000267028809,9.720000267028809,2085,0.0,0.0
2024-06-28 04:05:00+00:00,9.710000038146973,9.710000038146973,9.710000038146973,9.710000038146973,3040,0.0,0.0
2024-06-28 04:10:00+00:00,9.720000267028809,9.720000267028809,9.720000267028809,9.720000267028809,4115,0.0,0.0
2024-06-28 04:15:00+00:00,9.720000267028809,9.720000267028809,9.710000038146973,9.710000038146973,3238,0.0,0.0
2024-06-28 04:20:00+00:00,9.710000038146973,9.710000038146973,9.699999809265137,9.699999809265137,5000,0.0,0.0
2024-06-28 04:30:00+00:00,9.699999809265137,9.699999809265137,9.699999809265137,9.699999809265137,2000,0.0,0.0
2024-06-28 04:35:00+00:00,9.710000038146973,9.710000038146973,9.699999809265137,9.699999809265137,4000,0.0,0.0
2024-06-28 04:40:00+00:00,9.699999809265137,9.699999809265137,9.699999809265137,9.699999809265137,13257,0.0,0.0
2024-06-28 04:45:00+00:00,9.699999809265137,9.699999809265137,9.699999809265137,9.699999809265137,1000,0.0,0.0
2024-06-28 04:50:00+00:00,9.699999809265137,9.699999809265137,9.699999809265137,9.699999809265137,10123,0.0,0.0
2024-06-28 05:00:00+00:00,9.699999809265137,9.699999809265137,9.699999809265137,9.699999809265137,2000,0.0,0.0
2024-06-28 05:05:00+00:00,9.699999809265137,9.710000038146973,9.699999809265137,9.699999809265137,30000,0.0,0.0
2024-06-28 05:10:00+00:00,9.710000038146973,9.710000038146973,9.699999809265137,9.699999809265137,5003,0.0,0.0
2024-06-28 05:15:00+00:00,9.699999809265137,9.710000038146973,9.699999809265137,9.710000038146973,21000,0.0,0.0
2024-06-28 05:20:00+00:00,9.710000038146973,9.729999542236328,9.699999809265137,9.729999542236328,36305,0.0,0.0
2024-07-01 01:00:00+00:00,9.720000267028809,9.75,9.720000267028809,9.729999542236328,0,0.0,0.0
2024-07-01 01:05:00+00:00,9.729999542236328,9.729999542236328,9.720000267028809,9.720000267028809,11168,0.0,0.0
2024-07-01 01:10:00+00:00,9.710000038146973,9.720000267028809,9.699999809265137,9.720000267028809,135423,0.0,0.0
2024-07-01 01:15:00+00:00,9.720000267028809,9.720000267028809,9.720000267028809,9.720000267028809,36000,0.0,0.0
2024-07-01 01:20:00+00:00,9.729999542236328,9.729999542236328,9.720000267028809,9.720000267028809,11030,0.0,0.0
2024-07-01 01:25:00+00:00,9.729999542236328,9.739999771118164,9.729999542236328,9.739999771118164,2000,0.0,0.0
2024-07-01 01:30:00+00:00,9.729999542236328,9.729999542236328,9.710000038146973,9.710000038146973,15194,0.0,0.0
2024-07-01 01:35:00+00:00,9.729999542236328,9.729999542236328,9.729999542236328,9.729999542236328,3098,0.0,0.0
2024-07-01 01:40:00+00:00,9.729999542236328,9.729999542236328,9.729999542236328,9.729999542236328,2053,0.0,0.0
2024-07-01 01:45:00+00:00,9.710000038146973,9.710000038146973,9.710000038146973,9.710000038146973,5000,0.0,0.0
2024-07-01 01:50:00+00:00,9.710000038146973,9.710000038146973,9.6899995803833,9.699999809265137,26843,0.0,0.0
2024-07-01 01:55:00+00:00,9.710000038146973,9.710000038146973,9.710000038146973,9.710000038146973,4051,0.0,0.0
2024-07-01 02:00:00+00:00,9.710000038146973,9.710000038146973,9.710000038146973,9.710000038146973,1029,0.0,0.0
2024-07-01 02:05:00+00:00,9.710000038146973,9.710000038146973,9.710000038146973,9.710000038146973,4000,0.0,0.0
2024-07-01 02:10:00+00:00,9.710000038146973,9.729999542236328,9.710000038146973,9.729999542236328,12350,0.0,0.0
2024-07-01 02:15:00+00:00,9.739999771118164,9.75,9.739999771118164,9.75,3068,0.0,0.0
2024-07-01 02:20:00+00:00,9.739999771118164,9.739999771118164,9.739999771118164,9.739999771118164,4428,0.0,0.0
2024-07-01 02:30:00+00:00,9.75,9.75,9.75,9.75,22000,0.0,0.0
2024-07-01 02:35:00+00:00,9.75,9.75,9.75,9.75,27180,0.0,0.0
2024-07-01 02:40:00+00:00,9.760000228881836,9.760000228881836,9.760000228881836,9.760000228881836,4000,0.0,0.0
2024-07-01 02:45:00+00:00,9.75,9.75,9.75,9.75,7100,0.0,0.0
2024-07-01 02:50:00+00:00,9.75,9.760000228881836,9.739999771118164,9.739999771118164,40000,0.0,0.0
2024-07-01 03:00:00+00:00,9.739999771118164,9.739999771118164,9.720000267028809,9.720000267028809,17000,0.0,0.0
2024-07-01 03:10:00+00:00,9.75,9.75,9.75,9.75,10000,0.0,0.0
2024-07-01 03:15:00+00:00,9.729999542236328,9.729999542236328,9.720000267028809,9.720000267028809,13020,0.0,0.0
2024-07-01 03:20:00+00:00,9.720000267028809,9.720000267028809,9.710000038146973,9.710000038146973,19040,0.0,0.0
2024-07-01 03:25:00+00:00,9.710000038146973,9.720000267028809,9.710000038146973,9.710000038146973,23000,0.0,0.0
2024-07-01 03:30:00+00:00,9.720000267028809,9.720000267028809,9.710000038146973,9.710000038146973,10000,0.0,0.0
2024-07-01 03:35:00+00:00,9.729999542236328,9.729999542236328,9.729999542236328,9.729999542236328,9000,0.0,0.0
2024-07-01 03:40:00+00:00,9.729999542236328,9.729999542236328,9.729999542236328,9.729999542236328,4551,0.0,0.0
2024-07-01 03:45:00+00:00,9.729999542236328,9.729999542236328,9.720000267028809,9.720000267028809,19001,0.0,0.0
2024-07-01 03:55:00+00:00,9.720000267028809,9.720000267028809,9.720000267028809,9.720000267028809,10349,0.0,0.0
2024-07-01 04:15:00+00:00,9.710000038146973,9.720000267028809,9.710000038146973,9.720000267028809,75000,0.0,0.0
2024-07-01 04:20:00+00:00,9.739999771118164,9.739999771118164,9.729999542236328,9.739999771118164,20000,0.0,0.0
2024-07-01 04:25:00+00:00,9.729999542236328,9.729999542236328,9.729999542236328,9.729999542236328,24801,0.0,0.0
2024-07-01 04:30:00+00:00,9.729999542236328,9.729999542236328,9.729999542236328,9.729999542236328,1120,0.0,0.0
2024-07-01 04:35:00+00:00,9.729999542236328,9.729999542236328,9.729999542236328,9.729999542236328,31000,0.0,0.0
2024-07-01 04:40:00+00:00,9.729999542236328,9.729999542236328,9.729999542236328,9.729999542236328,25040,0.0,0.0
2024-07-01 04:45:00+00:00,9.729999542236328,9.729999542236328,9.729999542236328,9.729999542236328,3258,0.0,0.0
2024-07-01 04:50:00+00:00,9.729999542236328,9.739999771118164,9.729999542236328,9.739999771118164,15090,0.0,0.0
2024-07-01 04:55:00+00:00,9.739999771118164,9.75,9.739999771118164,9.75,32113,0.0,0.0
2024-07-01 05:00:00+00:00,9.739999771118164,9.760000228881836,9.729999542236328,9.75,39000,0.0,0.0
2024-07-01 05:05:00+00:00,9.75,9.75,9.739999771118164,9.75,92198,0.0,0.0
2024-07-01 05:10:00+00:00,9.75,9.760000228881836,9.75,9.760000228881836,14040,0.0,0.0
2024-07-01 05:15:00+00:00,9.760000228881836,9.760000228881836,9.760000228881836,9.760000228881836,10121,0.0,0.0
2024-07-01 05:20:00+00:00,9.760000228881836,9.770000457763672,9.75,9.760000228881836,63790,0.0,0.0
2024-07-02 01:00:00+00:00,9.710000038146973,9.8100004196167,9.710000038146973,9.729999542236328,0,0.0,0.0
2024-07-02 01:05:00+00:00,9.75,9.75,9.75,9.75,13133,0.0,0.0
2024-07-02 01:10:00+00:00,9.739999771118164,9.739999771118164,9.729999542236328,9.729999542236328,49000,0.0,0.0
2024-07-02 01:15:00+00:00,9.729999542236328,9.729999542236328,9.720000267028809,9.729999542236328,78435,0.0,0.0
2024-07-02 01:20:00+00:00,9.720000267028809,9.720000267028809,9.6899995803833,9.699999809265137,302906,0.0,0.0
2024-07-02 01:30:00+00:00,9.699999809265137,9.699999809265137,9.699999809265137,9.699999809265137,16476,0.0,0.0
2024-07-02 01:35:00+00:00,9.729999542236328,9.729999542236328,9.729999542236328,9.729999542236328,21045,0.0,0.0
2024-07-02 01:40:00+00:00,9.710000038146973,9.710000038146973,9.710000038146973,9.710000038146973,1000,0.0,0.0
2024-07-02 01:45:00+00:00,9.729999542236328,9.729999542236328,9.729999542236328,9.729999542236328,7000,0.0,0.0
2024-07-02 01:50:00+00:00,9.75,9.75,9.75,9.75,7291,0.0,0.0
2024-07-02 02:00:00+00:00,9.75,9.75,9.739999771118164,9.739999771118164,5010,0.0,0.0
2024-07-02 02:05:00+00:00,9.739999771118164,9.739999771118164,9.729999542236328,9.729999542236328,19479,0.0,0.0
2024-07-02 02:10:00+00:00,9.729999542236328,9.729999542236328,9.729999542236328,9.729999542236328,2156,0.0,0.0
2024-07-02 02:15:00+00:00,9.729999542236328,9.729999542236328,9.729999542236328,9.729999542236328,20220,0.0,0.0
2024-07-02 02:20:00+00:00,9.729999542236328,9.729999542236328,9.729999542236328,9.729999542236328,14479,0.0,0.0
2024-07-02 02:25:00+00:00,9.720000267028809,9.729999542236328,9.720000267028809,9.729999542236328,20564,0.0,0.0
2024-07-02 02:30:00+00:00,9.729999542236328,9.729999542236328,9.729999542236328,9.729999542236328,3338,0.0,0.0
2024-07-02 02:40:00+00:00,9.720000267028809,9.720000267028809,9.720000267028809,9.720000267028809,15646,0.0,0.0
2024-07-02 02:55:00+00:00,9.720000267028809,9.720000267028809,9.720000267028809,9.720000267028809,5046,0.0,0.0
2024-07-02 03:05:00+00:00,9.720000267028809,9.720000267028809,9.720000267028809,9.720000267028809,13297,0.0,0.0
2024-07-02 03:15:00+00:00,9.720000267028809,9.720000267028809,9.710000038146973,9.710000038146973,52227,0.0,0.0
2024-07-02 03:20:00+00:00,9.720000267028809,9.720000267028809,9.720000267028809,9.720000267028809,3513,0.0,0.0
2024-07-02 03:25:00+00:00,9.710000038146973,9.710000038146973,9.710000038146973,9.710000038146973,45200,0.0,0.0
2024-07-02 03:30:00+00:00,9.720000267028809,9.720000267028809,9.720000267028809,9.720000267028809,2040,0.0,0.0
2024-07-02 03:35:00+00:00,9.720000267028809,9.720000267028809,9.710000038146973,9.710000038146973,6154,0.0,0.0
2024-07-02 03:40:00+00:00,9.710000038146973,9.720000267028809,9.710000038146973,9.720000267028809,23120,0.0,0.0
2024-07-02 03:45:00+00:00,9.710000038146973,9.710000038146973,9.699999809265137,9.699999809265137,30379,0.0,0.0
2024-07-02 03:50:00+00:00,9.699999809265137,9.710000038146973,9.699999809265137,9.710000038146973,14990,0.0,0.0
2024-07-02 03:55:00+00:00,9.710000038146973,9.710000038146973,9.710000038146973,9.710000038146973,11688,0.0,0.0
2024-07-02 04:00:00+00:00,9.699999809265137,9.710000038146973,9.699999809265137,9.710000038146973,3903,0.0,0.0
2024-07-02 04:05:00+00:00,9.710000038146973,9.710000038146973,9.710000038146973,9.710000038146973,3000,0.0,0.0
2024-07-02 04:10:00+00:00,9.710000038146973,9.710000038146973,9.710000038146973,9.710000038146973,2067,0.0,0.0
2024-07-02 04:15:00+00:00,9.699999809265137,9.710000038146973,9.699999809265137,9.710000038146973,3702,0.0,0.0
2024-07-02 04:20:00+00:00,9.699999809265137,9.710000038146973,9.699999809265137,9.710000038146973,9180,0.0,0.0
2024-07-02 04:25:00+00:00,9.699999809265137,9.699999809265137,9.699999809265137,9.699999809265137,26516,0.0,0.0
2024-07-02 04:30:00+00:00,9.699999809265137,9.699999809265137,9.6899995803833,9.699999809265137,5757,0.0,0.0
2024-07-02 04:35:00+00:00,9.699999809265137,9.699999809265137,9.699999809265137,9.699999809265137,47493,0.0,0.0
2024-07-02 04:40:00+00:00,9.699999809265137,9.699999809265137,9.699999809265137,9.699999809265137,14085,0.0,0.0
2024-07-02 04:45:00+00:00,9.699999809265137,9.699999809265137,9.699999809265137,9.699999809265137,11884,0.0,0.0
2024-07-02 04:50:00+00:00,9.699999809265137,9.699999809265137,9.699999809265137,9.699999809265137,42000,0.0,0.0
2024-07-02 04:55:00+00:00,9.710000038146973,9.710000038146973,9.710000038146973,9.710000038146973,4077,0.0,0.0
2024-07-02 05:00:00+00:00,9.699999809265137,9.699999809265137,9.699999809265137,9.699999809265137,1240,0.0,0.0
2024-07-02 05:05:00+00:00,9.710000038146973,9.710000038146973,9.710000038146973,9.710000038146973,1440,0.0,0.0
2024-07-02 05:15:00+00:00,9.710000038146973,9.710000038146973,9.699999809265137,9.699999809265137,9112,0.0,0.0
2024-07-02 05:20:00+00:00,9.710000038146973,9.720000267028809,9.699999809265137,9.720000267028809,12229,0.0,0.0
2024-07-03 01:00:00+00:00,9.720000267028809,9.729999542236328,9.6899995803833,9.710000038146973,145000,0.0,0.0
2024-07-03 01:05:00+00:00,9.710000038146973,9.720000267028809,9.6899995803833,9.710000038146973,0,0.0,0.0
2024-07-03 01:10:00+00:00,9.739999771118164,9.739999771118164,9.739999771118164,9.739999771118164,312840,0.0,0.0
2024-07-03 01:15:00+00:00,9.739999771118164,9.75,9.739999771118164,9.75,39017,0.0,0.0
2024-07-03 01:20:00+00:00,9.729999542236328,9.75,9.729999542236328,9.75,6043,0.0,0.0
2024-07-03 01:25:00+00:00,9.75,9.770000457763672,9.75,9.770000457763672,75397,0.0,0.0
2024-07-03 01:30:00+00:00,9.779999732971191,9.829999923706055,9.770000457763672,9.829999923706055,666430,0.0,0.0
2024-07-03 01:35:00+00:00,9.829999923706055,9.850000381469727,9.819999694824219,9.84000015258789,109170,0.0,0.0
2024-07-03 01:40:00+00:00,9.850000381469727,9.859999656677246,9.84000015258789,9.859999656677246,76370,0.0,0.0
2024-07-03 01:45:00+00:00,9.859999656677246,9.869999885559082,9.859999656677246,9.869999885559082,102761,0.0,0.0
2024-07-03 01:50:00+00:00,9.869999885559082,9.899999618530273,9.859999656677246,9.899999618530273,132380,0.0,0.0
2024-07-03 01:55:00+00:00,9.880000114440918,9.949999809265137,9.880000114440918,9.9399995803833,195716,0.0,0.0
2024-07-03 02:00:00+00:00,9.9399995803833,9.949999809265137,9.920000076293945,9.9399995803833,98329,0.0,0.0
2024-07-03 02:05:00+00:00,9.9399995803833,9.970000267028809,9.930000305175781,9.970000267028809,165100,0.0,0.0
2024-07-03 02:10:00+00:00,9.970000267028809,9.979999542236328,9.960000038146973,9.960000038146973,94040,0.0,0.0
2024-07-03 02:15:00+00:00,9.960000038146973,10.050000190734863,9.960000038146973,9.979999542236328,723993,0.0,0.0
2024-07-03 02:20:00+00:00,10.0,10.0,9.960000038146973,10.0,230183,0.0,0.0
2024-07-03 02:25:00+00:00,10.0,10.0,9.989999771118164,9.989999771118164,256409,0.0,0.0
2024-07-03 02:30:00+00:00,10.0,10.050000190734863,10.0,10.0,136435,0.0,0.0
2024-07-03 02:35:00+00:00,10.0,10.050000190734863,10.0,10.0,198210,0.0,0.0
2024-07-03 02:40:00+00:00,10.0,10.0,9.989999771118164,10.0,144100,0.0,0.0
2024-07-03 02:45:00+00:00,10.0,10.050000190734863,10.0,10.0,97265,0.0,0.0
2024-07-03 02:50:00+00:00,10.0,10.050000190734863,10.0,10.0,136338,0.0,0.0
2024-07-03 02:55:00+00:00,10.0,10.050000190734863,9.989999771118164,10.0,156900,0.0,0.0
2024-07-03 03:00:00+00:00,9.989999771118164,10.050000190734863,9.989999771118164,10.050000190734863,205000,0.0,0.0
2024-07-03 03:05:00+00:00,10.0,10.050000190734863,10.0,10.0,107000,0.0,0.0
2024-07-03 03:10:00+00:00,10.0,10.0,9.989999771118164,9.989999771118164,40200,0.0,0.0
2024-07-03 03:15:00+00:00,10.0,10.0,9.989999771118164,9.989999771118164,24745,0.0,0.0
2024-07-03 03:20:00+00:00,10.0,10.0,9.989999771118164,9.989999771118164,103432,0.0,0.0
2024-07-03 03:25:00+00:00,10.0,10.0,9.989999771118164,9.989999771118164,17069,0.0,0.0
2024-07-03 03:30:00+00:00,9.989999771118164,9.989999771118164,9.989999771118164,9.989999771118164,24640,0.0,0.0
2024-07-03 03:35:00+00:00,10.0,10.0,9.979999542236328,9.979999542236328,261000,0.0,0.0
2024-07-03 03:40:00+00:00,9.960000038146973,9.989999771118164,9.960000038146973,9.989999771118164,10449,0.0,0.0
2024-07-03 03:45:00+00:00,9.979999542236328,10.0,9.979999542236328,10.0,64000,0.0,0.0
2024-07-03 03:50:00+00:00,9.989999771118164,9.989999771118164,9.989999771118164,9.989999771118164,26157,0.0,0.0
2024-07-03 03:55:00+00:00,9.989999771118164,9.989999771118164,9.989999771118164,9.989999771118164,20000,0.0,0.0
2024-07-03 04:00:00+00:00,9.979999542236328,9.989999771118164,9.979999542236328,9.989999771118164,15151,0.0,0.0
2024-07-03 04:05:00+00:00,9.989999771118164,9.989999771118164,9.979999542236328,9.979999542236328,6329,0.0,0.0
2024-07-03 04:10:00+00:00,9.989999771118164,9.989999771118164,9.989999771118164,9.989999771118164,92100,0.0,0.0
2024-07-03 04:15:00+00:00,9.989999771118164,10.0,9.989999771118164,10.0,43000,0.0,0.0
2024-07-03 04:20:00+00:00,10.0,10.0,9.989999771118164,9.989999771118164,15431,0.0,0.0
2024-07-03 04:25:00+00:00,9.989999771118164,9.989999771118164,9.979999542236328,9.979999542236328,15765,0.0,0.0
2024-07-03 04:30:00+00:00,9.979999542236328,9.979999542236328,9.979999542236328,9.979999542236328,8190,0.0,0.0
2024-07-03 04:35:00+00:00,9.989999771118164,9.989999771118164,9.989999771118164,9.989999771118164,31000,0.0,0.0
2024-07-03 04:40:00+00:00,9.989999771118164,10.0,9.989999771118164,10.0,108869,0.0,0.0
2024-07-03 04:45:00+00:00,10.0,10.0,10.0,10.0,10000,0.0,0.0
2024-07-03 04:50:00+00:00,10.0,10.0,9.989999771118164,10.0,17000,0.0,0.0
2024-07-03 04:55:00+00:00,10.0,10.0,9.989999771118164,10.0,75230,0.0,0.0
2024-07-03 05:00:00+00:00,10.0,10.0,9.970000267028809,9.979999542236328,63382,0.0,0.0
2024-07-03 05:05:00+00:00,9.979999542236328,9.979999542236328,9.970000267028809,9.970000267028809,45020,0.0,0.0
2024-07-03 05:10:00+00:00,9.970000267028809,10.0,9.970000267028809,9.979999542236328,216024,0.0,0.0
2024-07-03 05:15:00+00:00,10.0,10.0,9.979999542236328,9.979999542236328,32030,0.0,0.0
2024-07-03 05:20:00+00:00,9.979999542236328,9.989999771118164,9.970000267028809,9.989999771118164,71226,0.0,0.0
2024-07-04 01:00:00+00:00,10.0,10.050000190734863,9.989999771118164,9.989999771118164,218000,0.0,0.0
2024-07-04 01:05:00+00:00,9.979999542236328,10.0,9.90999984741211,10.0,146000,0.0,0.0
2024-07-04 01:10:00+00:00,10.0,10.0,9.970000267028809,9.970000267028809,101953,0.0,0.0
2024-07-04 01:15:00+00:00,9.970000267028809,9.989999771118164,9.970000267028809,9.979999542236328,49000,0.0,0.0
2024-07-04 01:20:00+00:00,9.979999542236328,9.979999542236328,9.970000267028809,9.970000267028809,49690,0.0,0.0
2024-07-04 01:25:00+00:00,9.970000267028809,9.979999542236328,9.960000038146973,9.979999542236328,37000,0.0,0.0
2024-07-04 01:30:00+00:00,9.989999771118164,10.0,9.960000038146973,9.979999542236328,41150,0.0,0.0
2024-07-04 01:35:00+00:00,9.979999542236328,9.989999771118164,9.979999542236328,9.989999771118164,16520,0.0,0.0
2024-07-04 01:40:00+00:00,9.989999771118164,9.989999771118164,9.979999542236328,9.989999771118164,13300,0.0,0.0
2024-07-04 01:45:00+00:00,9.979999542236328,9.979999542236328,9.979999542236328,9.979999542236328,20000,0.0,0.0
2024-07-04 01:50:00+00:00,9.979999542236328,9.979999542236328,9.970000267028809,9.970000267028809,34080,0.0,0.0
2024-07-04 01:55:00+00:00,9.970000267028809,9.970000267028809,9.970000267028809,9.970000267028809,30000,0.0,0.0
2024-07-04 02:00:00+00:00,9.970000267028809,9.979999542236328,9.960000038146973,9.960000038146973,97380,0.0,0.0
2024-07-04 02:05:00+00:00,9.949999809265137,9.979999542236328,9.949999809265137,9.960000038146973,57259,0.0,0.0
2024-07-04 02:10:00+00:00,9.960000038146973,9.979999542236328,9.960000038146973,9.979999542236328,5400,0.0,0.0
2024-07-04 02:15:00+00:00,9.970000267028809,9.970000267028809,9.949999809265137,9.949999809265137,105553,0.0,0.0
2024-07-04 02:20:00+00:00,9.9399995803833,9.9399995803833,9.9399995803833,9.9399995803833,36310,0.0,0.0
2024-07-04 02:25:00+00:00,9.9399995803833,9.9399995803833,9.9399995803833,9.9399995803833,16000,0.0,0.0
2024-07-04 02:30:00+00:00,9.949999809265137,9.960000038146973,9.9399995803833,9.960000038146973,10407,0.0,0.0
2024-07-04 02:35:00+00:00,9.960000038146973,9.970000267028809,9.949999809265137,9.960000038146973,70000,0.0,0.0
2024-07-04 02:40:00+00:00,9.960000038146973,9.960000038146973,9.949999809265137,9.949999809265137,8500,0.0,0.0
2024-07-04 02:45:00+00:00,9.949999809265137,9.970000267028809,9.949999809265137,9.970000267028809,15462,0.0,0.0
2024-07-04 02:50:00+00:00,9.960000038146973,9.970000267028809,9.9399995803833,9.960000038146973,73222,0.0,0.0
2024-07-04 02:55:00+00:00,9.949999809265137,9.949999809265137,9.949999809265137,9.949999809265137,12000,0.0,0.0
2024-07-04 03:00:00+00:00,9.960000038146973,9.960000038146973,9.960000038146973,9.960000038146973,10772,0.0,0.0
2024-07-04 03:05:00+00:00,9.970000267028809,9.970000267028809,9.949999809265137,9.949999809265137,21101,0.0,0.0
2024-07-04 03:10:00+00:00,9.949999809265137,9.960000038146973,9.949999809265137,9.960000038146973,19231,0.0,0.0
2024-07-04 03:15:00+00:00,9.960000038146973,9.960000038146973,9.960000038146973,9.960000038146973,2000,0.0,0.0
2024-07-04 03:20:00+00:00,9.960000038146973,9.960000038146973,9.960000038146973,9.960000038146973,19362,0.0,0.0
2024-07-04 03:25:00+00:00,9.960000038146973,9.960000038146973,9.949999809265137,9.949999809265137,55340,0.0,0.0
2024-07-04 03:30:00+00:00,9.949999809265137,9.949999809265137,9.949999809265137,9.949999809265137,4579,0.0,0.0
2024-07-04 03:35:00+00:00,9.949999809265137,9.949999809265137,9.949999809265137,9.949999809265137,36138,0.0,0.0
2024-07-04 03:40:00+00:00,9.949999809265137,9.970000267028809,9.949999809265137,9.970000267028809,34939,0.0,0.0
2024-07-04 03:45:00+00:00,9.970000267028809,9.970000267028809,9.960000038146973,9.960000038146973,3250,0.0,0.0
2024-07-04 03:50:00+00:00,9.960000038146973,9.960000038146973,9.960000038146973,9.960000038146973,12000,0.0,0.0
2024-07-04 03:55:00+00:00,9.960000038146973,9.960000038146973,9.960000038146973,9.960000038146973,11030,0.0,0.0
2024-07-04 04:00:00+00:00,9.970000267028809,9.970000267028809,9.970000267028809,9.970000267028809,12000,0.0,0.0
2024-07-04 04:05:00+00:00,9.970000267028809,9.970000267028809,9.970000267028809,9.970000267028809,4404,0.0,0.0
2024-07-04 04:10:00+00:00,9.960000038146973,9.979999542236328,9.960000038146973,9.979999542236328,37240,0.0,0.0
2024-07-04 04:15:00+00:00,9.979999542236328,9.979999542236328,9.970000267028809,9.979999542236328,50012,0.0,0.0
2024-07-04 04:20:00+00:00,9.979999542236328,9.989999771118164,9.979999542236328,9.989999771118164,69426,0.0,0.0
2024-07-04 04:25:00+00:00,9.979999542236328,9.989999771118164,9.979999542236328,9.989999771118164,21570,0.0,0.0
2024-07-04 04:30:00+00:00,9.989999771118164,9.989999771118164,9.989999771118164,9.989999771118164,1760,0.0,0.0
2024-07-04 04:35:00+00:00,9.979999542236328,9.989999771118164,9.979999542236328,9.989999771118164,87000,0.0,0.0
2024-07-04 04:40:00+00:00,9.989999771118164,10.050000190734863,9.989999771118164,10.0,374163,0.0,0.0
2024-07-04 04:45:00+00:00,10.0,10.0,9.979999542236328,10.0,264002,0.0,0.0
2024-07-04 04:50:00+00:00,10.0,10.0,10.0,10.0,57632,0.0,0.0
2024-07-04 04:55:00+00:00,10.0,10.050000190734863,10.0,10.0,30820,0.0,0.0
2024-07-04 05:00:00+00:00,10.0,10.050000190734863,10.0,10.0,13966,0.0,0.0
2024-07-04 05:05:00+00:00,10.0,10.050000190734863,10.0,10.050000190734863,87000,0.0,0.0
2024-07-04 05:10:00+00:00,10.0,10.050000190734863,10.0,10.050000190734863,21120,0.0,0.0
2024-07-04 05:15:00+00:00,10.050000190734863,10.050000190734863,10.050000190734863,10.050000190734863,31140,0.0,0.0
2024-07-04 05:20:00+00:00,10.050000190734863,10.050000190734863,10.0,10.0,124880,0.0,0.0
2024-07-05 01:00:00+00:00,10.050000190734863,10.100000381469727,10.050000190734863,10.100000381469727,0,0.0,0.0
2024-07-05 01:05:00+00:00,10.100000381469727,10.149999618530273,10.050000190734863,10.149999618530273,524000,0.0,0.0
2024-07-05 01:10:00+00:00,10.149999618530273,10.149999618530273,10.100000381469727,10.100000381469727,64926,0.0,0.0
2024-07-05 01:15:00+00:00,10.050000190734863,10.050000190734863,10.050000190734863,10.050000190734863,120015,0.0,0.0
2024-07-05 01:20:00+00:00,10.050000190734863,10.100000381469727,10.050000190734863,10.100000381469727,12019,0.0,0.0
2024-07-05 01:25:00+00:00,10.050000190734863,10.050000190734863,10.050000190734863,10.050000190734863,10180,0.0,0.0
2024-07-05 01:30:00+00:00,10.050000190734863,10.100000381469727,10.050000190734863,10.050000190734863,19229,0.0,0.0
2024-07-05 01:35:00+00:00,10.050000190734863,10.100000381469727,10.050000190734863,10.100000381469727,39348,0.0,0.0
2024-07-05 01:40:00+00:00,10.050000190734863,10.100000381469727,10.050000190734863,10.050000190734863,8000,0.0,0.0
2024-07-05 01:45:00+00:00,10.050000190734863,10.050000190734863,10.050000190734863,10.050000190734863,43062,0.0,0.0
2024-07-05 01:50:00+00:00,10.050000190734863,10.050000190734863,10.050000190734863,10.050000190734863,111070,0.0,0.0
2024-07-05 01:55:00+00:00,10.050000190734863,10.050000190734863,10.050000190734863,10.050000190734863,93969,0.0,0.0
2024-07-05 02:00:00+00:00,10.050000190734863,10.100000381469727,10.050000190734863,10.050000190734863,136360,0.0,0.0
2024-07-05 02:05:00+00:00,10.100000381469727,10.100000381469727,10.050000190734863,10.050000190734863,37000,0.0,0.0
2024-07-05 02:10:00+00:00,10.100000381469727,10.100000381469727,10.050000190734863,10.100000381469727,25193,0.0,0.0
2024-07-05 02:15:00+00:00,10.100000381469727,10.149999618530273,10.100000381469727,10.100000381469727,690159,0.0,0.0
2024-07-05 02:20:00+00:00,10.149999618530273,10.149999618530273,10.100000381469727,10.149999618530273,32230,0.0,0.0
2024-07-05 02:25:00+00:00,10.149999618530273,10.149999618530273,10.100000381469727,10.149999618530273,92000,0.0,0.0
2024-07-05 02:30:00+00:00,10.100000381469727,10.149999618530273,10.100000381469727,10.100000381469727,51289,0.0,0.0
2024-07-05 02:40:00+00:00,10.100000381469727,10.100000381469727,10.100000381469727,10.100000381469727,181081,0.0,0.0
2024-07-05 02:45:00+00:00,10.100000381469727,10.100000381469727,10.100000381469727,10.100000381469727,18397,0.0,0.0
2024-07-05 02:50:00+00:00,10.100000381469727,10.100000381469727,10.100000381469727,10.100000381469727,54301,0.0,0.0
2024-07-05 02:55:00+00:00,10.100000381469727,10.100000381469727,10.100000381469727,10.100000381469727,45000,0.0,0.0
2024-07-05 03:00:00+00:00,10.100000381469727,10.25,10.100000381469727,10.25,820446,0.0,0.0
2024-07-05 03:05:00+00:00,10.25,10.25,10.199999809265137,10.199999809265137,436845,0.0,0.0
2024-07-05 03:10:00+00:00,10.199999809265137,10.25,10.199999809265137,10.199999809265137,340435,0.0,0.0
2024-07-05 03:15:00+00:00,10.199999809265137,10.25,10.199999809265137,10.199999809265137,159000,0.0,0.0
2024-07-05 03:20:00+00:00,10.25,10.25,10.199999809265137,10.199999809265137,62174,0.0,0.0
2024-07-05 03:25:00+00:00,10.199999809265137,10.199999809265137,10.199999809265137,10.199999809265137,20000,0.0,0.0
2024-07-05 03:30:00+00:00,10.199999809265137,10.25,10.199999809265137,10.199999809265137,32213,0.0,0.0
2024-07-05 03:35:00+00:00,10.199999809265137,10.25,10.199999809265137,10.25,143050,0.0,0.0
2024-07-05 03:40:00+00:00,10.199999809265137,10.199999809265137,10.199999809265137,10.199999809265137,9125,0.0,0.0
2024-07-05 03:45:00+00:00,10.199999809265137,10.25,10.199999809265137,10.25,343155,0.0,0.0
2024-07-05 03:50:00+00:00,10.25,10.300000190734863,10.25,10.300000190734863,188348,0.0,0.0
2024-07-05 03:55:00+00:00,10.25,10.300000190734863,10.25,10.25,84088,0.0,0.0
2024-07-05 04:00:00+00:00,10.25,10.300000190734863,10.25,10.25,82200,0.0,0.0
2024-07-05 04:05:00+00:00,10.25,10.25,10.199999809265137,10.199999809265137,30286,0.0,0.0
2024-07-05 04:10:00+00:00,10.199999809265137,10.300000190734863,10.199999809265137,10.25,118000,0.0,0.0
2024-07-05 04:15:00+00:00,10.25,10.25,10.25,10.25,58199,0.0,0.0
2024-07-05 04:20:00+00:00,10.25,10.25,10.25,10.25,23155,0.0,0.0
2024-07-05 04:25:00+00:00,10.25,10.25,10.199999809265137,10.199999809265137,26000,0.0,0.0
2024-07-05 04:30:00+00:00,10.25,10.25,10.199999809265137,10.199999809265137,84029,0.0,0.0
2024-07-05 04:35:00+00:00,10.199999809265137,10.25,10.199999809265137,10.199999809265137,79584,0.0,0.0
2024-07-05 04:40:00+00:00,10.199999809265137,10.25,10.199999809265137,10.199999809265137,37000,0.0,0.0
2024-07-05 04:45:00+00:00,10.199999809265137,10.199999809265137,10.199999809265137,10.199999809265137,59000,0.0,0.0
2024-07-05 04:50:00+00:00,10.25,10.25,10.199999809265137,10.25,10706,0.0,0.0
2024-07-05 04:55:00+00:00,10.199999809265137,10.25,10.199999809265137,10.199999809265137,21212,0.0,0.0
2024-07-05 05:00:00+00:00,10.199999809265137,10.199999809265137,10.199999809265137,10.199999809265137,70260,0.0,0.0
2024-07-05 05:05:00+00:00,10.199999809265137,10.25,10.199999809265137,10.25,44000,0.0,0.0
2024-07-05 05:10:00+00:00,10.199999809265137,10.25,10.149999618530273,10.199999809265137,99273,0.0,0.0
2024-07-05 05:15:00+00:00,10.199999809265137,10.199999809265137,10.199999809265137,10.199999809265137,40000,0.0,0.0
2024-07-05 05:20:00+00:00,10.199999809265137,10.25,10.149999618530273,10.149999618530273,60516,0.0,0.0
2024-07-08 01:00:00+00:00,10.199999809265137,10.300000190734863,10.199999809265137,10.25,0,0.0,0.0
2024-07-08 01:05:00+00:00,10.25,10.300000190734863,10.25,10.300000190734863,270215,0.0,0.0
2024-07-08 01:10:00+00:00,10.300000190734863,10.300000190734863,10.25,10.300000190734863,119899,0.0,0.0
2024-07-08 01:15:00+00:00,10.300000190734863,10.300000190734863,10.25,10.300000190734863,104000,0.0,0.0
2024-07-08 01:20:00+00:00,10.300000190734863,10.300000190734863,10.199999809265137,10.199999809265137,252362,0.0,0.0
2024-07-08 01:25:00+00:00,10.199999809265137,10.25,10.199999809265137,10.25,42075,0.0,0.0
2024-07-08 01:30:00+00:00,10.25,10.300000190734863,10.25,10.25,159403,0.0,0.0
2024-07-08 01:35:00+00:00,10.25,10.25,10.199999809265137,10.25,24014,0.0,0.0
2024-07-08 01:40:00+00:00,10.25,10.25,10.199999809265137,10.25,8255,0.0,0.0
2024-07-08 01:45:00+00:00,10.199999809265137,10.25,10.199999809265137,10.25,38440,0.0,0.0
2024-07-08 01:50:00+00:00,10.199999809265137,10.199999809265137,10.199999809265137,10.199999809265137,3000,0.0,0.0
2024-07-08 01:55:00+00:00,10.199999809265137,10.25,10.199999809265137,10.25,33251,0.0,0.0
2024-07-08 02:00:00+00:00,10.25,10.300000190734863,10.25,10.25,130000,0.0,0.0
2024-07-08 02:05:00+00:00,10.25,10.300000190734863,10.25,10.25,46520,0.0,0.0
2024-07-08 02:10:00+00:00,10.25,10.25,10.25,10.25,31063,0.0,0.0
2024-07-08 02:15:00+00:00,10.300000190734863,10.300000190734863,10.25,10.25,48005,0.0,0.0
2024-07-08 02:20:00+00:00,10.25,10.25,10.25,10.25,26022,0.0,0.0
2024-07-08 02:25:00+00:00,10.25,10.25,10.25,10.25,6000,0.0,0.0
2024-07-08 02:30:00+00:00,10.25,10.25,10.25,10.25,11964,0.0,0.0
2024-07-08 02:35:00+00:00,10.25,10.25,10.199999809265137,10.25,81380,0.0,0.0
2024-07-08 02:40:00+00:00,10.25,10.25,10.25,10.25,13071,0.0,0.0
2024-07-08 02:45:00+00:00,10.25,10.25,10.25,10.25,20867,0.0,0.0
2024-07-08 02:50:00+00:00,10.25,10.25,10.25,10.25,116678,0.0,0.0
2024-07-08 02:55:00+00:00,10.25,10.25,10.199999809265137,10.25,23130,0.0,0.0
2024-07-08 03:00:00+00:00,10.25,10.25,10.25,10.25,101814,0.0,0.0
2024-07-08 03:05:00+00:00,10.25,10.25,10.25,10.25,27425,0.0,0.0
2024-07-08 03:10:00+00:00,10.25,10.25,10.25,10.25,12100,0.0,0.0
2024-07-08 03:15:00+00:00,10.25,10.25,10.199999809265137,10.199999809265137,36030,0.0,0.0
2024-07-08 03:20:00+00:00,10.199999809265137,10.300000190734863,10.199999809265137,10.300000190734863,49760,0.0,0.0
2024-07-08 03:25:00+00:00,10.25,10.25,10.199999809265137,10.25,20920,0.0,0.0
2024-07-08 03:30:00+00:00,10.25,10.25,10.25,10.25,1090,0.0,0.0
2024-07-08 03:35:00+00:00,10.25,10.25,10.25,10.25,1740,0.0,0.0
2024-07-08 03:40:00+00:00,10.25,10.25,10.199999809265137,10.199999809265137,41240,0.0,0.0
2024-07-08 03:45:00+00:00,10.199999809265137,10.199999809265137,10.199999809265137,10.199999809265137,13000,0.0,0.0
2024-07-08 03:50:00+00:00,10.199999809265137,10.25,10.199999809265137,10.25,5001,0.0,0.0
2024-07-08 03:55:00+00:00,10.25,10.25,10.199999809265137,10.199999809265137,50040,0.0,0.0
2024-07-08 04:00:00+00:00,10.25,10.25,10.25,10.25,1103,0.0,0.0
2024-07-08 04:05:00+00:00,10.25,10.25,10.25,10.25,2000,0.0,0.0
2024-07-08 04:10:00+00:00,10.25,10.25,10.199999809265137,10.199999809265137,15520,0.0,0.0
2024-07-08 04:15:00+00:00,10.199999809265137,10.199999809265137,10.199999809265137,10.199999809265137,20037,0.0,0.0
2024-07-08 04:20:00+00:00,10.199999809265137,10.199999809265137,10.149999618530273,10.149999618530273,261059,0.0,0.0
2024-07-08 04:25:00+00:00,10.149999618530273,10.199999809265137,10.149999618530273,10.199999809265137,8228,0.0,0.0
2024-07-08 04:30:00+00:00,10.199999809265137,10.199999809265137,10.149999618530273,10.149999618530273,4330,0.0,0.0
2024-07-08 04:35:00+00:00,10.149999618530273,10.199999809265137,10.149999618530273,10.199999809265137,43638,0.0,0.0
2024-07-08 04:40:00+00:00,10.199999809265137,10.199999809265137,10.199999809265137,10.199999809265137,6000,0.0,0.0
2024-07-08 04:45:00+00:00,10.199999809265137,10.199999809265137,10.199999809265137,10.199999809265137,7717,0.0,0.0
2024-07-08 04:55:00+00:00,10.199999809265137,10.199999809265137,10.199999809265137,10.199999809265137,2689,0.0,0.0
2024-07-08 05:05:00+00:00,10.199999809265137,10.199999809265137,10.149999618530273,10.149999618530273,35800,0.0,0.0
2024-07-08 05:10:00+00:00,10.199999809265137,10.199999809265137,10.149999618530273,10.199999809265137,12758,0.0,0.0
2024-07-08 05:15:00+00:00,10.199999809265137,10.199999809265137,10.149999618530273,10.199999809265137,15232,0.0,0.0
2024-07-08 05:20:00+00:00,10.149999618530273,10.199999809265137,10.149999618530273,10.149999618530273,142300,0.0,0.0
2024-07-09 01:00:00+00:00,10.149999618530273,10.149999618530273,10.149999618530273,10.149999618530273,19000,0.0,0.0
2024-07-09 01:05:00+00:00,10.149999618530273,10.149999618530273,10.100000381469727,10.100000381469727,47045,0.0,0.0
2024-07-09 01:10:00+00:00,10.100000381469727,10.100000381469727,10.100000381469727,10.100000381469727,81800,0.0,0.0
2024-07-09 01:15:00+00:00,10.050000190734863,10.050000190734863,10.050000190734863,10.050000190734863,25000,0.0,0.0
2024-07-09 01:20:00+00:00,10.050000190734863,10.050000190734863,9.979999542236328,10.050000190734863,322114,0.0,0.0
2024-07-09 01:25:00+00:00,10.0,10.050000190734863,10.0,10.050000190734863,60500,0.0,0.0
2024-07-09 01:30:00+00:00,10.050000190734863,10.050000190734863,10.0,10.0,69050,0.0,0.0
2024-07-09 01:35:00+00:00,10.0,10.0,10.0,10.0,57286,0.0,0.0
2024-07-09 01:40:00+00:00,10.0,10.0,9.989999771118164,9.989999771118164,58432,0.0,0.0
2024-07-09 01:45:00+00:00,9.979999542236328,9.979999542236328,9.949999809265137,9.949999809265137,434347,0.0,0.0
2024-07-09 01:50:00+00:00,9.949999809265137,9.960000038146973,9.90999984741211,9.920000076293945,104332,0.0,0.0
2024-07-09 01:55:00+00:00,9.920000076293945,9.930000305175781,9.899999618530273,9.930000305175781,127893,0.0,0.0
2024-07-09 02:00:00+00:00,9.930000305175781,9.949999809265137,9.930000305175781,9.9399995803833,49271,0.0,0.0
2024-07-09 02:05:00+00:00,9.930000305175781,9.9399995803833,9.920000076293945,9.9399995803833,134006,0.0,0.0
2024-07-09 02:10:00+00:00,9.9399995803833,9.9399995803833,9.930000305175781,9.9399995803833,41394,0.0,0.0
2024-07-09 02:15:00+00:00,9.9399995803833,9.949999809265137,9.9399995803833,9.949999809265137,40000,0.0,0.0
2024-07-09 02:20:00+00:00,9.949999809265137,9.970000267028809,9.949999809265137,9.960000038146973,7000,0.0,0.0
2024-07-09 02:25:00+00:00,9.960000038146973,9.960000038146973,9.960000038146973,9.960000038146973,42000,0.0,0.0
2024-07-09 02:30:00+00:00,9.960000038146973,9.989999771118164,9.960000038146973,9.979999542236328,37569,0.0,0.0
2024-07-09 02:35:00+00:00,9.970000267028809,9.970000267028809,9.970000267028809,9.970000267028809,2000,0.0,0.0
2024-07-09 02:45:00+00:00,9.970000267028809,9.970000267028809,9.949999809265137,9.949999809265137,54300,0.0,0.0
2024-07-09 02:50:00+00:00,9.960000038146973,9.970000267028809,9.960000038146973,9.970000267028809,4736,0.0,0.0
2024-07-09 02:55:00+00:00,9.970000267028809,9.970000267028809,9.960000038146973,9.970000267028809,53066,0.0,0.0
2024-07-09 03:00:00+00:00,9.970000267028809,9.970000267028809,9.970000267028809,9.970000267028809,2636,0.0,0.0
2024-07-09 03:05:00+00:00,9.960000038146973,9.979999542236328,9.960000038146973,9.979999542236328,13000,0.0,0.0
2024-07-09 03:10:00+00:00,9.979999542236328,9.979999542236328,9.979999542236328,9.979999542236328,7000,0.0,0.0
2024-07-09 03:15:00+00:00,9.979999542236328,9.989999771118164,9.979999542236328,9.989999771118164,30061,0.0,0.0
2024-07-09 03:20:00+00:00,9.989999771118164,9.989999771118164,9.989999771118164,9.989999771118164,1060,0.0,0.0
2024-07-09 03:25:00+00:00,9.989999771118164,9.989999771118164,9.970000267028809,9.970000267028809,97030,0.0,0.0
2024-07-09 03:35:00+00:00,9.970000267028809,9.970000267028809,9.970000267028809,9.970000267028809,11002,0.0,0.0
2024-07-09 03:40:00+00:00,9.979999542236328,9.979999542236328,9.979999542236328,9.979999542236328,1131,0.0,0.0
2024-07-09 03:45:00+00:00,9.979999542236328,9.979999542236328,9.979999542236328,9.979999542236328,4600,0.0,0.0
2024-07-09 03:55:00+00:00,9.989999771118164,10.0,9.989999771118164,10.0,15110,0.0,0.0
2024-07-09 04:00:00+00:00,10.0,10.0,10.0,10.0,1500,0.0,0.0
2024-07-09 04:05:00+00:00,9.989999771118164,9.989999771118164,9.989999771118164,9.989999771118164,1000,0.0,0.0
2024-07-09 04:10:00+00:00,9.989999771118164,9.989999771118164,9.989999771118164,9.989999771118164,7030,0.0,0.0
2024-07-09 04:15:00+00:00,9.989999771118164,9.989999771118164,9.989999771118164,9.989999771118164,2000,0.0,0.0
2024-07-09 04:20:00+00:00,10.0,10.0,9.989999771118164,9.989999771118164,6000,0.0,0.0
2024-07-09 04:25:00+00:00,9.989999771118164,9.989999771118164,9.989999771118164,9.989999771118164,21615,0.0,0.0
2024-07-09 04:30:00+00:00,9.989999771118164,10.0,9.989999771118164,9.989999771118164,42646,0.0,0.0
2024-07-09 04:35:00+00:00,9.979999542236328,9.979999542236328,9.979999542236328,9.979999542236328,26000,0.0,0.0
2024-07-09 04:40:00+00:00,9.970000267028809,9.970000267028809,9.970000267028809,9.970000267028809,5460,0.0,0.0
2024-07-09 04:45:00+00:00,9.970000267028809,9.979999542236328,9.970000267028809,9.979999542236328,28170,0.0,0.0
2024-07-09 04:50:00+00:00,9.970000267028809,9.970000267028809,9.970000267028809,9.970000267028809,5000,0.0,0.0
2024-07-09 04:55:00+00:00,9.989999771118164,9.989999771118164,9.970000267028809,9.979999542236328,10000,0.0,0.0
2024-07-09 05:00:00+00:00,9.979999542236328,9.989999771118164,9.979999542236328,9.989999771118164,4120,0.0,0.0
2024-07-09 05:05:00+00:00,9.979999542236328,9.979999542236328,9.979999542236328,9.979999542236328,14700,0.0,0.0
2024-07-09 05:10:00+00:00,9.979999542236328,9.979999542236328,9.979999542236328,9.979999542236328,1000,0.0,0.0
2024-07-09 05:15:00+00:00,9.979999542236328,9.979999542236328,9.949999809265137,9.979999542236328,83200,0.0,0.0
2024-07-09 05:20:00+00:00,9.970000267028809,10.0,9.970000267028809,10.0,98360,0.0,0.0
2024-07-10 01:00:00+00:00,10.0,10.050000190734863,9.979999542236328,10.050000190734863,65000,0.0,0.0
2024-07-10 01:05:00+00:00,10.0,10.0,10.0,10.0,23670,0.0,0.0
2024-07-10 01:10:00+00:00,10.0,10.0,10.0,10.0,13100,0.0,0.0
2024-07-10 01:15:00+00:00,10.0,10.0,10.0,10.0,16226,0.0,0.0
2024-07-10 01:20:00+00:00,10.0,10.0,10.0,10.0,11249,0.0,0.0
2024-07-10 01:25:00+00:00,9.989999771118164,9.989999771118164,9.989999771118164,9.989999771118164,10750,0.0,0.0
2024-07-10 01:30:00+00:00,9.989999771118164,10.0,9.989999771118164,10.0,9591,0.0,0.0
2024-07-10 01:35:00+00:00,10.0,10.050000190734863,10.0,10.0,69201,0.0,0.0
2024-07-10 01:40:00+00:00,10.0,10.0,10.0,10.0,15189,0.0,0.0
2024-07-10 01:45:00+00:00,10.0,10.0,10.0,10.0,50051,0.0,0.0
2024-07-10 01:50:00+00:00,10.0,10.0,10.0,10.0,6160,0.0,0.0
2024-07-10 01:55:00+00:00,10.0,10.0,10.0,10.0,15000,0.0,0.0
2024-07-10 02:00:00+00:00,10.0,10.0,9.989999771118164,9.989999771118164,32075,0.0,0.0
2024-07-10 02:05:00+00:00,9.979999542236328,9.989999771118164,9.979999542236328,9.989999771118164,48170,0.0,0.0
2024-07-10 02:15:00+00:00,9.989999771118164,9.989999771118164,9.989999771118164,9.989999771118164,8239,0.0,0.0
2024-07-10 02:25:00+00:00,9.989999771118164,10.050000190734863,9.989999771118164,10.050000190734863,275006,0.0,0.0
2024-07-10 02:30:00+00:00,10.0,10.050000190734863,10.0,10.050000190734863,16597,0.0,0.0
2024-07-10 02:35:00+00:00,10.050000190734863,10.050000190734863,10.050000190734863,10.050000190734863,8000,0.0,0.0
2024-07-10 02:40:00+00:00,10.0,10.0,10.0,10.0,16100,0.0,0.0
2024-07-10 02:45:00+00:00,10.050000190734863,10.050000190734863,10.0,10.0,86100,0.0,0.0
2024-07-10 02:50:00+00:00,10.0,10.050000190734863,10.0,10.0,62119,0.0,0.0
2024-07-10 02:55:00+00:00,10.0,10.0,10.0,10.0,11240,0.0,0.0
2024-07-10 03:00:00+00:00,10.0,10.0,10.0,10.0,4014,0.0,0.0
2024-07-10 03:05:00+00:00,10.0,10.0,10.0,10.0,16059,0.0,0.0
2024-07-10 03:10:00+00:00,10.0,10.0,10.0,10.0,10015,0.0,0.0
2024-07-10 03:15:00+00:00,10.0,10.050000190734863,10.0,10.050000190734863,116247,0.0,0.0
2024-07-10 03:25:00+00:00,10.0,10.050000190734863,10.0,10.050000190734863,32000,0.0,0.0
2024-07-10 03:30:00+00:00,10.050000190734863,10.050000190734863,10.050000190734863,10.050000190734863,4000,0.0,0.0
2024-07-10 03:35:00+00:00,10.050000190734863,10.050000190734863,10.050000190734863,10.050000190734863,1139,0.0,0.0
2024-07-10 03:40:00+00:00,10.0,10.0,10.0,10.0,35000,0.0,0.0
2024-07-10 03:45:00+00:00,10.0,10.0,10.0,10.0,12150,0.0,0.0
2024-07-10 03:50:00+00:00,10.0,10.0,10.0,10.0,25050,0.0,0.0
2024-07-10 04:00:00+00:00,10.0,10.0,10.0,10.0,35200,0.0,0.0
2024-07-10 04:05:00+00:00,10.0,10.0,10.0,10.0,5000,0.0,0.0
2024-07-10 04:10:00+00:00,10.0,10.050000190734863,10.0,10.050000190734863,16116,0.0,0.0
2024-07-10 04:15:00+00:00,10.0,10.0,10.0,10.0,14015,0.0,0.0
2024-07-10 04:20:00+00:00,10.0,10.0,10.0,10.0,25952,0.0,0.0
2024-07-10 04:25:00+00:00,10.0,10.0,10.0,10.0,42487,0.0,0.0
2024-07-10 04:30:00+00:00,10.0,10.0,10.0,10.0,19200,0.0,0.0
2024-07-10 04:35:00+00:00,10.0,10.0,9.989999771118164,9.989999771118164,51120,0.0,0.0
2024-07-10 04:40:00+00:00,10.0,10.0,9.989999771118164,9.989999771118164,48819,0.0,0.0
2024-07-10 04:45:00+00:00,10.0,10.050000190734863,10.0,10.050000190734863,7572,0.0,0.0
2024-07-10 04:55:00+00:00,10.050000190734863,10.050000190734863,10.050000190734863,10.050000190734863,10000,0.0,0.0
2024-07-10 05:00:00+00:00,10.050000190734863,10.050000190734863,10.050000190734863,10.050000190734863,119200,0.0,0.0
2024-07-10 05:05:00+00:00,10.050000190734863,10.050000190734863,10.0,10.0,7034,0.0,0.0
2024-07-10 05:10:00+00:00,10.050000190734863,10.050000190734863,10.0,10.0,51079,0.0,0.0
2024-07-10 05:15:00+00:00,10.0,10.050000190734863,10.0,10.050000190734863,3000,0.0,0.0
2024-07-10 05:20:00+00:00,10.0,10.050000190734863,10.0,10.0,47340,0.0,0.0
2024-07-11 01:00:00+00:00,10.0,10.0,9.890000343322754,9.949999809265137,342000,0.0,0.0
2024-07-11 01:05:00+00:00,9.960000038146973,9.960000038146973,9.930000305175781,9.930000305175781,40000,0.0,0.0
2024-07-11 01:10:00+00:00,9.9399995803833,9.9399995803833,9.899999618530273,9.920000076293945,147701,0.0,0.0
2024-07-11 01:15:00+00:00,9.930000305175781,9.930000305175781,9.920000076293945,9.920000076293945,30841,0.0,0.0
2024-07-11 01:20:00+00:00,9.920000076293945,9.920000076293945,9.890000343322754,9.890000343322754,262497,0.0,0.0
2024-07-11 01:25:00+00:00,9.890000343322754,9.920000076293945,9.890000343322754,9.920000076293945,78019,0.0,0.0
2024-07-11 01:30:00+00:00,9.920000076293945,9.930000305175781,9.90999984741211,9.930000305175781,52385,0.0,0.0
2024-07-11 01:35:00+00:00,9.90999984741211,9.90999984741211,9.890000343322754,9.890000343322754,160230,0.0,0.0
2024-07-11 01:40:00+00:00,9.880000114440918,9.880000114440918,9.869999885559082,9.880000114440918,130671,0.0,0.0
2024-07-11 01:45:00+00:00,9.890000343322754,9.90999984741211,9.890000343322754,9.90999984741211,62000,0.0,0.0
2024-07-11 01:50:00+00:00,9.90999984741211,9.90999984741211,9.90999984741211,9.90999984741211,22180,0.0,0.0
2024-07-11 01:55:00+00:00,9.90999984741211,9.90999984741211,9.890000343322754,9.899999618530273,135329,0.0,0.0
2024-07-11 02:00:00+00:00,9.890000343322754,9.90999984741211,9.890000343322754,9.90999984741211,71385,0.0,0.0
2024-07-11 02:05:00+00:00,9.899999618530273,9.899999618530273,9.869999885559082,9.880000114440918,116771,0.0,0.0
2024-07-11 02:10:00+00:00,9.880000114440918,9.899999618530273,9.880000114440918,9.899999618530273,24060,0.0,0.0
2024-07-11 02:15:00+00:00,9.899999618530273,9.899999618530273,9.890000343322754,9.890000343322754,27565,0.0,0.0
2024-07-11 02:20:00+00:00,9.890000343322754,9.899999618530273,9.890000343322754,9.890000343322754,18959,0.0,0.0
2024-07-11 02:25:00+00:00,9.890000343322754,9.899999618530273,9.890000343322754,9.890000343322754,57049,0.0,0.0
2024-07-11 02:30:00+00:00,9.899999618530273,9.899999618530273,9.890000343322754,9.899999618530273,17431,0.0,0.0
2024-07-11 02:35:00+00:00,9.899999618530273,9.899999618530273,9.859999656677246,9.859999656677246,162381,0.0,0.0
2024-07-11 02:40:00+00:00,9.859999656677246,9.859999656677246,9.850000381469727,9.859999656677246,105393,0.0,0.0
2024-07-11 02:45:00+00:00,9.869999885559082,9.869999885559082,9.859999656677246,9.859999656677246,27575,0.0,0.0
2024-07-11 02:50:00+00:00,9.869999885559082,9.869999885559082,9.859999656677246,9.859999656677246,29200,0.0,0.0
2024-07-11 02:55:00+00:00,9.859999656677246,9.859999656677246,9.859999656677246,9.859999656677246,10139,0.0,0.0
2024-07-11 03:00:00+00:00,9.869999885559082,9.869999885559082,9.859999656677246,9.859999656677246,20220,0.0,0.0
2024-07-11 03:05:00+00:00,9.859999656677246,9.859999656677246,9.859999656677246,9.859999656677246,1060,0.0,0.0
2024-07-11 03:10:00+00:00,9.859999656677246,9.859999656677246,9.850000381469727,9.850000381469727,304800,0.0,0.0
2024-07-11 03:15:00+00:00,9.850000381469727,9.850000381469727,9.84000015258789,9.84000015258789,102046,0.0,0.0
2024-07-11 03:20:00+00:00,9.84000015258789,9.850000381469727,9.84000015258789,9.850000381469727,15040,0.0,0.0
2024-07-11 03:25:00+00:00,9.850000381469727,9.850000381469727,9.850000381469727,9.850000381469727,10410,0.0,0.0
2024-07-11 03:30:00+00:00,9.850000381469727,9.859999656677246,9.850000381469727,9.859999656677246,13000,0.0,0.0
2024-07-11 03:35:00+00:00,9.859999656677246,9.880000114440918,9.84000015258789,9.880000114440918,78552,0.0,0.0
2024-07-11 03:40:00+00:00,9.880000114440918,9.880000114440918,9.880000114440918,9.880000114440918,1000,0.0,0.0
2024-07-11 03:45:00+00:00,9.859999656677246,9.859999656677246,9.850000381469727,9.850000381469727,8346,0.0,0.0
2024-07-11 03:50:00+00:00,9.850000381469727,9.859999656677246,9.850000381469727,9.859999656677246,5000,0.0,0.0
2024-07-11 03:55:00+00:00,9.850000381469727,9.859999656677246,9.850000381469727,9.850000381469727,10579,0.0,0.0
2024-07-11 04:00:00+00:00,9.850000381469727,9.850000381469727,9.850000381469727,9.850000381469727,8009,0.0,0.0
2024-07-11 04:05:00+00:00,9.850000381469727,9.850000381469727,9.850000381469727,9.850000381469727,2051,0.0,0.0
2024-07-11 04:10:00+00:00,9.850000381469727,9.850000381469727,9.850000381469727,9.850000381469727,4000,0.0,0.0
2024-07-11 04:15:00+00:00,9.850000381469727,9.850000381469727,9.850000381469727,9.850000381469727,22200,0.0,0.0
2024-07-11 04:20:00+00:00,9.850000381469727,9.890000343322754,9.850000381469727,9.880000114440918,115151,0.0,0.0
2024-07-11 04:25:00+00:00,9.880000114440918,9.880000114440918,9.850000381469727,9.850000381469727,148168,0.0,0.0
2024-07-11 04:30:00+00:00,9.859999656677246,9.859999656677246,9.850000381469727,9.859999656677246,24681,0.0,0.0
2024-07-11 04:35:00+00:00,9.859999656677246,9.859999656677246,9.859999656677246,9.859999656677246,12000,0.0,0.0
2024-07-11 04:40:00+00:00,9.859999656677246,9.859999656677246,9.859999656677246,9.859999656677246,47842,0.0,0.0
2024-07-11 04:45:00+00:00,9.859999656677246,9.869999885559082,9.859999656677246,9.859999656677246,37023,0.0,0.0
2024-07-11 04:50:00+00:00,9.859999656677246,9.859999656677246,9.859999656677246,9.859999656677246,4011,0.0,0.0
2024-07-11 04:55:00+00:00,9.850000381469727,9.859999656677246,9.850000381469727,9.859999656677246,20555,0.0,0.0
2024-07-11 05:00:00+00:00,9.850000381469727,9.859999656677246,9.850000381469727,9.859999656677246,4851,0.0,0.0
2024-07-11 05:05:00+00:00,9.859999656677246,9.859999656677246,9.84000015258789,9.850000381469727,72432,0.0,0.0
2024-07-11 05:10:00+00:00,9.850000381469727,9.850000381469727,9.84000015258789,9.850000381469727,34045,0.0,0.0
2024-07-11 05:15:00+00:00,9.84000015258789,9.850000381469727,9.84000015258789,9.84000015258789,21203,0.0,0.0
2024-07-11 05:20:00+00:00,9.84000015258789,9.850000381469727,9.829999923706055,9.829999923706055,48758,0.0,0.0
2024-07-12 01:00:00+00:00,9.800000190734863,9.890000343322754,9.800000190734863,9.84000015258789,68000,0.0,0.0
2024-07-12 01:05:00+00:00,9.859999656677246,9.880000114440918,9.84000015258789,9.84000015258789,41077,0.0,0.0
2024-07-12 01:10:00+00:00,9.890000343322754,9.899999618530273,9.880000114440918,9.890000343322754,32561,0.0,0.0
2024-07-12 01:15:00+00:00,9.890000343322754,9.890000343322754,9.890000343322754,9.890000343322754,2000,0.0,0.0
2024-07-12 01:20:00+00:00,9.890000343322754,9.920000076293945,9.890000343322754,9.890000343322754,67000,0.0,0.0
2024-07-12 01:25:00+00:00,9.90999984741211,9.90999984741211,9.90999984741211,9.90999984741211,4301,0.0,0.0
2024-07-12 01:30:00+00:00,9.899999618530273,9.899999618530273,9.899999618530273,9.899999618530273,5200,0.0,0.0
2024-07-12 01:35:00+00:00,9.899999618530273,9.90999984741211,9.899999618530273,9.90999984741211,32620,0.0,0.0
2024-07-12 01:40:00+00:00,9.90999984741211,9.920000076293945,9.90999984741211,9.920000076293945,10020,0.0,0.0
2024-07-12 01:45:00+00:00,9.920000076293945,9.930000305175781,9.920000076293945,9.930000305175781,27000,0.0,0.0
2024-07-12 01:50:00+00:00,9.930000305175781,9.970000267028809,9.920000076293945,9.9399995803833,87041,0.0,0.0
2024-07-12 01:55:00+00:00,9.949999809265137,9.960000038146973,9.949999809265137,9.960000038146973,20000,0.0,0.0
2024-07-12 02:00:00+00:00,9.960000038146973,9.960000038146973,9.920000076293945,9.920000076293945,99000,0.0,0.0
2024-07-12 02:05:00+00:00,9.920000076293945,9.920000076293945,9.920000076293945,9.920000076293945,6277,0.0,0.0
2024-07-12 02:15:00+00:00,9.930000305175781,9.930000305175781,9.930000305175781,9.930000305175781,12080,0.0,0.0
2024-07-12 02:20:00+00:00,9.930000305175781,9.970000267028809,9.930000305175781,9.970000267028809,92300,0.0,0.0
2024-07-12 02:25:00+00:00,9.949999809265137,9.960000038146973,9.949999809265137,9.949999809265137,9000,0.0,0.0
2024-07-12 02:30:00+00:00,9.960000038146973,9.979999542236328,9.960000038146973,9.979999542236328,78420,0.0,0.0
2024-07-12 02:40:00+00:00,9.970000267028809,9.970000267028809,9.970000267028809,9.970000267028809,4100,0.0,0.0
2024-07-12 02:45:00+00:00,9.970000267028809,9.970000267028809,9.970000267028809,9.970000267028809,11395,0.0,0.0
2024-07-12 02:55:00+00:00,9.960000038146973,9.970000267028809,9.960000038146973,9.970000267028809,4823,0.0,0.0
2024-07-12 03:00:00+00:00,9.960000038146973,9.960000038146973,9.960000038146973,9.960000038146973,3000,0.0,0.0
2024-07-12 03:05:00+00:00,9.970000267028809,9.970000267028809,9.960000038146973,9.960000038146973,7200,0.0,0.0
2024-07-12 03:10:00+00:00,9.970000267028809,9.970000267028809,9.960000038146973,9.960000038146973,6000,0.0,0.0
2024-07-12 03:15:00+00:00,9.960000038146973,9.960000038146973,9.960000038146973,9.960000038146973,16319,0.0,0.0
2024-07-12 03:20:00+00:00,9.960000038146973,9.970000267028809,9.960000038146973,9.960000038146973,31200,0.0,0.0
2024-07-12 03:25:00+00:00,9.949999809265137,9.960000038146973,9.949999809265137,9.960000038146973,34000,0.0,0.0
2024-07-12 03:30:00+00:00,9.949999809265137,9.949999809265137,9.949999809265137,9.949999809265137,1000,0.0,0.0
2024-07-12 03:35:00+00:00,9.949999809265137,9.949999809265137,9.949999809265137,9.949999809265137,10211,0.0,0.0
2024-07-12 03:40:00+00:00,9.949999809265137,9.979999542236328,9.949999809265137,9.979999542236328,130900,0.0,0.0
2024-07-12 03:45:00+00:00,9.960000038146973,9.960000038146973,9.949999809265137,9.949999809265137,51171,0.0,0.0
2024-07-12 03:50:00+00:00,9.949999809265137,9.949999809265137,9.949999809265137,9.949999809265137,10020,0.0,0.0
2024-07-12 03:55:00+00:00,9.949999809265137,9.949999809265137,9.949999809265137,9.949999809265137,8500,0.0,0.0
2024-07-12 04:00:00+00:00,9.949999809265137,9.949999809265137,9.949999809265137,9.949999809265137,19000,0.0,0.0
2024-07-12 04:05:00+00:00,9.960000038146973,9.960000038146973,9.960000038146973,9.960000038146973,6601,0.0,0.0
2024-07-12 04:10:00+00:00,9.960000038146973,9.960000038146973,9.960000038146973,9.960000038146973,1000,0.0,0.0
2024-07-12 04:15:00+00:00,9.960000038146973,9.970000267028809,9.949999809265137,9.970000267028809,47347,0.0,0.0
2024-07-12 04:25:00+00:00,9.960000038146973,9.960000038146973,9.960000038146973,9.960000038146973,21211,0.0,0.0
2024-07-12 04:30:00+00:00,9.960000038146973,9.960000038146973,9.960000038146973,9.960000038146973,4047,0.0,0.0
2024-07-12 04:35:00+00:00,9.949999809265137,9.979999542236328,9.949999809265137,9.979999542236328,93292,0.0,0.0
2024-07-12 04:40:00+00:00,9.970000267028809,9.970000267028809,9.970000267028809,9.970000267028809,16100,0.0,0.0
2024-07-12 04:45:00+00:00,9.970000267028809,9.970000267028809,9.970000267028809,9.970000267028809,1311,0.0,0.0
2024-07-12 04:50:00+00:00,9.979999542236328,9.979999542236328,9.960000038146973,9.960000038146973,43130,0.0,0.0
2024-07-12 04:55:00+00:00,9.970000267028809,9.970000267028809,9.970000267028809,9.970000267028809,7020,0.0,0.0
2024-07-12 05:00:00+00:00,9.970000267028809,9.970000267028809,9.970000267028809,9.970000267028809,19050,0.0,0.0
2024-07-12 05:05:00+00:00,9.970000267028809,9.970000267028809,9.960000038146973,9.960000038146973,9100,0.0,0.0
2024-07-12 05:10:00+00:00,9.970000267028809,9.970000267028809,9.960000038146973,9.960000038146973,15000,0.0,0.0
2024-07-12 05:15:00+00:00,9.970000267028809,9.979999542236328,9.970000267028809,9.979999542236328,64090,0.0,0.0
2024-07-12 05:20:00+00:00,9.989999771118164,9.989999771118164,9.979999542236328,9.989999771118164,52954,0.0,0.0
2024-07-15 01:00:00+00:00,9.949999809265137,9.960000038146973,9.920000076293945,9.920000076293945,0,0.0,0.0
2024-07-15 01:05:00+00:00,9.979999542236328,10.0,9.979999542236328,10.0,78000,0.0,0.0
2024-07-15 01:10:00+00:00,10.0,10.050000190734863,9.979999542236328,10.0,59691,0.0,0.0
2024-07-15 01:15:00+00:00,9.970000267028809,9.970000267028809,9.949999809265137,9.949999809265137,37141,0.0,0.0
2024-07-15 01:20:00+00:00,9.949999809265137,9.979999542236328,9.930000305175781,9.930000305175781,18050,0.0,0.0
2024-07-15 01:25:00+00:00,9.930000305175781,9.960000038146973,9.930000305175781,9.949999809265137,46100,0.0,0.0
2024-07-15 01:30:00+00:00,9.9399995803833,9.9399995803833,9.90999984741211,9.920000076293945,73185,0.0,0.0
2024-07-15 01:35:00+00:00,9.949999809265137,9.960000038146973,9.930000305175781,9.960000038146973,9055,0.0,0.0
2024-07-15 01:40:00+00:00,9.960000038146973,9.960000038146973,9.899999618530273,9.920000076293945,127480,0.0,0.0
2024-07-15 01:50:00+00:00,9.930000305175781,9.949999809265137,9.930000305175781,9.949999809265137,8260,0.0,0.0
2024-07-15 01:55:00+00:00,9.949999809265137,9.949999809265137,9.949999809265137,9.949999809265137,6055,0.0,0.0
2024-07-15 02:00:00+00:00,9.949999809265137,9.949999809265137,9.949999809265137,9.949999809265137,3016,0.0,0.0
2024-07-15 02:10:00+00:00,9.949999809265137,9.949999809265137,9.9399995803833,9.9399995803833,12111,0.0,0.0
2024-07-15 02:20:00+00:00,9.9399995803833,9.9399995803833,9.9399995803833,9.9399995803833,3097,0.0,0.0
2024-07-15 02:25:00+00:00,9.930000305175781,9.930000305175781,9.930000305175781,9.930000305175781,44670,0.0,0.0
2024-07-15 02:30:00+00:00,9.930000305175781,9.9399995803833,9.930000305175781,9.9399995803833,6761,0.0,0.0
2024-07-15 02:35:00+00:00,9.9399995803833,9.9399995803833,9.9399995803833,9.9399995803833,4002,0.0,0.0
2024-07-15 02:40:00+00:00,9.930000305175781,9.930000305175781,9.930000305175781,9.930000305175781,4066,0.0,0.0
2024-07-15 02:45:00+00:00,9.920000076293945,9.920000076293945,9.920000076293945,9.920000076293945,3000,0.0,0.0
2024-07-15 02:50:00+00:00,9.930000305175781,9.930000305175781,9.930000305175781,9.930000305175781,2850,0.0,0.0
2024-07-15 03:00:00+00:00,9.930000305175781,9.930000305175781,9.920000076293945,9.920000076293945,16000,0.0,0.0
2024-07-15 03:05:00+00:00,9.920000076293945,9.920000076293945,9.90999984741211,9.920000076293945,34524,0.0,0.0
2024-07-15 03:10:00+00:00,9.920000076293945,9.920000076293945,9.920000076293945,9.920000076293945,3080,0.0,0.0
2024-07-15 03:15:00+00:00,9.920000076293945,9.930000305175781,9.920000076293945,9.930000305175781,2000,0.0,0.0
2024-07-15 03:20:00+00:00,9.920000076293945,9.920000076293945,9.920000076293945,9.920000076293945,10000,0.0,0.0
2024-07-15 03:25:00+00:00,9.90999984741211,9.90999984741211,9.90999984741211,9.90999984741211,3000,0.0,0.0
2024-07-15 03:30:00+00:00,9.920000076293945,9.920000076293945,9.90999984741211,9.90999984741211,4000,0.0,0.0
2024-07-15 03:35:00+00:00,9.930000305175781,9.930000305175781,9.930000305175781,9.930000305175781,5021,0.0,0.0
2024-07-15 03:40:00+00:00,9.930000305175781,9.930000305175781,9.930000305175781,9.930000305175781,1036,0.0,0.0
2024-07-15 03:45:00+00:00,9.920000076293945,9.920000076293945,9.920000076293945,9.920000076293945,3000,0.0,0.0
2024-07-15 03:50:00+00:00,9.920000076293945,9.920000076293945,9.920000076293945,9.920000076293945,11000,0.0,0.0
2024-07-15 03:55:00+00:00,9.90999984741211,9.90999984741211,9.90999984741211,9.90999984741211,10000,0.0,0.0
2024-07-15 04:05:00+00:00,9.90999984741211,9.930000305175781,9.90999984741211,9.930000305175781,5000,0.0,0.0
2024-07-15 04:10:00+00:00,9.920000076293945,9.920000076293945,9.90999984741211,9.90999984741211,2000,0.0,0.0
2024-07-15 04:15:00+00:00,9.90999984741211,9.90999984741211,9.899999618530273,9.899999618530273,26974,0.0,0.0
2024-07-15 04:20:00+00:00,9.899999618530273,9.90999984741211,9.899999618530273,9.90999984741211,8126,0.0,0.0
2024-07-15 04:25:00+00:00,9.90999984741211,9.90999984741211,9.899999618530273,9.899999618530273,17284,0.0,0.0
2024-07-15 04:30:00+00:00,9.899999618530273,9.899999618530273,9.899999618530273,9.899999618530273,15626,0.0,0.0
2024-07-15 04:45:00+00:00,9.90999984741211,9.920000076293945,9.899999618530273,9.920000076293945,28503,0.0,0.0
2024-07-15 04:50:00+00:00,9.920000076293945,9.920000076293945,9.920000076293945,9.920000076293945,1496,0.0,0.0
2024-07-15 05:00:00+00:00,9.930000305175781,9.930000305175781,9.930000305175781,9.930000305175781,10341,0.0,0.0
2024-07-15 05:05:00+00:00,9.90999984741211,9.90999984741211,9.90999984741211,9.90999984741211,4241,0.0,0.0
2024-07-15 05:10:00+00:00,9.90999984741211,9.90999984741211,9.899999618530273,9.899999618530273,28245,0.0,0.0
2024-07-15 05:15:00+00:00,9.899999618530273,9.90999984741211,9.899999618530273,9.90999984741211,8203,0.0,0.0
2024-07-15 05:20:00+00:00,9.90999984741211,9.90999984741211,9.899999618530273,9.90999984741211,26231,0.0,0.0
2024-07-16 01:00:00+00:00,9.899999618530273,9.90999984741211,9.899999618530273,9.90999984741211,3000,0.0,0.0
2024-07-16 01:05:00+00:00,9.90999984741211,9.949999809265137,9.90999984741211,9.949999809265137,61000,0.0,0.0
2024-07-16 01:10:00+00:00,9.989999771118164,10.0,9.989999771118164,9.989999771118164,56597,0.0,0.0
2024-07-16 01:15:00+00:00,9.9399995803833,9.9399995803833,9.9399995803833,9.9399995803833,6430,0.0,0.0
2024-07-16 01:20:00+00:00,9.9399995803833,9.960000038146973,9.9399995803833,9.960000038146973,3020,0.0,0.0
2024-07-16 01:25:00+00:00,9.9399995803833,9.9399995803833,9.930000305175781,9.930000305175781,13000,0.0,0.0
2024-07-16 01:30:00+00:00,9.930000305175781,9.930000305175781,9.920000076293945,9.920000076293945,10000,0.0,0.0
2024-07-16 01:35:00+00:00,9.920000076293945,9.989999771118164,9.920000076293945,9.920000076293945,65656,0.0,0.0
2024-07-16 01:40:00+00:00,9.920000076293945,9.920000076293945,9.920000076293945,9.920000076293945,6000,0.0,0.0
2024-07-16 01:45:00+00:00,9.920000076293945,9.930000305175781,9.920000076293945,9.930000305175781,2101,0.0,0.0
2024-07-16 01:50:00+00:00,9.930000305175781,9.930000305175781,9.930000305175781,9.930000305175781,5000,0.0,0.0
2024-07-16 01:55:00+00:00,9.920000076293945,9.920000076293945,9.920000076293945,9.920000076293945,11039,0.0,0.0
2024-07-16 02:00:00+00:00,9.930000305175781,9.930000305175781,9.920000076293945,9.920000076293945,13750,0.0,0.0
2024-07-16 02:05:00+00:00,9.920000076293945,9.920000076293945,9.920000076293945,9.920000076293945,3100,0.0,0.0
2024-07-16 02:10:00+00:00,9.920000076293945,9.920000076293945,9.920000076293945,9.920000076293945,12000,0.0,0.0
2024-07-16 02:15:00+00:00,9.920000076293945,9.920000076293945,9.90999984741211,9.90999984741211,13000,0.0,0.0
2024-07-16 02:20:00+00:00,9.90999984741211,9.930000305175781,9.90999984741211,9.930000305175781,21680,0.0,0.0
2024-07-16 02:25:00+00:00,9.930000305175781,9.930000305175781,9.920000076293945,9.920000076293945,44306,0.0,0.0
2024-07-16 02:40:00+00:00,9.949999809265137,9.949999809265137,9.949999809265137,9.949999809265137,10999,0.0,0.0
2024-07-16 02:45:00+00:00,9.920000076293945,9.920000076293945,9.920000076293945,9.920000076293945,1167,0.0,0.0
2024-07-16 02:50:00+00:00,9.920000076293945,9.920000076293945,9.920000076293945,9.920000076293945,3505,0.0,0.0
2024-07-16 03:00:00+00:00,9.920000076293945,9.920000076293945,9.90999984741211,9.90999984741211,56000,0.0,0.0
2024-07-16 03:05:00+00:00,9.90999984741211,9.90999984741211,9.90999984741211,9.90999984741211,5680,0.0,0.0
2024-07-16 03:20:00+00:00,9.90999984741211,9.90999984741211,9.90999984741211,9.90999984741211,7000,0.0,0.0
2024-07-16 03:25:00+00:00,9.90999984741211,9.90999984741211,9.90999984741211,9.90999984741211,1152,0.0,0.0
2024-07-16 03:35:00+00:00,9.90999984741211,9.90999984741211,9.90999984741211,9.90999984741211,16000,0.0,0.0
2024-07-16 03:40:00+00:00,9.90999984741211,9.90999984741211,9.90999984741211,9.90999984741211,1000,0.0,0.0
2024-07-16 03:45:00+00:00,9.90999984741211,9.90999984741211,9.899999618530273,9.899999618530273,52630,0.0,0.0
2024-07-16 03:50:00+00:00,9.899999618530273,9.899999618530273,9.899999618530273,9.899999618530273,4000,0.0,0.0
2024-07-16 03:55:00+00:00,9.899999618530273,9.899999618530273,9.890000343322754,9.899999618530273,73000,0.0,0.0
2024-07-16 04:00:00+00:00,9.890000343322754,9.890000343322754,9.880000114440918,9.880000114440918,46040,0.0,0.0
2024-07-16 04:05:00+00:00,9.890000343322754,9.890000343322754,9.869999885559082,9.869999885559082,77000,0.0,0.0
2024-07-16 04:10:00+00:00,9.869999885559082,9.869999885559082,9.869999885559082,9.869999885559082,5961,0.0,0.0
2024-07-16 04:20:00+00:00,9.869999885559082,9.869999885559082,9.869999885559082,9.869999885559082,1030,0.0,0.0
2024-07-16 04:25:00+00:00,9.869999885559082,9.869999885559082,9.869999885559082,9.869999885559082,3000,0.0,0.0
2024-07-16 04:30:00+00:00,9.880000114440918,9.880000114440918,9.880000114440918,9.880000114440918,1000,0.0,0.0
2024-07-16 04:40:00+00:00,9.880000114440918,9.880000114440918,9.880000114440918,9.880000114440918,21000,0.0,0.0
2024-07-16 04:45:00+00:00,9.869999885559082,9.880000114440918,9.869999885559082,9.880000114440918,5001,0.0,0.0
2024-07-16 04:50:00+00:00,9.869999885559082,9.869999885559082,9.869999885559082,9.869999885559082,4000,0.0,0.0
2024-07-16 04:55:00+00:00,9.880000114440918,9.880000114440918,9.869999885559082,9.869999885559082,16063,0.0,0.0
2024-07-16 05:00:00+00:00,9.869999885559082,9.880000114440918,9.869999885559082,9.880000114440918,26035,0.0,0.0
2024-07-16 05:05:00+00:00,9.869999885559082,9.869999885559082,9.869999885559082,9.869999885559082,3315,0.0,0.0
2024-07-16 05:10:00+00:00,9.869999885559082,9.880000114440918,9.869999885559082,9.880000114440918,6159,0.0,0.0
2024-07-16 05:15:00+00:00,9.880000114440918,9.880000114440918,9.869999885559082,9.880000114440918,16384,0.0,0.0
2024-07-16 05:20:00+00:00,9.880000114440918,9.880000114440918,9.869999885559082,9.880000114440918,29023,0.0,0.0
2024-07-17 01:00:00+00:00,9.899999618530273,9.960000038146973,9.899999618530273,9.960000038146973,88000,0.0,0.0
2024-07-17 01:05:00+00:00,9.960000038146973,9.960000038146973,9.90999984741211,9.90999984741211,25328,0.0,0.0
2024-07-17 01:10:00+00:00,9.949999809265137,9.960000038146973,9.949999809265137,9.949999809265137,19361,0.0,0.0
2024-07-17 01:15:00+00:00,9.960000038146973,9.979999542236328,9.960000038146973,9.979999542236328,105839,0.0,0.0
2024-07-17 01:20:00+00:00,9.979999542236328,9.979999542236328,9.979999542236328,9.979999542236328,10346,0.0,0.0
2024-07-17 01:25:00+00:00,9.979999542236328,9.979999542236328,9.970000267028809,9.970000267028809,5180,0.0,0.0
2024-07-17 01:30:00+00:00,9.970000267028809,9.979999542236328,9.970000267028809,9.979999542236328,36000,0.0,0.0
2024-07-17 01:35:00+00:00,9.989999771118164,9.989999771118164,9.979999542236328,9.979999542236328,23103,0.0,0.0
2024-07-17 01:40:00+00:00,9.979999542236328,9.989999771118164,9.979999542236328,9.979999542236328,68005,0.0,0.0
2024-07-17 01:45:00+00:00,9.979999542236328,9.979999542236328,9.960000038146973,9.960000038146973,54000,0.0,0.0
2024-07-17 01:50:00+00:00,9.960000038146973,9.960000038146973,9.960000038146973,9.960000038146973,9000,0.0,0.0
2024-07-17 01:55:00+00:00,9.960000038146973,9.970000267028809,9.949999809265137,9.970000267028809,52476,0.0,0.0
2024-07-17 02:00:00+00:00,9.949999809265137,9.949999809265137,9.949999809265137,9.949999809265137,1000,0.0,0.0
2024-07-17 02:05:00+00:00,9.970000267028809,10.0,9.970000267028809,10.0,295600,0.0,0.0
2024-07-17 02:10:00+00:00,9.979999542236328,10.0,9.979999542236328,9.989999771118164,48180,0.0,0.0
2024-07-17 02:15:00+00:00,9.989999771118164,10.0,9.989999771118164,9.989999771118164,16051,0.0,0.0
2024-07-17 02:20:00+00:00,9.989999771118164,10.0,9.989999771118164,10.0,180119,0.0,0.0
2024-07-17 02:25:00+00:00,10.0,10.0,10.0,10.0,52628,0.0,0.0
2024-07-17 02:30:00+00:00,10.0,10.050000190734863,10.0,10.050000190734863,73213,0.0,0.0
2024-07-17 02:35:00+00:00,10.0,10.050000190734863,10.0,10.0,65000,0.0,0.0
2024-07-17 02:40:00+00:00,10.0,10.0,10.0,10.0,15173,0.0,0.0
2024-07-17 02:45:00+00:00,10.0,10.050000190734863,10.0,10.050000190734863,373719,0.0,0.0
2024-07-17 02:50:00+00:00,10.100000381469727,10.100000381469727,10.0,10.0,146280,0.0,0.0
2024-07-17 02:55:00+00:00,10.050000190734863,10.050000190734863,10.050000190734863,10.050000190734863,5059,0.0,0.0
2024-07-17 03:00:00+00:00,10.0,10.0,10.0,10.0,119290,0.0,0.0
2024-07-17 03:05:00+00:00,10.0,10.0,10.0,10.0,59520,0.0,0.0
2024-07-17 03:10:00+00:00,10.0,10.050000190734863,10.0,10.050000190734863,61211,0.0,0.0
2024-07-17 03:20:00+00:00,10.0,10.0,10.0,10.0,10000,0.0,0.0
2024-07-17 03:25:00+00:00,10.0,10.050000190734863,10.0,10.0,68300,0.0,0.0
2024-07-17 03:30:00+00:00,10.0,10.0,10.0,10.0,19000,0.0,0.0
2024-07-17 03:35:00+00:00,10.0,10.0,10.0,10.0,10300,0.0,0.0
2024-07-17 03:40:00+00:00,10.0,10.0,9.970000267028809,9.970000267028809,69140,0.0,0.0
2024-07-17 03:45:00+00:00,9.970000267028809,9.979999542236328,9.970000267028809,9.979999542236328,16261,0.0,0.0
2024-07-17 03:50:00+00:00,9.979999542236328,10.0,9.979999542236328,9.989999771118164,104700,0.0,0.0
2024-07-17 03:55:00+00:00,9.989999771118164,9.989999771118164,9.989999771118164,9.989999771118164,1000,0.0,0.0
2024-07-17 04:00:00+00:00,9.989999771118164,9.989999771118164,9.989999771118164,9.989999771118164,18202,0.0,0.0
2024-07-17 04:10:00+00:00,10.0,10.0,9.989999771118164,9.989999771118164,24300,0.0,0.0
2024-07-17 04:15:00+00:00,10.0,10.050000190734863,10.0,10.050000190734863,47035,0.0,0.0
2024-07-17 04:20:00+00:00,10.050000190734863,10.050000190734863,10.0,10.050000190734863,27240,0.0,0.0
2024-07-17 04:25:00+00:00,10.050000190734863,10.050000190734863,10.050000190734863,10.050000190734863,2956,0.0,0.0
2024-07-17 04:35:00+00:00,10.050000190734863,10.050000190734863,10.0,10.0,4250,0.0,0.0
2024-07-17 04:40:00+00:00,10.0,10.050000190734863,10.0,10.050000190734863,19159,0.0,0.0
2024-07-17 04:45:00+00:00,10.0,10.050000190734863,10.0,10.050000190734863,24160,0.0,0.0
2024-07-17 04:50:00+00:00,10.0,10.050000190734863,10.0,10.050000190734863,27000,0.0,0.0
2024-07-17 04:55:00+00:00,10.0,10.050000190734863,10.0,10.050000190734863,2000,0.0,0.0
2024-07-17 05:00:00+00:00,10.0,10.050000190734863,10.0,10.050000190734863,164400,0.0,0.0
2024-07-17 05:05:00+00:00,10.0,10.0,9.979999542236328,9.989999771118164,103000,0.0,0.0
2024-07-17 05:10:00+00:00,9.989999771118164,9.989999771118164,9.989999771118164,9.989999771118164,11906,0.0,0.0
2024-07-17 05:15:00+00:00,9.989999771118164,10.0,9.979999542236328,9.979999542236328,76593,0.0,0.0
2024-07-17 05:20:00+00:00,9.979999542236328,10.050000190734863,9.979999542236328,10.050000190734863,75657,0.0,0.0
2024-07-18 01:00:00+00:00,10.050000190734863,10.050000190734863,9.9399995803833,9.9399995803833,181000,0.0,0.0
2024-07-18 01:05:00+00:00,9.930000305175781,9.949999809265137,9.920000076293945,9.949999809265137,39851,0.0,0.0
2024-07-18 01:10:00+00:00,9.949999809265137,10.0,9.949999809265137,10.0,12305,0.0,0.0
2024-07-18 01:15:00+00:00,10.0,10.0,9.989999771118164,9.989999771118164,6000,0.0,0.0
2024-07-18 01:20:00+00:00,9.989999771118164,9.989999771118164,9.989999771118164,9.989999771118164,5813,0.0,0.0
2024-07-18 01:25:00+00:00,9.989999771118164,10.050000190734863,9.989999771118164,10.050000190734863,98251,0.0,0.0
2024-07-18 01:30:00+00:00,10.050000190734863,10.050000190734863,10.0,10.0,20311,0.0,0.0
2024-07-18 01:35:00+00:00,10.0,10.0,10.0,10.0,7030,0.0,0.0
2024-07-18 01:40:00+00:00,10.0,10.0,9.989999771118164,9.989999771118164,5055,0.0,0.0
2024-07-18 01:45:00+00:00,9.979999542236328,10.0,9.970000267028809,10.0,23432,0.0,0.0
2024-07-18 01:50:00+00:00,10.0,10.0,10.0,10.0,3300,0.0,0.0
2024-07-18 01:55:00+00:00,10.0,10.0,10.0,10.0,10060,0.0,0.0
2024-07-18 02:00:00+00:00,10.0,10.050000190734863,10.0,10.050000190734863,41853,0.0,0.0
2024-07-18 02:05:00+00:00,10.050000190734863,10.050000190734863,10.050000190734863,10.050000190734863,1275,0.0,0.0
2024-07-18 02:10:00+00:00,10.050000190734863,10.050000190734863,10.0,10.0,11000,0.0,0.0
2024-07-18 02:15:00+00:00,10.0,10.0,9.989999771118164,9.989999771118164,48329,0.0,0.0
2024-07-18 02:20:00+00:00,9.979999542236328,9.979999542236328,9.979999542236328,9.979999542236328,2000,0.0,0.0
2024-07-18 02:25:00+00:00,9.979999542236328,9.979999542236328,9.970000267028809,9.970000267028809,15422,0.0,0.0
2024-07-18 02:30:00+00:00,9.970000267028809,9.970000267028809,9.960000038146973,9.970000267028809,26000,0.0,0.0
2024-07-18 02:35:00+00:00,9.970000267028809,9.970000267028809,9.960000038146973,9.970000267028809,11631,0.0,0.0
2024-07-18 02:40:00+00:00,9.979999542236328,9.979999542236328,9.979999542236328,9.979999542236328,1200,0.0,0.0
2024-07-18 02:45:00+00:00,9.979999542236328,9.979999542236328,9.979999542236328,9.979999542236328,10309,0.0,0.0
2024-07-18 02:50:00+00:00,9.979999542236328,9.979999542236328,9.979999542236328,9.979999542236328,6720,0.0,0.0
2024-07-18 02:55:00+00:00,9.989999771118164,9.989999771118164,9.989999771118164,9.989999771118164,5000,0.0,0.0
2024-07-18 03:00:00+00:00,9.989999771118164,9.989999771118164,9.979999542236328,9.979999542236328,4005,0.0,0.0
2024-07-18 03:05:00+00:00,9.979999542236328,9.979999542236328,9.979999542236328,9.979999542236328,15000,0.0,0.0
2024-07-18 03:10:00+00:00,9.989999771118164,10.0,9.979999542236328,9.979999542236328,42289,0.0,0.0
2024-07-18 03:20:00+00:00,9.989999771118164,9.989999771118164,9.989999771118164,9.989999771118164,1213,0.0,0.0
2024-07-18 03:25:00+00:00,9.979999542236328,9.989999771118164,9.979999542236328,9.989999771118164,4000,0.0,0.0
2024-07-18 03:30:00+00:00,9.989999771118164,9.989999771118164,9.989999771118164,9.989999771118164,2000,0.0,0.0
2024-07-18 03:40:00+00:00,9.979999542236328,9.979999542236328,9.979999542236328,9.979999542236328,3000,0.0,0.0
2024-07-18 03:45:00+00:00,9.979999542236328,9.989999771118164,9.979999542236328,9.989999771118164,8100,0.0,0.0
2024-07-18 03:50:00+00:00,9.989999771118164,10.0,9.989999771118164,10.0,34060,0.0,0.0
2024-07-18 03:55:00+00:00,9.989999771118164,10.050000190734863,9.989999771118164,10.050000190734863,8650,0.0,0.0
2024-07-18 04:00:00+00:00,10.0,10.0,10.0,10.0,7410,0.0,0.0
2024-07-18 04:05:00+00:00,10.0,10.0,10.0,10.0,11120,0.0,0.0
2024-07-18 04:10:00+00:00,10.0,10.0,10.0,10.0,33300,0.0,0.0
2024-07-18 04:15:00+00:00,10.0,10.0,10.0,10.0,14160,0.0,0.0
2024-07-18 04:20:00+00:00,10.0,10.0,9.989999771118164,9.989999771118164,9110,0.0,0.0
2024-07-18 04:25:00+00:00,9.989999771118164,9.989999771118164,9.979999542236328,9.979999542236328,37800,0.0,0.0
2024-07-18 04:30:00+00:00,9.979999542236328,10.0,9.979999542236328,10.0,183010,0.0,0.0
2024-07-18 04:35:00+00:00,10.0,10.0,10.0,10.0,15034,0.0,0.0
2024-07-18 04:40:00+00:00,9.989999771118164,9.989999771118164,9.989999771118164,9.989999771118164,23667,0.0,0.0
2024-07-18 04:45:00+00:00,9.989999771118164,10.0,9.989999771118164,10.0,28073,0.0,0.0
2024-07-18 04:50:00+00:00,10.050000190734863,10.050000190734863,10.0,10.050000190734863,9844,0.0,0.0
2024-07-18 04:55:00+00:00,10.0,10.050000190734863,10.0,10.050000190734863,15080,0.0,0.0
2024-07-18 05:00:00+00:00,10.0,10.050000190734863,10.0,10.050000190734863,63713,0.0,0.0
2024-07-18 05:05:00+00:00,10.0,10.0,10.0,10.0,16571,0.0,0.0
2024-07-18 05:10:00+00:00,10.050000190734863,10.050000190734863,10.0,10.0,10050,0.0,0.0
2024-07-18 05:15:00+00:00,10.0,10.0,9.989999771118164,9.989999771118164,34000,0.0,0.0
2024-07-18 05:20:00+00:00,10.0,10.050000190734863,10.0,10.0,45450,0.0,0.0
2024-07-19 01:00:00+00:00,10.0,10.0,9.930000305175781,9.949999809265137,322000,0.0,0.0
2024-07-19 01:05:00+00:00,9.949999809265137,10.300000190734863,9.949999809265137,10.25,1537000,0.0,0.0
2024-07-19 01:10:00+00:00,10.25,10.350000381469727,10.100000381469727,10.149999618530273,2136712,0.0,0.0
2024-07-19 01:15:00+00:00,10.149999618530273,10.199999809265137,10.100000381469727,10.149999618530273,674241,0.0,0.0
2024-07-19 01:20:00+00:00,10.149999618530273,10.149999618530273,10.050000190734863,10.100000381469727,779200,0.0,0.0
2024-07-19 01:25:00+00:00,10.050000190734863,10.100000381469727,10.050000190734863,10.100000381469727,269019,0.0,0.0
2024-07-19 01:30:00+00:00,10.100000381469727,10.100000381469727,10.0,10.050000190734863,550859,0.0,0.0
2024-07-19 01:35:00+00:00,10.0,10.100000381469727,10.0,10.100000381469727,349140,0.0,0.0
2024-07-19 01:40:00+00:00,10.050000190734863,10.050000190734863,10.0,10.050000190734863,142000,0.0,0.0
2024-07-19 01:45:00+00:00,10.0,10.050000190734863,10.0,10.050000190734863,78130,0.0,0.0
2024-07-19 01:50:00+00:00,9.960000038146973,9.989999771118164,9.949999809265137,9.989999771118164,641222,0.0,0.0
2024-07-19 01:55:00+00:00,9.989999771118164,9.989999771118164,9.960000038146973,9.979999542236328,147226,0.0,0.0
2024-07-19 02:00:00+00:00,9.979999542236328,10.0,9.970000267028809,9.970000267028809,42211,0.0,0.0
2024-07-19 02:05:00+00:00,9.970000267028809,10.0,9.970000267028809,10.0,84090,0.0,0.0
2024-07-19 02:10:00+00:00,10.0,10.0,9.979999542236328,9.979999542236328,77000,0.0,0.0
2024-07-19 02:15:00+00:00,9.979999542236328,9.979999542236328,9.970000267028809,9.970000267028809,24300,0.0,0.0
2024-07-19 02:20:00+00:00,9.970000267028809,9.979999542236328,9.970000267028809,9.970000267028809,61000,0.0,0.0
2024-07-19 02:25:00+00:00,9.979999542236328,10.0,9.960000038146973,9.970000267028809,117680,0.0,0.0
2024-07-19 02:30:00+00:00,9.970000267028809,9.979999542236328,9.970000267028809,9.979999542236328,11055,0.0,0.0
2024-07-19 02:35:00+00:00,9.979999542236328,9.989999771118164,9.979999542236328,9.989999771118164,28050,0.0,0.0
2024-07-19 02:40:00+00:00,9.989999771118164,10.0,9.989999771118164,10.0,95440,0.0,0.0
2024-07-19 02:45:00+00:00,10.0,10.0,9.989999771118164,10.0,109021,0.0,0.0
2024-07-19 02:50:00+00:00,10.0,10.0,10.0,10.0,2030,0.0,0.0
2024-07-19 02:55:00+00:00,10.050000190734863,10.100000381469727,10.050000190734863,10.050000190734863,252520,0.0,0.0
2024-07-19 03:00:00+00:00,10.050000190734863,10.100000381469727,10.050000190734863,10.100000381469727,38160,0.0,0.0
2024-07-19 03:05:00+00:00,10.100000381469727,10.100000381469727,10.050000190734863,10.050000190734863,5700,0.0,0.0
2024-07-19 03:10:00+00:00,10.100000381469727,10.100000381469727,10.050000190734863,10.100000381469727,26250,0.0,0.0
2024-07-19 03:15:00+00:00,10.100000381469727,10.100000381469727,10.050000190734863,10.050000190734863,30800,0.0,0.0
2024-07-19 03:20:00+00:00,10.050000190734863,10.050000190734863,10.050000190734863,10.050000190734863,27036,0.0,0.0
2024-07-19 03:25:00+00:00,10.050000190734863,10.100000381469727,10.050000190734863,10.100000381469727,37908,0.0,0.0
2024-07-19 03:30:00+00:00,10.050000190734863,10.100000381469727,10.050000190734863,10.100000381469727,3049,0.0,0.0
2024-07-19 03:35:00+00:00,10.050000190734863,10.100000381469727,10.050000190734863,10.100000381469727,41770,0.0,0.0
2024-07-19 03:40:00+00:00,10.050000190734863,10.050000190734863,10.050000190734863,10.050000190734863,5000,0.0,0.0
2024-07-19 03:45:00+00:00,10.100000381469727,10.100000381469727,10.050000190734863,10.100000381469727,31265,0.0,0.0
2024-07-19 03:50:00+00:00,10.050000190734863,10.050000190734863,10.050000190734863,10.050000190734863,13000,0.0,0.0
2024-07-19 03:55:00+00:00,10.050000190734863,10.050000190734863,10.050000190734863,10.050000190734863,57011,0.0,0.0
2024-07-19 04:00:00+00:00,10.050000190734863,10.149999618530273,10.050000190734863,10.149999618530273,801200,0.0,0.0
2024-07-19 04:05:00+00:00,10.149999618530273,10.449999809265137,10.149999618530273,10.350000381469727,4094052,0.0,0.0
2024-07-19 04:10:00+00:00,10.350000381469727,10.399999618530273,10.300000190734863,10.350000381469727,503350,0.0,0.0
2024-07-19 04:15:00+00:00,10.350000381469727,10.649999618530273,10.300000190734863,10.600000381469727,3100511,0.0,0.0
2024-07-19 04:20:00+00:00,10.600000381469727,10.649999618530273,10.449999809265137,10.449999809265137,1104789,0.0,0.0
2024-07-19 04:25:00+00:00,10.449999809265137,10.5,10.449999809265137,10.449999809265137,334856,0.0,0.0
2024-07-19 04:30:00+00:00,10.449999809265137,10.449999809265137,10.350000381469727,10.350000381469727,320291,0.0,0.0
2024-07-19 04:35:00+00:00,10.350000381469727,10.399999618530273,10.350000381469727,10.350000381469727,196810,0.0,0.0
2024-07-19 04:40:00+00:00,10.350000381469727,10.350000381469727,10.300000190734863,10.350000381469727,141160,0.0,0.0
2024-07-19 04:45:00+00:00,10.350000381469727,10.449999809265137,10.350000381469727,10.399999618530273,342468,0.0,0.0
2024-07-19 04:50:00+00:00,10.399999618530273,10.399999618530273,10.350000381469727,10.399999618530273,192560,0.0,0.0
2024-07-19 04:55:00+00:00,10.399999618530273,10.399999618530273,10.350000381469727,10.350000381469727,201932,0.0,0.0
2024-07-19 05:00:00+00:00,10.350000381469727,10.399999618530273,10.300000190734863,10.350000381469727,240858,0.0,0.0
2024-07-19 05:05:00+00:00,10.300000190734863,10.350000381469727,10.300000190734863,10.300000190734863,97667,0.0,0.0
2024-07-19 05:10:00+00:00,10.300000190734863,10.350000381469727,10.300000190734863,10.300000190734863,130640,0.0,0.0
2024-07-19 05:15:00+00:00,10.300000190734863,10.399999618530273,10.300000190734863,10.399999618530273,336460,0.0,0.0
2024-07-19 05:20:00+00:00,10.399999618530273,10.449999809265137,10.25,10.300000190734863,868717,0.0,0.0
2024-07-22 01:00:00+00:00,10.350000381469727,10.449999809265137,10.300000190734863,10.399999618530273,0,0.0,0.0
2024-07-22 01:05:00+00:00,10.399999618530273,10.449999809265137,10.25,10.300000190734863,711640,0.0,0.0
2024-07-22 01:10:00+00:00,10.300000190734863,10.300000190734863,10.149999618530273,10.199999809265137,768216,0.0,0.0
2024-07-22 01:15:00+00:00,10.199999809265137,10.25,10.199999809265137,10.199999809265137,170880,0.0,0.0
2024-07-22 01:20:00+00:00,10.199999809265137,10.25,10.199999809265137,10.25,146264,0.0,0.0
2024-07-22 01:25:00+00:00,10.25,10.25,10.100000381469727,10.199999809265137,696795,0.0,0.0
2024-07-22 01:30:00+00:00,10.199999809265137,10.25,10.199999809265137,10.199999809265137,113527,0.0,0.0
2024-07-22 01:35:00+00:00,10.199999809265137,10.199999809265137,10.149999618530273,10.199999809265137,121200,0.0,0.0
2024-07-22 01:40:00+00:00,10.199999809265137,10.25,10.199999809265137,10.25,140010,0.0,0.0
2024-07-22 01:45:00+00:00,10.25,10.300000190734863,10.25,10.25,446410,0.0,0.0
2024-07-22 01:50:00+00:00,10.199999809265137,10.25,10.149999618530273,10.199999809265137,66441,0.0,0.0
2024-07-22 01:55:00+00:00,10.149999618530273,10.199999809265137,10.149999618530273,10.149999618530273,88000,0.0,0.0
2024-07-22 02:00:00+00:00,10.149999618530273,10.149999618530273,10.100000381469727,10.100000381469727,88370,0.0,0.0
2024-07-22 02:05:00+00:00,10.149999618530273,10.199999809265137,10.149999618530273,10.149999618530273,53000,0.0,0.0
2024-07-22 02:10:00+00:00,10.199999809265137,10.199999809265137,10.100000381469727,10.199999809265137,176509,0.0,0.0
2024-07-22 02:15:00+00:00,10.149999618530273,10.149999618530273,10.100000381469727,10.100000381469727,136222,0.0,0.0
2024-07-22 02:20:00+00:00,10.100000381469727,10.199999809265137,10.100000381469727,10.199999809265137,316040,0.0,0.0
2024-07-22 02:25:00+00:00,10.149999618530273,10.199999809265137,10.100000381469727,10.149999618530273,78200,0.0,0.0
2024-07-22 02:30:00+00:00,10.149999618530273,10.199999809265137,10.149999618530273,10.199999809265137,163775,0.0,0.0
2024-07-22 02:35:00+00:00,10.199999809265137,10.199999809265137,10.199999809265137,10.199999809265137,179288,0.0,0.0
2024-07-22 02:40:00+00:00,10.25,10.25,10.199999809265137,10.199999809265137,37000,0.0,0.0
2024-07-22 02:45:00+00:00,10.199999809265137,10.25,10.199999809265137,10.25,39200,0.0,0.0
2024-07-22 02:50:00+00:00,10.199999809265137,10.199999809265137,10.149999618530273,10.199999809265137,33220,0.0,0.0
2024-07-22 02:55:00+00:00,10.149999618530273,10.25,10.149999618530273,10.199999809265137,13067,0.0,0.0
2024-07-22 03:00:00+00:00,10.199999809265137,10.199999809265137,10.199999809265137,10.199999809265137,74000,0.0,0.0
2024-07-22 03:05:00+00:00,10.25,10.300000190734863,10.199999809265137,10.25,117000,0.0,0.0
2024-07-22 03:10:00+00:00,10.25,10.300000190734863,10.199999809265137,10.199999809265137,106130,0.0,0.0
2024-07-22 03:15:00+00:00,10.199999809265137,10.300000190734863,10.199999809265137,10.300000190734863,23500,0.0,0.0
2024-07-22 03:20:00+00:00,10.25,10.25,10.199999809265137,10.199999809265137,13330,0.0,0.0
2024-07-22 03:25:00+00:00,10.199999809265137,10.25,10.199999809265137,10.25,85104,0.0,0.0
2024-07-22 03:30:00+00:00,10.199999809265137,10.199999809265137,10.199999809265137,10.199999809265137,42000,0.0,0.0
2024-07-22 03:35:00+00:00,10.199999809265137,10.199999809265137,10.149999618530273,10.149999618530273,6000,0.0,0.0
2024-07-22 03:40:00+00:00,10.199999809265137,10.199999809265137,10.149999618530273,10.149999618530273,38000,0.0,0.0
2024-07-22 03:45:00+00:00,10.149999618530273,10.199999809265137,10.149999618530273,10.199999809265137,17553,0.0,0.0
2024-07-22 03:50:00+00:00,10.199999809265137,10.199999809265137,10.149999618530273,10.149999618530273,66200,0.0,0.0
2024-07-22 03:55:00+00:00,10.149999618530273,10.199999809265137,10.149999618530273,10.149999618530273,93000,0.0,0.0
2024-07-22 04:00:00+00:00,10.199999809265137,10.199999809265137,10.149999618530273,10.149999618530273,6000,0.0,0.0
2024-07-22 04:05:00+00:00,10.199999809265137,10.199999809265137,10.199999809265137,10.199999809265137,132178,0.0,0.0
2024-07-22 04:10:00+00:00,10.149999618530273,10.199999809265137,10.149999618530273,10.199999809265137,50140,0.0,0.0
2024-07-22 04:15:00+00:00,10.199999809265137,10.25,10.199999809265137,10.199999809265137,122729,0.0,0.0
2024-07-22 04:20:00+00:00,10.199999809265137,10.199999809265137,10.199999809265137,10.199999809265137,16000,0.0,0.0
2024-07-22 04:25:00+00:00,10.199999809265137,10.199999809265137,10.199999809265137,10.199999809265137,32355,0.0,0.0
2024-07-22 04:30:00+00:00,10.25,10.25,10.199999809265137,10.199999809265137,8100,0.0,0.0
2024-07-22 04:35:00+00:00,10.199999809265137,10.199999809265137,10.149999618530273,10.199999809265137,22000,0.0,0.0
2024-07-22 04:40:00+00:00,10.149999618530273,10.199999809265137,10.149999618530273,10.199999809265137,36244,0.0,0.0
2024-07-22 04:45:00+00:00,10.199999809265137,10.199999809265137,10.149999618530273,10.199999809265137,22050,0.0,0.0
2024-07-22 04:50:00+00:00,10.149999618530273,10.199999809265137,10.149999618530273,10.149999618530273,41100,0.0,0.0
2024-07-22 04:55:00+00:00,10.199999809265137,10.199999809265137,10.199999809265137,10.199999809265137,29250,0.0,0.0
2024-07-22 05:00:00+00:00,10.199999809265137,10.25,10.149999618530273,10.199999809265137,52581,0.0,0.0
2024-07-22 05:05:00+00:00,10.199999809265137,10.25,10.199999809265137,10.199999809265137,176114,0.0,0.0
2024-07-22 05:10:00+00:00,10.199999809265137,10.199999809265137,10.149999618530273,10.199999809265137,108500,0.0,0.0
2024-07-22 05:15:00+00:00,10.149999618530273,10.199999809265137,10.149999618530273,10.199999809265137,22054,0.0,0.0
2024-07-22 05:20:00+00:00,10.149999618530273,10.199999809265137,10.100000381469727,10.149999618530273,324500,0.0,0.0
2024-07-23 01:00:00+00:00,10.25,10.399999618530273,10.25,10.399999618530273,538000,0.0,0.0
2024-07-23 01:05:00+00:00,10.399999618530273,10.449999809265137,10.350000381469727,10.350000381469727,550569,0.0,0.0
2024-07-23 01:10:00+00:00,10.350000381469727,10.399999618530273,10.300000190734863,10.350000381469727,312040,0.0,0.0
2024-07-23 01:15:00+00:00,10.350000381469727,10.399999618530273,10.350000381469727,10.350000381469727,290305,0.0,0.0
2024-07-23 01:20:00+00:00,10.399999618530273,10.399999618530273,10.300000190734863,10.300000190734863,137200,0.0,0.0
2024-07-23 01:25:00+00:00,10.350000381469727,10.350000381469727,10.300000190734863,10.300000190734863,31000,0.0,0.0
2024-07-23 01:30:00+00:00,10.300000190734863,10.350000381469727,10.300000190734863,10.350000381469727,30350,0.0,0.0
2024-07-23 01:35:00+00:00,10.350000381469727,10.399999618530273,10.350000381469727,10.350000381469727,767000,0.0,0.0
2024-07-23 01:40:00+00:00,10.350000381469727,10.399999618530273,10.300000190734863,10.300000190734863,208443,0.0,0.0
2024-07-23 01:45:00+00:00,10.350000381469727,10.350000381469727,10.300000190734863,10.300000190734863,13103,0.0,0.0
2024-07-23 01:50:00+00:00,10.300000190734863,10.300000190734863,10.300000190734863,10.300000190734863,41021,0.0,0.0
2024-07-23 01:55:00+00:00,10.300000190734863,10.350000381469727,10.300000190734863,10.350000381469727,26500,0.0,0.0
2024-07-23 02:00:00+00:00,10.350000381469727,10.399999618530273,10.350000381469727,10.350000381469727,448624,0.0,0.0
2024-07-23 02:05:00+00:00,10.350000381469727,10.399999618530273,10.350000381469727,10.350000381469727,158300,0.0,0.0
2024-07-23 02:10:00+00:00,10.350000381469727,10.399999618530273,10.350000381469727,10.399999618530273,47080,0.0,0.0
2024-07-23 02:15:00+00:00,10.350000381469727,10.350000381469727,10.350000381469727,10.350000381469727,2600,0.0,0.0
2024-07-23 02:20:00+00:00,10.350000381469727,10.350000381469727,10.350000381469727,10.350000381469727,65058,0.0,0.0
2024-07-23 02:25:00+00:00,10.350000381469727,10.350000381469727,10.350000381469727,10.350000381469727,52211,0.0,0.0
2024-07-23 02:30:00+00:00,10.350000381469727,10.350000381469727,10.300000190734863,10.300000190734863,12000,0.0,0.0
2024-07-23 02:35:00+00:00,10.300000190734863,10.350000381469727,10.300000190734863,10.350000381469727,25245,0.0,0.0
2024-07-23 02:40:00+00:00,10.350000381469727,10.350000381469727,10.25,10.25,510110,0.0,0.0
2024-07-23 02:45:00+00:00,10.25,10.25,10.25,10.25,29000,0.0,0.0
2024-07-23 02:50:00+00:00,10.25,10.300000190734863,10.25,10.25,14000,0.0,0.0
2024-07-23 02:55:00+00:00,10.25,10.25,10.25,10.25,3000,0.0,0.0
2024-07-23 03:00:00+00:00,10.25,10.300000190734863,10.25,10.300000190734863,2000,0.0,0.0
2024-07-23 03:05:00+00:00,10.300000190734863,10.300000190734863,10.25,10.25,8000,0.0,0.0
2024-07-23 03:10:00+00:00,10.25,10.300000190734863,10.25,10.300000190734863,48000,0.0,0.0
2024-07-23 03:15:00+00:00,10.25,10.25,10.25,10.25,1000,0.0,0.0
2024-07-23 03:20:00+00:00,10.25,10.25,10.25,10.25,28140,0.0,0.0
2024-07-23 03:25:00+00:00,10.25,10.25,10.25,10.25,31466,0.0,0.0
2024-07-23 03:30:00+00:00,10.25,10.25,10.25,10.25,6000,0.0,0.0
2024-07-23 03:35:00+00:00,10.300000190734863,10.300000190734863,10.300000190734863,10.300000190734863,5000,0.0,0.0
2024-07-23 03:40:00+00:00,10.25,10.25,10.25,10.25,47206,0.0,0.0
2024-07-23 03:45:00+00:00,10.25,10.25,10.25,10.25,3701,0.0,0.0
2024-07-23 03:50:00+00:00,10.25,10.25,10.199999809265137,10.199999809265137,6000,0.0,0.0
2024-07-23 03:55:00+00:00,10.25,10.25,10.199999809265137,10.199999809265137,51000,0.0,0.0
2024-07-23 04:00:00+00:00,10.199999809265137,10.25,10.199999809265137,10.25,21955,0.0,0.0
2024-07-23 04:05:00+00:00,10.25,10.25,10.25,10.25,49000,0.0,0.0
2024-07-23 04:10:00+00:00,10.300000190734863,10.300000190734863,10.25,10.25,15000,0.0,0.0
2024-07-23 04:15:00+00:00,10.25,10.25,10.25,10.25,44120,0.0,0.0
2024-07-23 04:20:00+00:00,10.25,10.25,10.25,10.25,15245,0.0,0.0
2024-07-23 04:25:00+00:00,10.25,10.300000190734863,10.25,10.25,20457,0.0,0.0
2024-07-23 04:30:00+00:00,10.25,10.300000190734863,10.25,10.25,41120,0.0,0.0
2024-07-23 04:35:00+00:00,10.25,10.25,10.25,10.25,7000,0.0,0.0
2024-07-23 04:40:00+00:00,10.25,10.25,10.25,10.25,5200,0.0,0.0
2024-07-23 04:45:00+00:00,10.300000190734863,10.300000190734863,10.25,10.25,9000,0.0,0.0
2024-07-23 04:50:00+00:00,10.25,10.300000190734863,10.25,10.300000190734863,8287,0.0,0.0
2024-07-23 04:55:00+00:00,10.300000190734863,10.300000190734863,10.25,10.25,25187,0.0,0.0
2024-07-23 05:00:00+00:00,10.25,10.25,10.25,10.25,16049,0.0,0.0
2024-07-23 05:05:00+00:00,10.25,10.25,10.25,10.25,88400,0.0,0.0
2024-07-23 05:10:00+00:00,10.25,10.25,10.25,10.25,10000,0.0,0.0
2024-07-23 05:15:00+00:00,10.25,10.25,10.25,10.25,12000,0.0,0.0
2024-07-23 05:20:00+00:00,10.25,10.25,10.199999809265137,10.25,35500,0.0,0.0
2024-07-26 01:00:00+00:00,10.149999618530273,10.149999618530273,10.0,10.100000381469727,0,0.0,0.0
2024-07-26 01:05:00+00:00,10.100000381469727,10.149999618530273,10.050000190734863,10.100000381469727,95516,0.0,0.0
2024-07-26 01:10:00+00:00,10.100000381469727,10.100000381469727,10.100000381469727,10.100000381469727,34150,0.0,0.0
2024-07-26 01:15:00+00:00,10.100000381469727,10.149999618530273,10.100000381469727,10.149999618530273,21367,0.0,0.0
2024-07-26 01:20:00+00:00,10.149999618530273,10.25,10.149999618530273,10.25,126120,0.0,0.0
2024-07-26 01:25:00+00:00,10.25,10.25,10.149999618530273,10.25,163000,0.0,0.0
2024-07-26 01:30:00+00:00,10.199999809265137,10.199999809265137,10.149999618530273,10.149999618530273,81430,0.0,0.0
2024-07-26 01:35:00+00:00,10.149999618530273,10.199999809265137,10.100000381469727,10.149999618530273,25478,0.0,0.0
2024-07-26 01:40:00+00:00,10.149999618530273,10.149999618530273,10.100000381469727,10.100000381469727,29199,0.0,0.0
2024-07-26 01:45:00+00:00,10.100000381469727,10.100000381469727,10.050000190734863,10.050000190734863,192000,0.0,0.0
2024-07-26 01:50:00+00:00,10.050000190734863,10.050000190734863,10.050000190734863,10.050000190734863,21290,0.0,0.0
2024-07-26 02:00:00+00:00,10.100000381469727,10.100000381469727,10.100000381469727,10.100000381469727,5200,0.0,0.0
2024-07-26 02:05:00+00:00,10.100000381469727,10.100000381469727,10.050000190734863,10.100000381469727,132682,0.0,0.0
2024-07-26 02:10:00+00:00,10.100000381469727,10.100000381469727,10.100000381469727,10.100000381469727,7578,0.0,0.0
2024-07-26 02:15:00+00:00,10.100000381469727,10.149999618530273,10.100000381469727,10.149999618530273,10020,0.0,0.0
2024-07-26 02:20:00+00:00,10.149999618530273,10.149999618530273,10.149999618530273,10.149999618530273,1345,0.0,0.0
2024-07-26 02:30:00+00:00,10.149999618530273,10.149999618530273,10.149999618530273,10.149999618530273,2002,0.0,0.0
2024-07-26 02:35:00+00:00,10.100000381469727,10.100000381469727,10.100000381469727,10.100000381469727,14195,0.0,0.0
2024-07-26 02:45:00+00:00,10.100000381469727,10.100000381469727,10.100000381469727,10.100000381469727,12011,0.0,0.0
2024-07-26 02:50:00+00:00,10.149999618530273,10.149999618530273,10.149999618530273,10.149999618530273,10110,0.0,0.0
2024-07-26 02:55:00+00:00,10.149999618530273,10.149999618530273,10.149999618530273,10.149999618530273,3000,0.0,0.0
2024-07-26 03:00:00+00:00,10.149999618530273,10.149999618530273,10.100000381469727,10.100000381469727,4042,0.0,0.0
2024-07-26 03:05:00+00:00,10.149999618530273,10.149999618530273,10.149999618530273,10.149999618530273,5258,0.0,0.0
2024-07-26 03:10:00+00:00,10.100000381469727,10.149999618530273,10.100000381469727,10.100000381469727,5098,0.0,0.0
2024-07-26 03:15:00+00:00,10.100000381469727,10.100000381469727,10.100000381469727,10.100000381469727,15002,0.0,0.0
2024-07-26 03:20:00+00:00,10.149999618530273,10.149999618530273,10.149999618530273,10.149999618530273,1025,0.0,0.0
2024-07-26 03:25:00+00:00,10.149999618530273,10.149999618530273,10.100000381469727,10.100000381469727,11000,0.0,0.0
2024-07-26 03:30:00+00:00,10.100000381469727,10.100000381469727,10.100000381469727,10.100000381469727,6050,0.0,0.0
2024-07-26 03:35:00+00:00,10.100000381469727,10.100000381469727,10.100000381469727,10.100000381469727,246127,0.0,0.0
2024-07-26 03:40:00+00:00,10.100000381469727,10.149999618530273,10.050000190734863,10.149999618530273,13010,0.0,0.0
2024-07-26 03:45:00+00:00,10.050000190734863,10.149999618530273,10.050000190734863,10.149999618530273,18014,0.0,0.0
2024-07-26 03:50:00+00:00,10.149999618530273,10.149999618530273,10.149999618530273,10.149999618530273,1152,0.0,0.0
2024-07-26 03:55:00+00:00,10.149999618530273,10.149999618530273,10.100000381469727,10.100000381469727,21000,0.0,0.0
2024-07-26 04:00:00+00:00,10.100000381469727,10.100000381469727,10.100000381469727,10.100000381469727,6000,0.0,0.0
2024-07-26 04:05:00+00:00,10.100000381469727,10.100000381469727,10.100000381469727,10.100000381469727,15000,0.0,0.0
2024-07-26 04:10:00+00:00,10.149999618530273,10.149999618530273,10.149999618530273,10.149999618530273,5000,0.0,0.0
2024-07-26 04:15:00+00:00,10.149999618530273,10.149999618530273,10.149999618530273,10.149999618530273,5000,0.0,0.0
2024-07-26 04:20:00+00:00,10.149999618530273,10.149999618530273,10.149999618530273,10.149999618530273,15200,0.0,0.0
2024-07-26 04:25:00+00:00,10.149999618530273,10.149999618530273,10.100000381469727,10.100000381469727,10200,0.0,0.0
2024-07-26 04:30:00+00:00,10.100000381469727,10.199999809265137,10.100000381469727,10.199999809265137,150015,0.0,0.0
2024-07-26 04:35:00+00:00,10.199999809265137,10.199999809265137,10.199999809265137,10.199999809265137,118180,0.0,0.0
2024-07-26 04:40:00+00:00,10.199999809265137,10.199999809265137,10.199999809265137,10.199999809265137,8100,0.0,0.0
2024-07-26 04:45:00+00:00,10.199999809265137,10.199999809265137,10.199999809265137,10.199999809265137,11190,0.0,0.0
2024-07-26 04:50:00+00:00,10.199999809265137,10.199999809265137,10.199999809265137,10.199999809265137,50100,0.0,0.0
2024-07-26 04:55:00+00:00,10.199999809265137,10.25,10.199999809265137,10.25,79880,0.0,0.0
2024-07-26 05:00:00+00:00,10.199999809265137,10.25,10.199999809265137,10.199999809265137,49250,0.0,0.0
2024-07-26 05:05:00+00:00,10.199999809265137,10.25,10.199999809265137,10.199999809265137,90250,0.0,0.0
2024-07-26 05:10:00+00:00,10.199999809265137,10.199999809265137,10.149999618530273,10.149999618530273,47000,0.0,0.0
2024-07-26 05:15:00+00:00,10.149999618530273,10.199999809265137,10.149999618530273,10.149999618530273,42100,0.0,0.0
2024-07-26 05:20:00+00:00,10.149999618530273,10.199999809265137,10.100000381469727,10.199999809265137,89100,0.0,0.0
2024-07-29 01:00:00+00:00,10.300000190734863,10.300000190734863,10.149999618530273,10.25,0,0.0,0.0
2024-07-29 01:05:00+00:00,10.25,10.25,10.25,10.25,59486,0.0,0.0
2024-07-29 01:10:00+00:00,10.25,10.25,10.199999809265137,10.199999809265137,8076,0.0,0.0
2024-07-29 01:15:00+00:00,10.199999809265137,10.199999809265137,10.199999809265137,10.199999809265137,7000,0.0,0.0
2024-07-29 01:20:00+00:00,10.199999809265137,10.199999809265137,10.199999809265137,10.199999809265137,37000,0.0,0.0
2024-07-29 01:25:00+00:00,10.199999809265137,10.25,10.199999809265137,10.25,8300,0.0,0.0
2024-07-29 01:30:00+00:00,10.25,10.25,10.199999809265137,10.199999809265137,15200,0.0,0.0
2024-07-29 01:35:00+00:00,10.199999809265137,10.300000190734863,10.199999809265137,10.300000190734863,108100,0.0,0.0
2024-07-29 01:40:00+00:00,10.300000190734863,10.300000190734863,10.25,10.25,64100,0.0,0.0
2024-07-29 01:45:00+00:00,10.25,10.25,10.25,10.25,15000,0.0,0.0
2024-07-29 01:50:00+00:00,10.25,10.300000190734863,10.199999809265137,10.300000190734863,100000,0.0,0.0
2024-07-29 01:55:00+00:00,10.300000190734863,10.300000190734863,10.300000190734863,10.300000190734863,4000,0.0,0.0
2024-07-29 02:00:00+00:00,10.25,10.25,10.25,10.25,133000,0.0,0.0
2024-07-29 02:05:00+00:00,10.25,10.25,10.25,10.25,5285,0.0,0.0
2024-07-29 02:10:00+00:00,10.199999809265137,10.199999809265137,10.199999809265137,10.199999809265137,104103,0.0,0.0
2024-07-29 02:15:00+00:00,10.199999809265137,10.199999809265137,10.149999618530273,10.199999809265137,13000,0.0,0.0
2024-07-29 02:20:00+00:00,10.199999809265137,10.199999809265137,10.199999809265137,10.199999809265137,10952,0.0,0.0
2024-07-29 02:30:00+00:00,10.199999809265137,10.199999809265137,10.199999809265137,10.199999809265137,10004,0.0,0.0
2024-07-29 02:35:00+00:00,10.199999809265137,10.199999809265137,10.149999618530273,10.199999809265137,26000,0.0,0.0
2024-07-29 02:40:00+00:00,10.199999809265137,10.199999809265137,10.199999809265137,10.199999809265137,4300,0.0,0.0
2024-07-29 02:45:00+00:00,10.199999809265137,10.199999809265137,10.149999618530273,10.149999618530273,309447,0.0,0.0
2024-07-29 02:50:00+00:00,10.149999618530273,10.149999618530273,10.100000381469727,10.149999618530273,13000,0.0,0.0
2024-07-29 02:55:00+00:00,10.149999618530273,10.149999618530273,10.149999618530273,10.149999618530273,15000,0.0,0.0
2024-07-29 03:00:00+00:00,10.149999618530273,10.149999618530273,10.149999618530273,10.149999618530273,12000,0.0,0.0
2024-07-29 03:05:00+00:00,10.149999618530273,10.149999618530273,10.100000381469727,10.149999618530273,15200,0.0,0.0
2024-07-29 03:10:00+00:00,10.149999618530273,10.149999618530273,10.149999618530273,10.149999618530273,26000,0.0,0.0
2024-07-29 03:15:00+00:00,10.149999618530273,10.199999809265137,10.100000381469727,10.199999809265137,57000,0.0,0.0
2024-07-29 03:20:00+00:00,10.199999809265137,10.199999809265137,10.199999809265137,10.199999809265137,4075,0.0,0.0
2024-07-29 03:25:00+00:00,10.199999809265137,10.199999809265137,10.199999809265137,10.199999809265137,5000,0.0,0.0
2024-07-29 03:30:00+00:00,10.199999809265137,10.199999809265137,10.199999809265137,10.199999809265137,10054,0.0,0.0
2024-07-29 03:35:00+00:00,10.199999809265137,10.199999809265137,10.149999618530273,10.199999809265137,3000,0.0,0.0
2024-07-29 03:40:00+00:00,10.199999809265137,10.199999809265137,10.149999618530273,10.199999809265137,15100,0.0,0.0
2024-07-29 03:45:00+00:00,10.149999618530273,10.149999618530273,10.149999618530273,10.149999618530273,12000,0.0,0.0
2024-07-29 03:50:00+00:00,10.149999618530273,10.149999618530273,10.149999618530273,10.149999618530273,5000,0.0,0.0
2024-07-29 03:55:00+00:00,10.149999618530273,10.149999618530273,10.149999618530273,10.149999618530273,36000,0.0,0.0
2024-07-29 04:00:00+00:00,10.149999618530273,10.149999618530273,10.100000381469727,10.149999618530273,12999,0.0,0.0
2024-07-29 04:05:00+00:00,10.149999618530273,10.149999618530273,10.149999618530273,10.149999618530273,9000,0.0,0.0
2024-07-29 04:10:00+00:00,10.149999618530273,10.149999618530273,10.149999618530273,10.149999618530273,3000,0.0,0.0
2024-07-29 04:15:00+00:00,10.149999618530273,10.199999809265137,10.149999618530273,10.199999809265137,6000,0.0,0.0
2024-07-29 04:20:00+00:00,10.149999618530273,10.149999618530273,10.149999618530273,10.149999618530273,38000,0.0,0.0
2024-07-29 04:25:00+00:00,10.149999618530273,10.149999618530273,10.149999618530273,10.149999618530273,4000,0.0,0.0
2024-07-29 04:30:00+00:00,10.149999618530273,10.149999618530273,10.100000381469727,10.149999618530273,22000,0.0,0.0
2024-07-29 04:35:00+00:00,10.149999618530273,10.149999618530273,10.149999618530273,10.149999618530273,5150,0.0,0.0
2024-07-29 04:40:00+00:00,10.100000381469727,10.149999618530273,10.100000381469727,10.149999618530273,17235,0.0,0.0
2024-07-29 04:45:00+00:00,10.149999618530273,10.149999618530273,10.149999618530273,10.149999618530273,1000,0.0,0.0
2024-07-29 04:50:00+00:00,10.100000381469727,10.149999618530273,10.100000381469727,10.100000381469727,116000,0.0,0.0
2024-07-29 04:55:00+00:00,10.100000381469727,10.149999618530273,10.100000381469727,10.149999618530273,36025,0.0,0.0
2024-07-29 05:00:00+00:00,10.100000381469727,10.100000381469727,10.100000381469727,10.100000381469727,20040,0.0,0.0
2024-07-29 05:05:00+00:00,10.100000381469727,10.149999618530273,10.100000381469727,10.149999618530273,11400,0.0,0.0
2024-07-29 05:10:00+00:00,10.100000381469727,10.149999618530273,10.100000381469727,10.149999618530273,22001,0.0,0.0
2024-07-29 05:15:00+00:00,10.149999618530273,10.149999618530273,10.100000381469727,10.100000381469727,37130,0.0,0.0
2024-07-29 05:20:00+00:00,10.100000381469727,10.149999618530273,10.100000381469727,10.149999618530273,59000,0.0,0.0
2024-07-30 01:00:00+00:00,10.149999618530273,10.149999618530273,10.149999618530273,10.149999618530273,80000,0.0,0.0
2024-07-30 01:05:00+00:00,10.149999618530273,10.149999618530273,10.149999618530273,10.149999618530273,29419,0.0,0.0
2024-07-30 01:10:00+00:00,10.149999618530273,10.149999618530273,10.149999618530273,10.149999618530273,35220,0.0,0.0
2024-07-30 01:15:00+00:00,10.149999618530273,10.149999618530273,10.149999618530273,10.149999618530273,18000,0.0,0.0
2024-07-30 01:20:00+00:00,10.100000381469727,10.100000381469727,10.100000381469727,10.100000381469727,20320,0.0,0.0
2024-07-30 01:25:00+00:00,10.100000381469727,10.100000381469727,10.050000190734863,10.050000190734863,197080,0.0,0.0
2024-07-30 01:30:00+00:00,10.050000190734863,10.100000381469727,10.050000190734863,10.050000190734863,54120,0.0,0.0
2024-07-30 01:35:00+00:00,10.050000190734863,10.100000381469727,10.050000190734863,10.100000381469727,5393,0.0,0.0
2024-07-30 01:40:00+00:00,10.050000190734863,10.050000190734863,10.050000190734863,10.050000190734863,2000,0.0,0.0
2024-07-30 01:45:00+00:00,10.050000190734863,10.050000190734863,10.050000190734863,10.050000190734863,165019,0.0,0.0
2024-07-30 01:50:00+00:00,10.050000190734863,10.050000190734863,10.0,10.0,375119,0.0,0.0
2024-07-30 01:55:00+00:00,10.050000190734863,10.050000190734863,10.0,10.050000190734863,89039,0.0,0.0
2024-07-30 02:00:00+00:00,10.050000190734863,10.050000190734863,10.050000190734863,10.050000190734863,13009,0.0,0.0
2024-07-30 02:05:00+00:00,10.050000190734863,10.050000190734863,10.050000190734863,10.050000190734863,8200,0.0,0.0
2024-07-30 02:10:00+00:00,10.050000190734863,10.050000190734863,10.050000190734863,10.050000190734863,5300,0.0,0.0
2024-07-30 02:15:00+00:00,10.050000190734863,10.100000381469727,10.050000190734863,10.100000381469727,130040,0.0,0.0
2024-07-30 02:25:00+00:00,10.050000190734863,10.050000190734863,10.050000190734863,10.050000190734863,10000,0.0,0.0
2024-07-30 02:30:00+00:00,10.050000190734863,10.050000190734863,10.050000190734863,10.050000190734863,17000,0.0,0.0
2024-07-30 02:35:00+00:00,10.050000190734863,10.050000190734863,10.050000190734863,10.050000190734863,6000,0.0,0.0
2024-07-30 02:40:00+00:00,10.050000190734863,10.050000190734863,10.050000190734863,10.050000190734863,5000,0.0,0.0
2024-07-30 02:45:00+00:00,10.050000190734863,10.050000190734863,10.050000190734863,10.050000190734863,6000,0.0,0.0
2024-07-30 02:50:00+00:00,10.050000190734863,10.050000190734863,10.050000190734863,10.050000190734863,7398,0.0,0.0
2024-07-30 02:55:00+00:00,10.050000190734863,10.050000190734863,10.050000190734863,10.050000190734863,61000,0.0,0.0
2024-07-30 03:00:00+00:00,10.050000190734863,10.050000190734863,10.050000190734863,10.050000190734863,52000,0.0,0.0
2024-07-30 03:05:00+00:00,10.050000190734863,10.050000190734863,10.050000190734863,10.050000190734863,5000,0.0,0.0
2024-07-30 03:10:00+00:00,10.050000190734863,10.050000190734863,10.050000190734863,10.050000190734863,2080,0.0,0.0
2024-07-30 03:15:00+00:00,10.050000190734863,10.050000190734863,10.050000190734863,10.050000190734863,6000,0.0,0.0
2024-07-30 03:20:00+00:00,10.050000190734863,10.100000381469727,10.050000190734863,10.100000381469727,11010,0.0,0.0
2024-07-30 03:30:00+00:00,10.100000381469727,10.100000381469727,10.100000381469727,10.100000381469727,619000,0.0,0.0
2024-07-30 03:35:00+00:00,10.100000381469727,10.100000381469727,10.100000381469727,10.100000381469727,1590,0.0,0.0
2024-07-30 03:40:00+00:00,10.100000381469727,10.100000381469727,10.100000381469727,10.100000381469727,1000,0.0,0.0
2024-07-30 03:45:00+00:00,10.100000381469727,10.100000381469727,10.100000381469727,10.100000381469727,18100,0.0,0.0
2024-07-30 03:50:00+00:00,10.100000381469727,10.100000381469727,10.100000381469727,10.100000381469727,1000,0.0,0.0
2024-07-30 04:05:00+00:00,10.100000381469727,10.100000381469727,10.100000381469727,10.100000381469727,11024,0.0,0.0
2024-07-30 04:10:00+00:00,10.100000381469727,10.100000381469727,10.100000381469727,10.100000381469727,1010,0.0,0.0
2024-07-30 04:15:00+00:00,10.100000381469727,10.100000381469727,10.100000381469727,10.100000381469727,52258,0.0,0.0
2024-07-30 04:30:00+00:00,10.100000381469727,10.100000381469727,10.100000381469727,10.100000381469727,2408,0.0,0.0
2024-07-30 04:45:00+00:00,10.149999618530273,10.149999618530273,10.100000381469727,10.100000381469727,6999,0.0,0.0
2024-07-30 04:55:00+00:00,10.100000381469727,10.149999618530273,10.100000381469727,10.100000381469727,22510,0.0,0.0
2024-07-30 05:00:00+00:00,10.100000381469727,10.199999809265137,10.100000381469727,10.199999809265137,147676,0.0,0.0
2024-07-30 05:05:00+00:00,10.199999809265137,10.199999809265137,10.199999809265137,10.199999809265137,5149,0.0,0.0
2024-07-30 05:10:00+00:00,10.149999618530273,10.149999618530273,10.100000381469727,10.149999618530273,29000,0.0,0.0
2024-07-30 05:15:00+00:00,10.149999618530273,10.149999618530273,10.149999618530273,10.149999618530273,47000,0.0,0.0
2024-07-30 05:20:00+00:00,10.199999809265137,10.199999809265137,10.149999618530273,10.199999809265137,59099,0.0,0.0
